{
"type": "FeatureCollection",
"name": "add_coastline_rock_against_ice_shelf",
"crs": { "type": "name", "properties": { "name": "urn:ogc:def:crs:OGC:1.3:CRS84" } },
"features": [
{ "type": "Feature", "properties": { "surface": "rock against ice shelf" }, "geometry": { "type": "LineString", "coordinates": [ [ -146.519071169484988, -76.546022532233081 ], [ -146.517380226018815, -76.547505722780187 ] ] } },
{ "type": "Feature", "properties": { "surface": "rock against ice shelf" }, "geometry": { "type": "LineString", "coordinates": [ [ -146.516285448009086, -76.549510978881514 ], [ -146.511362494111637, -76.550014351921277 ] ] } },
{ "type": "Feature", "properties": { "surface": "rock against ice shelf" }, "geometry": { "type": "LineString", "coordinates": [ [ -100.556924354191793, -72.243745464144581 ], [ -100.573564601202122, -72.243689270154889 ] ] } },
{ "type": "Feature", "properties": { "surface": "rock against ice shelf" }, "geometry": { "type": "LineString", "coordinates": [ [ -102.271878913271692, -74.472533962213092 ], [ -102.345065961798696, -74.499911252984418 ] ] } },
{ "type": "Feature", "properties": { "surface": "rock against ice shelf" }, "geometry": { "type": "LineString", "coordinates": [ [ -110.444125213500342, -75.201909984307349 ], [ -110.461214071391964, -75.203059947647432 ] ] } },
{ "type": "Feature", "properties": { "surface": "rock against ice shelf" }, "geometry": { "type": "LineString", "coordinates": [ [ -136.533724086726181, -75.080128047534515 ], [ -136.531915416620734, -75.080348672451152 ] ] } },
{ "type": "Feature", "properties": { "surface": "rock against ice shelf" }, "geometry": { "type": "LineString", "coordinates": [ [ -95.21080974125563, -72.599832977674694 ], [ -95.199502003090942, -72.596518877885032 ] ] } },
{ "type": "Feature", "properties": { "surface": "rock against ice shelf" }, "geometry": { "type": "LineString", "coordinates": [ [ -95.22336551741536, -72.60336226285277 ], [ -95.214940069615395, -72.601221821443701 ] ] } },
{ "type": "Feature", "properties": { "surface": "rock against ice shelf" }, "geometry": { "type": "LineString", "coordinates": [ [ -95.234274375993778, -72.607975353263058 ], [ -95.232502728273332, -72.605872942238349 ] ] } },
{ "type": "Feature", "properties": { "surface": "rock against ice shelf" }, "geometry": { "type": "LineString", "coordinates": [ [ -136.498246970014122, -75.083187872629921 ], [ -136.470761846659968, -75.085952551108008 ] ] } },
{ "type": "Feature", "properties": { "surface": "rock against ice shelf" }, "geometry": { "type": "LineString", "coordinates": [ [ -136.701368632275944, -75.044269109068978 ], [ -136.702705615160426, -75.047500000406032 ] ] } },
{ "type": "Feature", "properties": { "surface": "rock against ice shelf" }, "geometry": { "type": "LineString", "coordinates": [ [ -136.699990882410873, -75.051425539562487 ], [ -136.700562871737816, -75.053551913167183 ] ] } },
{ "type": "Feature", "properties": { "surface": "rock against ice shelf" }, "geometry": { "type": "LineString", "coordinates": [ [ -136.560496870933861, -75.071597556259078 ], [ -136.539863189779993, -75.07873284739874 ] ] } },
{ "type": "Feature", "properties": { "surface": "rock against ice shelf" }, "geometry": { "type": "LineString", "coordinates": [ [ -96.176934293473721, -72.286400157119175 ], [ -96.162518471270303, -72.285969966370388 ] ] } },
{ "type": "Feature", "properties": { "surface": "rock against ice shelf" }, "geometry": { "type": "LineString", "coordinates": [ [ -96.245135245463288, -72.287158872784062 ], [ -96.2386799922064, -72.285739648790539 ] ] } },
{ "type": "Feature", "properties": { "surface": "rock against ice shelf" }, "geometry": { "type": "LineString", "coordinates": [ [ -95.954176123677854, -72.294841659029885 ], [ -95.932050231691392, -72.295179865742355 ] ] } },
{ "type": "Feature", "properties": { "surface": "rock against ice shelf" }, "geometry": { "type": "LineString", "coordinates": [ [ -95.989597456181144, -72.292853292140578 ], [ -95.972889840418034, -72.294051076610501 ] ] } },
{ "type": "Feature", "properties": { "surface": "rock against ice shelf" }, "geometry": { "type": "LineString", "coordinates": [ [ -96.071607392204612, -72.287267733399702 ], [ -96.055761847674773, -72.290084519146305 ] ] } },
{ "type": "Feature", "properties": { "surface": "rock against ice shelf" }, "geometry": { "type": "LineString", "coordinates": [ [ -126.104213015434382, -73.351796577846059 ], [ -126.131033281477485, -73.354341909848813 ] ] } },
{ "type": "Feature", "properties": { "surface": "rock against ice shelf" }, "geometry": { "type": "LineString", "coordinates": [ [ 165.316205876609644, -77.873572777458165 ], [ 165.287029937201282, -77.876831375131644 ] ] } },
{ "type": "Feature", "properties": { "surface": "rock against ice shelf" }, "geometry": { "type": "LineString", "coordinates": [ [ 169.347090749929663, -71.45163337915281 ], [ 169.319884550638221, -71.459164349120044 ] ] } },
{ "type": "Feature", "properties": { "surface": "rock against ice shelf" }, "geometry": { "type": "LineString", "coordinates": [ [ 162.99612172728996, -74.655476714912126 ], [ 163.00038628811248, -74.657726292647695 ] ] } },
{ "type": "Feature", "properties": { "surface": "rock against ice shelf" }, "geometry": { "type": "LineString", "coordinates": [ [ 163.003881473587086, -74.65886177382211 ], [ 163.004621126055326, -74.66030531060386 ] ] } },
{ "type": "Feature", "properties": { "surface": "rock against ice shelf" }, "geometry": { "type": "LineString", "coordinates": [ [ 163.002888651725755, -74.662613050818706 ], [ 162.998320222994494, -74.664113244082898 ] ] } },
{ "type": "Feature", "properties": { "surface": "rock against ice shelf" }, "geometry": { "type": "LineString", "coordinates": [ [ 162.997976093525068, -74.664367110833226 ], [ 162.994793126037308, -74.67189440816729 ] ] } },
{ "type": "Feature", "properties": { "surface": "rock against ice shelf" }, "geometry": { "type": "LineString", "coordinates": [ [ 160.942970296727282, -79.478649960892866 ], [ 160.951519523152967, -79.479829936155426 ] ] } },
{ "type": "Feature", "properties": { "surface": "rock against ice shelf" }, "geometry": { "type": "LineString", "coordinates": [ [ 159.782624652254839, -79.534996682017521 ], [ 159.792220966057158, -79.536722363461919 ] ] } },
{ "type": "Feature", "properties": { "surface": "rock against ice shelf" }, "geometry": { "type": "LineString", "coordinates": [ [ 167.248469504983632, -73.452282852849578 ], [ 167.272434188574067, -73.44931535567558 ] ] } },
{ "type": "Feature", "properties": { "surface": "rock against ice shelf" }, "geometry": { "type": "LineString", "coordinates": [ [ 167.232749749039357, -73.454517838519791 ], [ 167.242169528047896, -73.453115064281477 ] ] } },
{ "type": "Feature", "properties": { "surface": "rock against ice shelf" }, "geometry": { "type": "LineString", "coordinates": [ [ 159.830126596676195, -79.542888072441514 ], [ 159.842762309629222, -79.544239037786241 ] ] } },
{ "type": "Feature", "properties": { "surface": "rock against ice shelf" }, "geometry": { "type": "LineString", "coordinates": [ [ 160.133977546628813, -79.575577166962987 ], [ 160.143155845488707, -79.575590341296873 ] ] } },
{ "type": "Feature", "properties": { "surface": "rock against ice shelf" }, "geometry": { "type": "LineString", "coordinates": [ [ 159.797951356033536, -79.63691226733188 ], [ 159.79214239206371, -79.635161539020515 ] ] } },
{ "type": "Feature", "properties": { "surface": "rock against ice shelf" }, "geometry": { "type": "LineString", "coordinates": [ [ 159.803594930116674, -79.646308187913633 ], [ 159.803427806610586, -79.646083563491032 ] ] } },
{ "type": "Feature", "properties": { "surface": "rock against ice shelf" }, "geometry": { "type": "LineString", "coordinates": [ [ 162.949650627803436, -74.604632412829474 ], [ 162.956659391906157, -74.609812096290966 ] ] } },
{ "type": "Feature", "properties": { "surface": "rock against ice shelf" }, "geometry": { "type": "LineString", "coordinates": [ [ 162.844135840606128, -74.599753855171116 ], [ 162.85209181633266, -74.601582341303484 ] ] } },
{ "type": "Feature", "properties": { "surface": "rock against ice shelf" }, "geometry": { "type": "LineString", "coordinates": [ [ 162.880331383466853, -74.610466925118601 ], [ 162.886868304800743, -74.613074716244157 ] ] } },
{ "type": "Feature", "properties": { "surface": "rock against ice shelf" }, "geometry": { "type": "LineString", "coordinates": [ [ 162.988340321094313, -74.635725844968661 ], [ 162.990102703206787, -74.64562337968573 ] ] } },
{ "type": "Feature", "properties": { "surface": "rock against ice shelf" }, "geometry": { "type": "LineString", "coordinates": [ [ 162.996706787204147, -74.650274062485735 ], [ 162.996979159331858, -74.653591322723088 ] ] } },
{ "type": "Feature", "properties": { "surface": "rock against ice shelf" }, "geometry": { "type": "LineString", "coordinates": [ [ 153.523550785161746, -68.79649972315417 ], [ 153.500794661721955, -68.792934291225237 ] ] } },
{ "type": "Feature", "properties": { "surface": "rock against ice shelf" }, "geometry": { "type": "LineString", "coordinates": [ [ 161.074060795208482, -70.316948163458719 ], [ 161.072900874550186, -70.319544459277736 ] ] } },
{ "type": "Feature", "properties": { "surface": "rock against ice shelf" }, "geometry": { "type": "LineString", "coordinates": [ [ 167.584202708822801, -73.429745857749069 ], [ 167.585291027184894, -73.433306545442534 ] ] } },
{ "type": "Feature", "properties": { "surface": "rock against ice shelf" }, "geometry": { "type": "LineString", "coordinates": [ [ 162.394192525278584, -70.995463668123207 ], [ 162.411827256219453, -71.061973604762272 ] ] } },
{ "type": "Feature", "properties": { "surface": "rock against ice shelf" }, "geometry": { "type": "LineString", "coordinates": [ [ 167.390931041080961, -73.384395766214155 ], [ 167.392654906159436, -73.384020704034796 ] ] } },
{ "type": "Feature", "properties": { "surface": "rock against ice shelf" }, "geometry": { "type": "LineString", "coordinates": [ [ 167.469803636461904, -73.39559644796752 ], [ 167.470760120794012, -73.391668458515298 ] ] } },
{ "type": "Feature", "properties": { "surface": "rock against ice shelf" }, "geometry": { "type": "LineString", "coordinates": [ [ 167.433989008194629, -73.397703615986444 ], [ 167.43156470750867, -73.399649260554895 ] ] } },
{ "type": "Feature", "properties": { "surface": "rock against ice shelf" }, "geometry": { "type": "LineString", "coordinates": [ [ 167.424020092206263, -73.401464415674425 ], [ 167.423161081026763, -73.403777317268961 ] ] } },
{ "type": "Feature", "properties": { "surface": "rock against ice shelf" }, "geometry": { "type": "LineString", "coordinates": [ [ 167.318958424548526, -73.399189484588476 ], [ 167.33660858293274, -73.402263733373303 ] ] } },
{ "type": "Feature", "properties": { "surface": "rock against ice shelf" }, "geometry": { "type": "LineString", "coordinates": [ [ 167.290001957553784, -73.398930385366199 ], [ 167.301046023063407, -73.398712661970947 ] ] } },
{ "type": "Feature", "properties": { "surface": "rock against ice shelf" }, "geometry": { "type": "LineString", "coordinates": [ [ 162.993227187732373, -74.676145318792521 ], [ 162.987034904372479, -74.682651400400147 ] ] } },
{ "type": "Feature", "properties": { "surface": "rock against ice shelf" }, "geometry": { "type": "LineString", "coordinates": [ [ 162.814609051960673, -74.668863871593601 ], [ 162.818104532117701, -74.668376096581824 ] ] } },
{ "type": "Feature", "properties": { "surface": "rock against ice shelf" }, "geometry": { "type": "LineString", "coordinates": [ [ 162.986326784575766, -74.685289388867531 ], [ 162.992537181023522, -74.687411627951036 ] ] } },
{ "type": "Feature", "properties": { "surface": "rock against ice shelf" }, "geometry": { "type": "LineString", "coordinates": [ [ 163.002939074976126, -74.690682503358261 ], [ 163.00686499219097, -74.692127920321809 ] ] } },
{ "type": "Feature", "properties": { "surface": "rock against ice shelf" }, "geometry": { "type": "LineString", "coordinates": [ [ 163.032622208422879, -74.693399499792861 ], [ 163.055184009047082, -74.70642547743941 ] ] } },
{ "type": "Feature", "properties": { "surface": "rock against ice shelf" }, "geometry": { "type": "LineString", "coordinates": [ [ 163.906991926668439, -74.818791196418388 ], [ 163.911532247399805, -74.820452034850931 ] ] } },
{ "type": "Feature", "properties": { "surface": "rock against ice shelf" }, "geometry": { "type": "LineString", "coordinates": [ [ 163.826004622962387, -74.83090109906658 ], [ 163.837567990250648, -74.833065400830208 ] ] } },
{ "type": "Feature", "properties": { "surface": "rock against ice shelf" }, "geometry": { "type": "LineString", "coordinates": [ [ 163.946898166531611, -74.847347397295579 ], [ 163.923099676562913, -74.861170800967329 ] ] } },
{ "type": "Feature", "properties": { "surface": "rock against ice shelf" }, "geometry": { "type": "LineString", "coordinates": [ [ 161.875446781700873, -75.214747981267919 ], [ 161.923867671021128, -75.234523994458101 ] ] } },
{ "type": "Feature", "properties": { "surface": "rock against ice shelf" }, "geometry": { "type": "LineString", "coordinates": [ [ 161.951581416629466, -75.242287753590986 ], [ 162.039268463245094, -75.254381891638587 ] ] } },
{ "type": "Feature", "properties": { "surface": "rock against ice shelf" }, "geometry": { "type": "LineString", "coordinates": [ [ 162.134141741691224, -75.263643060894267 ], [ 162.326101366588574, -75.268806801850673 ] ] } },
{ "type": "Feature", "properties": { "surface": "rock against ice shelf" }, "geometry": { "type": "LineString", "coordinates": [ [ 98.271981893467597, -66.453286933393954 ], [ 98.222017171413427, -66.457545386155303 ] ] } },
{ "type": "Feature", "properties": { "surface": "rock against ice shelf" }, "geometry": { "type": "LineString", "coordinates": [ [ 159.632850810963248, -79.826806131923647 ], [ 159.462071348961047, -79.824108846790992 ], [ 159.653774298437042, -79.80815034880267 ] ] } },
{ "type": "Feature", "properties": { "surface": "rock against ice shelf" }, "geometry": { "type": "LineString", "coordinates": [ [ 162.456424393364017, -81.691064066586321 ], [ 162.451022029722765, -81.68993791057612 ] ] } },
{ "type": "Feature", "properties": { "surface": "rock against ice shelf" }, "geometry": { "type": "LineString", "coordinates": [ [ 99.940482458426331, -66.490832529351266 ], [ 99.932469556912736, -66.489312621937785 ] ] } },
{ "type": "Feature", "properties": { "surface": "rock against ice shelf" }, "geometry": { "type": "LineString", "coordinates": [ [ 99.919081949659144, -66.488607258062331 ], [ 99.910315317691229, -66.491443027029931 ] ] } },
{ "type": "Feature", "properties": { "surface": "rock against ice shelf" }, "geometry": { "type": "LineString", "coordinates": [ [ 99.894670978199528, -66.501030550431395 ], [ 99.880480610211393, -66.506614900939795 ] ] } },
{ "type": "Feature", "properties": { "surface": "rock against ice shelf" }, "geometry": { "type": "LineString", "coordinates": [ [ 98.390445767726575, -66.440011383585571 ], [ 98.331740600913449, -66.446162704070773 ] ] } },
{ "type": "Feature", "properties": { "surface": "rock against ice shelf" }, "geometry": { "type": "LineString", "coordinates": [ [ 97.835118991861592, -66.563925465504511 ], [ 97.818415174325636, -66.569232162684699 ] ] } },
{ "type": "Feature", "properties": { "surface": "rock against ice shelf" }, "geometry": { "type": "LineString", "coordinates": [ [ 169.834489574967932, -73.369806200383266 ], [ 169.83326542536355, -73.37291359909851 ] ] } },
{ "type": "Feature", "properties": { "surface": "rock against ice shelf" }, "geometry": { "type": "LineString", "coordinates": [ [ 167.107077389654336, -73.470075322342126 ], [ 167.100066460331163, -73.468670042228197 ] ] } },
{ "type": "Feature", "properties": { "surface": "rock against ice shelf" }, "geometry": { "type": "LineString", "coordinates": [ [ 169.836470027125699, -73.382653066633623 ], [ 169.840982322426868, -73.385230115135585 ] ] } },
{ "type": "Feature", "properties": { "surface": "rock against ice shelf" }, "geometry": { "type": "LineString", "coordinates": [ [ 169.31179306371692, -71.43326467983438 ], [ 169.301325385282269, -71.4344233014492 ] ] } },
{ "type": "Feature", "properties": { "surface": "rock against ice shelf" }, "geometry": { "type": "LineString", "coordinates": [ [ 165.990163300223742, -73.569514758479713 ], [ 165.994158763160215, -73.569472289700343 ] ] } },
{ "type": "Feature", "properties": { "surface": "rock against ice shelf" }, "geometry": { "type": "LineString", "coordinates": [ [ 170.105373010286655, -72.611048043179252 ], [ 170.059818928155352, -72.594987642074869 ] ] } },
{ "type": "Feature", "properties": { "surface": "rock against ice shelf" }, "geometry": { "type": "LineString", "coordinates": [ [ 170.044492564320393, -72.589854436722064 ], [ 170.026255839456212, -72.586414805399329 ] ] } },
{ "type": "Feature", "properties": { "surface": "rock against ice shelf" }, "geometry": { "type": "LineString", "coordinates": [ [ 170.034819237625015, -72.572150357527519 ], [ 170.022471324827421, -72.564730498766963 ] ] } },
{ "type": "Feature", "properties": { "surface": "rock against ice shelf" }, "geometry": { "type": "LineString", "coordinates": [ [ 162.285152135163514, -76.953315325887871 ], [ 162.484614877593685, -76.932882531622027 ] ] } },
{ "type": "Feature", "properties": { "surface": "rock against ice shelf" }, "geometry": { "type": "LineString", "coordinates": [ [ 163.749089787614395, -74.792572706857769 ], [ 163.753516668357264, -74.795152436283118 ] ] } },
{ "type": "Feature", "properties": { "surface": "rock against ice shelf" }, "geometry": { "type": "LineString", "coordinates": [ [ 162.139048845964055, -76.952770935734335 ], [ 162.283301084881828, -76.953575693846687 ] ] } },
{ "type": "Feature", "properties": { "surface": "rock against ice shelf" }, "geometry": { "type": "LineString", "coordinates": [ [ 162.460497915893768, -76.879740027451618 ], [ 162.434692354789405, -76.883548702597054 ] ] } },
{ "type": "Feature", "properties": { "surface": "rock against ice shelf" }, "geometry": { "type": "LineString", "coordinates": [ [ 162.472592735068787, -76.878129327680185 ], [ 162.463351794632331, -76.879342165517372 ] ] } },
{ "type": "Feature", "properties": { "surface": "rock against ice shelf" }, "geometry": { "type": "LineString", "coordinates": [ [ 170.011165601344175, -72.561854132095988 ], [ 169.940162176019783, -72.565989112770538 ] ] } },
{ "type": "Feature", "properties": { "surface": "rock against ice shelf" }, "geometry": { "type": "LineString", "coordinates": [ [ 169.926693616565359, -72.547457058828286 ], [ 169.914464367296802, -72.545023964839231 ] ] } },
{ "type": "Feature", "properties": { "surface": "rock against ice shelf" }, "geometry": { "type": "LineString", "coordinates": [ [ 169.914710404345612, -72.543497624129955 ], [ 169.911515794945188, -72.540995926244975 ] ] } },
{ "type": "Feature", "properties": { "surface": "rock against ice shelf" }, "geometry": { "type": "LineString", "coordinates": [ [ 162.435707138152793, -76.861377737216372 ], [ 162.445059553079432, -76.860211688997026 ] ] } },
{ "type": "Feature", "properties": { "surface": "rock against ice shelf" }, "geometry": { "type": "LineString", "coordinates": [ [ 162.309514655123422, -76.803207167096843 ], [ 162.33702305801225, -76.795801226162851 ] ] } },
{ "type": "Feature", "properties": { "surface": "rock against ice shelf" }, "geometry": { "type": "LineString", "coordinates": [ [ 162.623848061173277, -76.81624467097835 ], [ 162.653600621132, -76.821123237659478 ] ] } },
{ "type": "Feature", "properties": { "surface": "rock against ice shelf" }, "geometry": { "type": "LineString", "coordinates": [ [ 162.601004976738636, -76.811882351961103 ], [ 162.604863374634306, -76.812518121798419 ] ] } },
{ "type": "Feature", "properties": { "surface": "rock against ice shelf" }, "geometry": { "type": "LineString", "coordinates": [ [ 169.903699970442602, -72.537532828682757 ], [ 169.885638963335566, -72.538607767337211 ] ] } },
{ "type": "Feature", "properties": { "surface": "rock against ice shelf" }, "geometry": { "type": "LineString", "coordinates": [ [ 162.453457533969868, -76.778670933636619 ], [ 162.464327249483745, -76.798325462990519 ] ] } },
{ "type": "Feature", "properties": { "surface": "rock against ice shelf" }, "geometry": { "type": "LineString", "coordinates": [ [ 162.526261558754584, -76.798869256919005 ], [ 162.460694054100315, -76.778535923287208 ] ] } },
{ "type": "Feature", "properties": { "surface": "rock against ice shelf" }, "geometry": { "type": "LineString", "coordinates": [ [ 162.464327249483745, -76.798325462990519 ], [ 162.526261558754584, -76.798869256919005 ] ] } },
{ "type": "Feature", "properties": { "surface": "rock against ice shelf" }, "geometry": { "type": "LineString", "coordinates": [ [ 162.55191398323538, -76.772691566970835 ], [ 162.555933558900563, -76.772692497678335 ] ] } },
{ "type": "Feature", "properties": { "surface": "rock against ice shelf" }, "geometry": { "type": "LineString", "coordinates": [ [ 162.582328523141143, -74.856940616348425 ], [ 162.6019706965387, -74.853157908218719 ] ] } },
{ "type": "Feature", "properties": { "surface": "rock against ice shelf" }, "geometry": { "type": "LineString", "coordinates": [ [ 169.821235645706764, -72.55038963345757 ], [ 169.807256298601544, -72.551420160576072 ] ] } },
{ "type": "Feature", "properties": { "surface": "rock against ice shelf" }, "geometry": { "type": "LineString", "coordinates": [ [ 165.234388228845972, -73.881956990188129 ], [ 165.334780888301225, -73.897670650977943 ] ] } },
{ "type": "Feature", "properties": { "surface": "rock against ice shelf" }, "geometry": { "type": "LineString", "coordinates": [ [ 165.350500956708601, -73.899000104449343 ], [ 165.375405933303853, -73.899235088152324 ] ] } },
{ "type": "Feature", "properties": { "surface": "rock against ice shelf" }, "geometry": { "type": "LineString", "coordinates": [ [ 165.571277552548395, -73.90895443165553 ], [ 165.609117417821096, -73.914849457284021 ] ] } },
{ "type": "Feature", "properties": { "surface": "rock against ice shelf" }, "geometry": { "type": "LineString", "coordinates": [ [ 165.656060115945081, -73.914137470802459 ], [ 165.656355559267695, -73.913747913217748 ] ] } },
{ "type": "Feature", "properties": { "surface": "rock against ice shelf" }, "geometry": { "type": "LineString", "coordinates": [ [ 169.864646757418797, -71.599802286204579 ], [ 169.907487703980621, -71.57712988324478 ] ] } },
{ "type": "Feature", "properties": { "surface": "rock against ice shelf" }, "geometry": { "type": "LineString", "coordinates": [ [ 160.454012981762048, -79.221244596654373 ], [ 160.45265529819045, -79.220321522733428 ] ] } },
{ "type": "Feature", "properties": { "surface": "rock against ice shelf" }, "geometry": { "type": "LineString", "coordinates": [ [ 160.863303324865228, -79.053408437254646 ], [ 160.889519058021705, -79.054816441542897 ] ] } },
{ "type": "Feature", "properties": { "surface": "rock against ice shelf" }, "geometry": { "type": "LineString", "coordinates": [ [ 162.588074257264054, -78.950460202711199 ], [ 162.59044627296737, -78.95131728872191 ] ] } },
{ "type": "Feature", "properties": { "surface": "rock against ice shelf" }, "geometry": { "type": "LineString", "coordinates": [ [ 169.846531876300674, -72.545014043090546 ], [ 169.839961727071028, -72.547460110498875 ] ] } },
{ "type": "Feature", "properties": { "surface": "rock against ice shelf" }, "geometry": { "type": "LineString", "coordinates": [ [ 162.454119427446301, -78.879694877107355 ], [ 162.457898854675278, -78.880665849680511 ] ] } },
{ "type": "Feature", "properties": { "surface": "rock against ice shelf" }, "geometry": { "type": "LineString", "coordinates": [ [ 162.10689133033992, -78.749843638230516 ], [ 162.10705884883339, -78.751744576313229 ] ] } },
{ "type": "Feature", "properties": { "surface": "rock against ice shelf" }, "geometry": { "type": "LineString", "coordinates": [ [ 162.104917630053137, -78.754908329078873 ], [ 162.105657144380928, -78.756314358434793 ] ] } },
{ "type": "Feature", "properties": { "surface": "rock against ice shelf" }, "geometry": { "type": "LineString", "coordinates": [ [ 165.716602918411127, -78.350493691556437 ], [ 165.725331765263462, -78.34827195757488 ] ] } },
{ "type": "Feature", "properties": { "surface": "rock against ice shelf" }, "geometry": { "type": "LineString", "coordinates": [ [ 163.787890354978146, -78.259543873267802 ], [ 163.72015905398186, -78.25066746848934 ] ] } },
{ "type": "Feature", "properties": { "surface": "rock against ice shelf" }, "geometry": { "type": "LineString", "coordinates": [ [ 163.845479580241431, -78.26005115711601 ], [ 163.787890354978146, -78.259543873267802 ] ] } },
{ "type": "Feature", "properties": { "surface": "rock against ice shelf" }, "geometry": { "type": "LineString", "coordinates": [ [ 165.983556843198699, -73.569634037150891 ], [ 165.988683828973592, -73.56954540883315 ] ] } },
{ "type": "Feature", "properties": { "surface": "rock against ice shelf" }, "geometry": { "type": "LineString", "coordinates": [ [ 169.88015543568244, -72.539876098470458 ], [ 169.857014539486698, -72.542365035207538 ] ] } },
{ "type": "Feature", "properties": { "surface": "rock against ice shelf" }, "geometry": { "type": "LineString", "coordinates": [ [ 165.624166736458761, -73.797899608266562 ], [ 165.627680994428346, -73.797062024979766 ] ] } },
{ "type": "Feature", "properties": { "surface": "rock against ice shelf" }, "geometry": { "type": "LineString", "coordinates": [ [ 162.199097113417139, -76.994812899578108 ], [ 162.188687131342846, -76.998154366085359 ] ] } },
{ "type": "Feature", "properties": { "surface": "rock against ice shelf" }, "geometry": { "type": "LineString", "coordinates": [ [ 162.270070788589607, -76.988188613607349 ], [ 162.20751800802384, -76.994189083432587 ] ] } },
{ "type": "Feature", "properties": { "surface": "rock against ice shelf" }, "geometry": { "type": "LineString", "coordinates": [ [ 162.240621196847542, -76.664272730432046 ], [ 162.238487120261823, -76.662731353405064 ] ] } },
{ "type": "Feature", "properties": { "surface": "rock against ice shelf" }, "geometry": { "type": "LineString", "coordinates": [ [ 162.270087094222191, -76.658122595140469 ], [ 162.278316921813428, -76.658162572246198 ] ] } },
{ "type": "Feature", "properties": { "surface": "rock against ice shelf" }, "geometry": { "type": "LineString", "coordinates": [ [ 162.487639208286396, -76.074839907559678 ], [ 162.488947896292132, -76.076409146331486 ] ] } },
{ "type": "Feature", "properties": { "surface": "rock against ice shelf" }, "geometry": { "type": "LineString", "coordinates": [ [ 163.767369964794483, -74.805194365931726 ], [ 163.812973223106781, -74.827858838361479 ] ] } },
{ "type": "Feature", "properties": { "surface": "rock against ice shelf" }, "geometry": { "type": "LineString", "coordinates": [ [ 162.559923894292382, -75.903101325750328 ], [ 162.560007802596999, -75.900059719475095 ] ] } },
{ "type": "Feature", "properties": { "surface": "rock against ice shelf" }, "geometry": { "type": "LineString", "coordinates": [ [ 162.566637043480313, -75.899673286033348 ], [ 162.569818432222434, -75.899564695143468 ] ] } },
{ "type": "Feature", "properties": { "surface": "rock against ice shelf" }, "geometry": { "type": "LineString", "coordinates": [ [ 162.57312179854253, -75.899361011683737 ], [ 162.578330555411242, -75.898902130825363 ] ] } },
{ "type": "Feature", "properties": { "surface": "rock against ice shelf" }, "geometry": { "type": "LineString", "coordinates": [ [ 162.585068111524578, -75.898267446639281 ], [ 162.591289458375172, -75.898100397278924 ] ] } },
{ "type": "Feature", "properties": { "surface": "rock against ice shelf" }, "geometry": { "type": "LineString", "coordinates": [ [ 162.675213072554016, -75.687346172147542 ], [ 162.686279827737565, -75.687950528131694 ] ] } },
{ "type": "Feature", "properties": { "surface": "rock against ice shelf" }, "geometry": { "type": "LineString", "coordinates": [ [ 162.625244292854887, -75.032108647360332 ], [ 162.688391090729993, -75.030164144957865 ] ] } },
{ "type": "Feature", "properties": { "surface": "rock against ice shelf" }, "geometry": { "type": "LineString", "coordinates": [ [ 161.809613326783051, -75.189683709069328 ], [ 161.863740623381744, -75.20897291507309 ] ] } },
{ "type": "Feature", "properties": { "surface": "rock against ice shelf" }, "geometry": { "type": "LineString", "coordinates": [ [ 162.622275598371061, -75.041442828997319 ], [ 162.619783757434192, -75.038406065610204 ] ] } },
{ "type": "Feature", "properties": { "surface": "rock against ice shelf" }, "geometry": { "type": "LineString", "coordinates": [ [ 168.996733349876052, -73.233208428006193 ], [ 168.999771166348324, -73.232994434490934 ] ] } },
{ "type": "Feature", "properties": { "surface": "rock against ice shelf" }, "geometry": { "type": "LineString", "coordinates": [ [ 162.636835554861761, -75.044045464196643 ], [ 162.63106830501323, -75.043514990620622 ] ] } },
{ "type": "Feature", "properties": { "surface": "rock against ice shelf" }, "geometry": { "type": "LineString", "coordinates": [ [ 162.678225579589878, -75.070675621425295 ], [ 162.68344822948805, -75.065118682054688 ] ] } },
{ "type": "Feature", "properties": { "surface": "rock against ice shelf" }, "geometry": { "type": "LineString", "coordinates": [ [ 162.669501507541213, -75.08208731362383 ], [ 162.672456758749405, -75.078808395441428 ] ] } },
{ "type": "Feature", "properties": { "surface": "rock against ice shelf" }, "geometry": { "type": "LineString", "coordinates": [ [ 162.6663611508896, -75.085785596751535 ], [ 162.668677190621167, -75.082959729552385 ] ] } },
{ "type": "Feature", "properties": { "surface": "rock against ice shelf" }, "geometry": { "type": "LineString", "coordinates": [ [ 162.608153681771711, -75.097169916048429 ], [ 162.647698225788105, -75.095968001644266 ] ] } },
{ "type": "Feature", "properties": { "surface": "rock against ice shelf" }, "geometry": { "type": "LineString", "coordinates": [ [ 162.733511810311342, -74.969861055254484 ], [ 162.731730582581179, -74.970376719752366 ] ] } },
{ "type": "Feature", "properties": { "surface": "rock against ice shelf" }, "geometry": { "type": "LineString", "coordinates": [ [ 162.748914020806978, -75.022624485385776 ], [ 162.753874952858865, -75.022020913206163 ] ] } },
{ "type": "Feature", "properties": { "surface": "rock against ice shelf" }, "geometry": { "type": "LineString", "coordinates": [ [ 162.70364329998651, -75.027989772864245 ], [ 162.719932845825753, -75.027893526276017 ] ] } },
{ "type": "Feature", "properties": { "surface": "rock against ice shelf" }, "geometry": { "type": "LineString", "coordinates": [ [ 166.216678631025502, -73.684564896333484 ], [ 166.217295846627053, -73.678421313018887 ] ] } },
{ "type": "Feature", "properties": { "surface": "rock against ice shelf" }, "geometry": { "type": "LineString", "coordinates": [ [ 166.011617000663193, -73.570937719032727 ], [ 166.016063174857294, -73.57099686662329 ] ] } },
{ "type": "Feature", "properties": { "surface": "rock against ice shelf" }, "geometry": { "type": "LineString", "coordinates": [ [ 166.004330868211326, -73.570216758087611 ], [ 166.005261548219835, -73.57027561308594 ] ] } },
{ "type": "Feature", "properties": { "surface": "rock against ice shelf" }, "geometry": { "type": "LineString", "coordinates": [ [ 163.914344055829133, -74.863193738247716 ], [ 163.898845716395215, -74.876571298504189 ] ] } },
{ "type": "Feature", "properties": { "surface": "rock against ice shelf" }, "geometry": { "type": "LineString", "coordinates": [ [ 166.166467295719798, -73.691253835546462 ], [ 166.176465915555355, -73.690037997333221 ] ] } },
{ "type": "Feature", "properties": { "surface": "rock against ice shelf" }, "geometry": { "type": "LineString", "coordinates": [ [ 166.143211294861601, -73.694529695668649 ], [ 166.148984349568678, -73.693552973816253 ] ] } },
{ "type": "Feature", "properties": { "surface": "rock against ice shelf" }, "geometry": { "type": "LineString", "coordinates": [ [ 162.790812484210335, -74.696984256426276 ], [ 162.790967452108134, -74.696493457579422 ] ] } },
{ "type": "Feature", "properties": { "surface": "rock against ice shelf" }, "geometry": { "type": "LineString", "coordinates": [ [ 162.740450815916034, -74.726316572286279 ], [ 162.749013640929178, -74.718057783395864 ] ] } },
{ "type": "Feature", "properties": { "surface": "rock against ice shelf" }, "geometry": { "type": "LineString", "coordinates": [ [ 162.698675727955333, -74.73373170650288 ], [ 162.722358825332634, -74.731916959883705 ] ] } },
{ "type": "Feature", "properties": { "surface": "rock against ice shelf" }, "geometry": { "type": "LineString", "coordinates": [ [ 169.583567390215109, -71.523159116592453 ], [ 169.581913403698763, -71.523553574101555 ] ] } },
{ "type": "Feature", "properties": { "surface": "rock against ice shelf" }, "geometry": { "type": "LineString", "coordinates": [ [ 163.736648596272687, -74.784424343579801 ], [ 163.742247148124022, -74.79018698905594 ] ] } },
{ "type": "Feature", "properties": { "surface": "rock against ice shelf" }, "geometry": { "type": "LineString", "coordinates": [ [ 163.726851161765694, -74.779052571401152 ], [ 163.729548117187278, -74.780760352993951 ] ] } },
{ "type": "Feature", "properties": { "surface": "rock against ice shelf" }, "geometry": { "type": "LineString", "coordinates": [ [ 166.192440410235662, -73.573873903748051 ], [ 166.200811412651035, -73.574218108035311 ] ] } },
{ "type": "Feature", "properties": { "surface": "rock against ice shelf" }, "geometry": { "type": "LineString", "coordinates": [ [ 168.16781614713878, -73.150771035695925 ], [ 168.166638123190893, -73.151777066029723 ] ] } },
{ "type": "Feature", "properties": { "surface": "rock against ice shelf" }, "geometry": { "type": "LineString", "coordinates": [ [ 169.192088205623861, -73.139682007718278 ], [ 169.211261063231461, -73.13743351424165 ] ] } },
{ "type": "Feature", "properties": { "surface": "rock against ice shelf" }, "geometry": { "type": "LineString", "coordinates": [ [ 163.719828145036956, -74.715363914531054 ], [ 163.718621743323098, -74.715616519696042 ] ] } },
{ "type": "Feature", "properties": { "surface": "rock against ice shelf" }, "geometry": { "type": "LineString", "coordinates": [ [ 166.814182025733629, -73.492068962581016 ], [ 166.810677872517232, -73.494055706455384 ] ] } },
{ "type": "Feature", "properties": { "surface": "rock against ice shelf" }, "geometry": { "type": "LineString", "coordinates": [ [ 167.094102944128508, -73.470652891210008 ], [ 167.096771557465388, -73.470089623507135 ] ] } },
{ "type": "Feature", "properties": { "surface": "rock against ice shelf" }, "geometry": { "type": "LineString", "coordinates": [ [ 167.142882231804094, -73.143002262129116 ], [ 167.135835656746366, -73.148894056460236 ] ] } },
{ "type": "Feature", "properties": { "surface": "rock against ice shelf" }, "geometry": { "type": "LineString", "coordinates": [ [ 167.146716422000708, -73.149510912115304 ], [ 167.160847696047227, -73.150452575698736 ] ] } },
{ "type": "Feature", "properties": { "surface": "rock against ice shelf" }, "geometry": { "type": "LineString", "coordinates": [ [ 167.181015827298467, -73.151861471394213 ], [ 167.202059347551341, -73.153258366514933 ] ] } },
{ "type": "Feature", "properties": { "surface": "rock against ice shelf" }, "geometry": { "type": "LineString", "coordinates": [ [ 167.243601150799236, -73.154445488582041 ], [ 167.261003658895049, -73.155193896831108 ] ] } },
{ "type": "Feature", "properties": { "surface": "rock against ice shelf" }, "geometry": { "type": "LineString", "coordinates": [ [ 168.937092031014316, -73.240498614187942 ], [ 168.939928832794919, -73.24043355076094 ] ] } },
{ "type": "Feature", "properties": { "surface": "rock against ice shelf" }, "geometry": { "type": "LineString", "coordinates": [ [ 168.965423344744266, -73.117494245764505 ], [ 168.96394387821087, -73.119352408159955 ] ] } },
{ "type": "Feature", "properties": { "surface": "rock against ice shelf" }, "geometry": { "type": "LineString", "coordinates": [ [ 169.47999760938896, -73.093651798807642 ], [ 169.480835830676227, -73.093374975580844 ] ] } },
{ "type": "Feature", "properties": { "surface": "rock against ice shelf" }, "geometry": { "type": "LineString", "coordinates": [ [ 169.38918026291654, -73.102955919526565 ], [ 169.39744253187223, -73.107510077107392 ] ] } },
{ "type": "Feature", "properties": { "surface": "rock against ice shelf" }, "geometry": { "type": "LineString", "coordinates": [ [ 169.577998125772638, -73.077645289808316 ], [ 169.591164337400926, -73.077278413653772 ] ] } },
{ "type": "Feature", "properties": { "surface": "rock against ice shelf" }, "geometry": { "type": "LineString", "coordinates": [ [ 169.636625820714613, -73.053360029911119 ], [ 169.63980230809608, -73.050578128472239 ] ] } },
{ "type": "Feature", "properties": { "surface": "rock against ice shelf" }, "geometry": { "type": "LineString", "coordinates": [ [ 169.376307736587648, -72.614456705293364 ], [ 169.372143382392721, -72.611194067961506 ] ] } },
{ "type": "Feature", "properties": { "surface": "rock against ice shelf" }, "geometry": { "type": "LineString", "coordinates": [ [ 170.160366802530149, -72.035166359169594 ], [ 170.166041747691025, -72.03384906089947 ] ] } },
{ "type": "Feature", "properties": { "surface": "rock against ice shelf" }, "geometry": { "type": "LineString", "coordinates": [ [ 169.383675567086527, -72.622144775778949 ], [ 169.379410773248168, -72.617287132076001 ] ] } },
{ "type": "Feature", "properties": { "surface": "rock against ice shelf" }, "geometry": { "type": "LineString", "coordinates": [ [ 169.737354980446781, -72.546377646121996 ], [ 169.74137609658203, -72.546530065095382 ] ] } },
{ "type": "Feature", "properties": { "surface": "rock against ice shelf" }, "geometry": { "type": "LineString", "coordinates": [ [ 169.159010335150441, -72.488615332431507 ], [ 169.176293868355998, -72.489107483348775 ] ] } },
{ "type": "Feature", "properties": { "surface": "rock against ice shelf" }, "geometry": { "type": "LineString", "coordinates": [ [ 169.709067008374973, -72.486530458619427 ], [ 169.70874759032688, -72.486293039098115 ] ] } },
{ "type": "Feature", "properties": { "surface": "rock against ice shelf" }, "geometry": { "type": "LineString", "coordinates": [ [ 169.778310106610178, -72.432335850258212 ], [ 169.778901347329736, -72.432114710217874 ] ] } },
{ "type": "Feature", "properties": { "surface": "rock against ice shelf" }, "geometry": { "type": "LineString", "coordinates": [ [ 169.677507935305925, -72.45426181883991 ], [ 169.787803850935006, -72.443405454015846 ] ] } },
{ "type": "Feature", "properties": { "surface": "rock against ice shelf" }, "geometry": { "type": "LineString", "coordinates": [ [ 169.95669278601747, -72.43425805700717 ], [ 169.951832557496829, -72.450826543025769 ] ] } },
{ "type": "Feature", "properties": { "surface": "rock against ice shelf" }, "geometry": { "type": "LineString", "coordinates": [ [ 170.001971140758542, -72.448111051319245 ], [ 169.997828177982882, -72.441148035388281 ] ] } },
{ "type": "Feature", "properties": { "surface": "rock against ice shelf" }, "geometry": { "type": "LineString", "coordinates": [ [ 169.778520118301628, -72.424197766873348 ], [ 169.777326097905529, -72.423205770614871 ] ] } },
{ "type": "Feature", "properties": { "surface": "rock against ice shelf" }, "geometry": { "type": "LineString", "coordinates": [ [ 169.776786954917497, -72.425017016759725 ], [ 169.777557314024108, -72.424772196882344 ] ] } },
{ "type": "Feature", "properties": { "surface": "rock against ice shelf" }, "geometry": { "type": "LineString", "coordinates": [ [ 169.77439991788836, -72.425659009859757 ], [ 169.775417131972517, -72.425452424580854 ] ] } },
{ "type": "Feature", "properties": { "surface": "rock against ice shelf" }, "geometry": { "type": "LineString", "coordinates": [ [ 169.921781540539314, -72.34511012329186 ], [ 169.915384989673441, -72.344424569597948 ] ] } },
{ "type": "Feature", "properties": { "surface": "rock against ice shelf" }, "geometry": { "type": "LineString", "coordinates": [ [ 169.840346643729674, -72.382912084074036 ], [ 169.852024344702187, -72.384564834153423 ] ] } },
{ "type": "Feature", "properties": { "surface": "rock against ice shelf" }, "geometry": { "type": "LineString", "coordinates": [ [ 169.728163216847321, -72.210063692374831 ], [ 169.768259740238562, -72.203859935037713 ] ] } },
{ "type": "Feature", "properties": { "surface": "rock against ice shelf" }, "geometry": { "type": "LineString", "coordinates": [ [ 169.719049534895618, -72.122912178879588 ], [ 169.731612305863933, -72.123241113677366 ] ] } },
{ "type": "Feature", "properties": { "surface": "rock against ice shelf" }, "geometry": { "type": "LineString", "coordinates": [ [ 169.774385002640287, -72.122646179825765 ], [ 169.778099564532255, -72.122372377540415 ] ] } },
{ "type": "Feature", "properties": { "surface": "rock against ice shelf" }, "geometry": { "type": "LineString", "coordinates": [ [ 170.247364434238023, -71.98706758892574 ], [ 170.247612455564649, -71.984401825456729 ] ] } },
{ "type": "Feature", "properties": { "surface": "rock against ice shelf" }, "geometry": { "type": "LineString", "coordinates": [ [ 170.194596975606657, -71.677046449263955 ], [ 170.189298331182442, -71.674277107660018 ] ] } },
{ "type": "Feature", "properties": { "surface": "rock against ice shelf" }, "geometry": { "type": "LineString", "coordinates": [ [ 170.262498865982877, -71.674773596358719 ], [ 170.266830635835134, -71.679031081131768 ] ] } },
{ "type": "Feature", "properties": { "surface": "rock against ice shelf" }, "geometry": { "type": "LineString", "coordinates": [ [ 169.286677886954379, -71.435491796523237 ], [ 169.271256351829862, -71.435372304676051 ] ] } },
{ "type": "Feature", "properties": { "surface": "rock against ice shelf" }, "geometry": { "type": "LineString", "coordinates": [ [ 164.507571260189991, -78.01218246010383 ], [ 164.322280531385672, -78.032835378401387 ] ] } },
{ "type": "Feature", "properties": { "surface": "rock against ice shelf" }, "geometry": { "type": "LineString", "coordinates": [ [ 167.213359399155962, -73.489510547969061 ], [ 167.203513017011915, -73.486151459018146 ] ] } },
{ "type": "Feature", "properties": { "surface": "rock against ice shelf" }, "geometry": { "type": "LineString", "coordinates": [ [ 164.322762382145015, -78.033401107529471 ], [ 164.413407009960764, -78.079359399308444 ], [ 164.079759606840042, -78.157450550614584 ] ] } },
{ "type": "Feature", "properties": { "surface": "rock against ice shelf" }, "geometry": { "type": "LineString", "coordinates": [ [ 165.534665932830677, -78.023564030486554 ], [ 165.621562927828705, -78.110145334803107 ], [ 165.397332686044933, -78.182314592903111 ] ] } },
{ "type": "Feature", "properties": { "surface": "rock against ice shelf" }, "geometry": { "type": "LineString", "coordinates": [ [ 164.722598108016996, -78.310143566818709 ], [ 165.23225535060925, -78.194017692642518 ] ] } },
{ "type": "Feature", "properties": { "surface": "rock against ice shelf" }, "geometry": { "type": "LineString", "coordinates": [ [ 170.025074244961047, -71.691006182080613 ], [ 170.059096227059371, -71.660892757821586 ] ] } },
{ "type": "Feature", "properties": { "surface": "rock against ice shelf" }, "geometry": { "type": "LineString", "coordinates": [ [ 165.704735759459282, -78.354161928276227 ], [ 165.683616113357971, -78.361143751543267 ] ] } },
{ "type": "Feature", "properties": { "surface": "rock against ice shelf" }, "geometry": { "type": "LineString", "coordinates": [ [ 165.210909031208757, -78.181763522196078 ], [ 165.137902657945517, -78.162893515657217 ], [ 165.363214583006169, -78.047040885444517 ] ] } },
{ "type": "Feature", "properties": { "surface": "rock against ice shelf" }, "geometry": { "type": "LineString", "coordinates": [ [ 165.376055439145574, -78.034928684731142 ], [ 165.408063795084757, -78.020327078361959 ] ] } },
{ "type": "Feature", "properties": { "surface": "rock against ice shelf" }, "geometry": { "type": "LineString", "coordinates": [ [ 162.479600857467176, -76.877275121394931 ], [ 162.507342578491574, -76.876003448566848 ] ] } },
{ "type": "Feature", "properties": { "surface": "rock against ice shelf" }, "geometry": { "type": "LineString", "coordinates": [ [ 162.611845826451855, -76.788918010245354 ], [ 162.560205915594793, -76.772963646230849 ] ] } },
{ "type": "Feature", "properties": { "surface": "rock against ice shelf" }, "geometry": { "type": "LineString", "coordinates": [ [ 158.388900457152459, -69.285145748405668 ], [ 158.392364722958916, -69.28328084347207 ] ] } },
{ "type": "Feature", "properties": { "surface": "rock against ice shelf" }, "geometry": { "type": "LineString", "coordinates": [ [ 162.518919429327752, -75.24350182809701 ], [ 162.510398715547097, -75.244121364064313 ] ] } },
{ "type": "Feature", "properties": { "surface": "rock against ice shelf" }, "geometry": { "type": "LineString", "coordinates": [ [ 163.806222631041976, -74.686368782861393 ], [ 163.833995488829117, -74.675908062468608 ] ] } },
{ "type": "Feature", "properties": { "surface": "rock against ice shelf" }, "geometry": { "type": "LineString", "coordinates": [ [ 163.848201898561825, -74.668926433349824 ], [ 163.869717255650812, -74.659156330847736 ] ] } },
{ "type": "Feature", "properties": { "surface": "rock against ice shelf" }, "geometry": { "type": "LineString", "coordinates": [ [ 163.876186113909512, -74.65640656701072 ], [ 163.884917413759212, -74.653706638994535 ] ] } },
{ "type": "Feature", "properties": { "surface": "rock against ice shelf" }, "geometry": { "type": "LineString", "coordinates": [ [ 163.89818765713062, -74.645371564001081 ], [ 163.920167063500372, -74.639641730713748 ] ] } },
{ "type": "Feature", "properties": { "surface": "rock against ice shelf" }, "geometry": { "type": "LineString", "coordinates": [ [ 163.941947122102448, -74.637679505044858 ], [ 163.945870251540413, -74.636784003242141 ] ] } },
{ "type": "Feature", "properties": { "surface": "rock against ice shelf" }, "geometry": { "type": "LineString", "coordinates": [ [ 163.653523266157777, -74.534182169966812 ], [ 163.645374861800832, -74.528566921607876 ] ] } },
{ "type": "Feature", "properties": { "surface": "rock against ice shelf" }, "geometry": { "type": "LineString", "coordinates": [ [ 163.642328769133456, -74.516024522958531 ], [ 163.642330953688088, -74.51574317920489 ] ] } },
{ "type": "Feature", "properties": { "surface": "rock against ice shelf" }, "geometry": { "type": "LineString", "coordinates": [ [ 163.510722278289506, -74.47508304467344 ], [ 163.496303112869185, -74.469576151010784 ] ] } },
{ "type": "Feature", "properties": { "surface": "rock against ice shelf" }, "geometry": { "type": "LineString", "coordinates": [ [ 163.498347763196165, -74.461128494943381 ], [ 163.500486281942585, -74.457441461081785 ] ] } },
{ "type": "Feature", "properties": { "surface": "rock against ice shelf" }, "geometry": { "type": "LineString", "coordinates": [ [ 163.502792382345291, -74.452591139985628 ], [ 163.521907619358871, -74.440880271892567 ] ] } },
{ "type": "Feature", "properties": { "surface": "rock against ice shelf" }, "geometry": { "type": "LineString", "coordinates": [ [ 163.52658761233829, -74.435507614437796 ], [ 163.530967146312463, -74.430530223439192 ] ] } },
{ "type": "Feature", "properties": { "surface": "rock against ice shelf" }, "geometry": { "type": "LineString", "coordinates": [ [ 163.538840921533591, -74.423002174142439 ], [ 163.542365326734341, -74.412425983842382 ] ] } },
{ "type": "Feature", "properties": { "surface": "rock against ice shelf" }, "geometry": { "type": "LineString", "coordinates": [ [ 163.553554401818474, -74.398273744251171 ], [ 163.562510257057028, -74.387785997102469 ] ] } },
{ "type": "Feature", "properties": { "surface": "rock against ice shelf" }, "geometry": { "type": "LineString", "coordinates": [ [ 169.375467665623063, -71.479981101150656 ], [ 169.401635995968007, -71.473608358353729 ] ] } },
{ "type": "Feature", "properties": { "surface": "rock against ice shelf" }, "geometry": { "type": "LineString", "coordinates": [ [ 169.455658718461109, -71.468831051504253 ], [ 169.45839866486628, -71.466666784419587 ] ] } },
{ "type": "Feature", "properties": { "surface": "rock against ice shelf" }, "geometry": { "type": "LineString", "coordinates": [ [ 101.551786991036082, -65.959469759795752 ], [ 101.515909866491029, -65.958457223049052 ] ] } },
{ "type": "Feature", "properties": { "surface": "rock against ice shelf" }, "geometry": { "type": "LineString", "coordinates": [ [ 163.31788727205776, -74.397977840995367 ], [ 163.337700023508035, -74.394206855338552 ] ] } },
{ "type": "Feature", "properties": { "surface": "rock against ice shelf" }, "geometry": { "type": "LineString", "coordinates": [ [ 163.941986567621939, -74.633207521005772 ], [ 163.942141661391702, -74.633572527278133 ] ] } },
{ "type": "Feature", "properties": { "surface": "rock against ice shelf" }, "geometry": { "type": "LineString", "coordinates": [ [ 163.698315573721544, -74.613884236128627 ], [ 163.699171006826049, -74.612594714026244 ] ] } },
{ "type": "Feature", "properties": { "surface": "rock against ice shelf" }, "geometry": { "type": "LineString", "coordinates": [ [ 163.983469925059438, -74.623445475424177 ], [ 163.972120041797609, -74.624341928731923 ] ] } },
{ "type": "Feature", "properties": { "surface": "rock against ice shelf" }, "geometry": { "type": "LineString", "coordinates": [ [ 163.712497429009971, -74.716927049836869 ], [ 163.695485602451612, -74.723424918837651 ] ] } },
{ "type": "Feature", "properties": { "surface": "rock against ice shelf" }, "geometry": { "type": "LineString", "coordinates": [ [ 163.753019586430185, -74.626492574075201 ], [ 163.763486069878951, -74.630411423958151 ] ] } },
{ "type": "Feature", "properties": { "surface": "rock against ice shelf" }, "geometry": { "type": "LineString", "coordinates": [ [ 163.674089994165257, -74.465462536965433 ], [ 163.669795018601036, -74.466932869677976 ] ] } },
{ "type": "Feature", "properties": { "surface": "rock against ice shelf" }, "geometry": { "type": "LineString", "coordinates": [ [ 164.485096646765044, -74.554635193156912 ], [ 164.496706430202977, -74.565656392679614 ] ] } },
{ "type": "Feature", "properties": { "surface": "rock against ice shelf" }, "geometry": { "type": "LineString", "coordinates": [ [ 163.996936818436041, -74.616988349474624 ], [ 163.986318711182122, -74.621635928981306 ] ] } },
{ "type": "Feature", "properties": { "surface": "rock against ice shelf" }, "geometry": { "type": "LineString", "coordinates": [ [ 169.982961073143173, -72.180584345379572 ], [ 169.984673793453624, -72.181531051070806 ] ] } },
{ "type": "Feature", "properties": { "surface": "rock against ice shelf" }, "geometry": { "type": "LineString", "coordinates": [ [ 167.224368965299107, -78.662740192254333 ], [ 167.218611163063201, -78.667371321091707 ] ] } },
{ "type": "Feature", "properties": { "surface": "rock against ice shelf" }, "geometry": { "type": "LineString", "coordinates": [ [ 167.108478542554423, -78.547047667730965 ], [ 167.127739638474281, -78.554974947564929 ] ] } },
{ "type": "Feature", "properties": { "surface": "rock against ice shelf" }, "geometry": { "type": "LineString", "coordinates": [ [ 167.134899650365526, -78.560205565586102 ], [ 167.140429822826377, -78.564041596286586 ] ] } },
{ "type": "Feature", "properties": { "surface": "rock against ice shelf" }, "geometry": { "type": "LineString", "coordinates": [ [ 167.145436657426927, -78.566643208040233 ], [ 167.154316807596615, -78.57174791760643 ] ] } },
{ "type": "Feature", "properties": { "surface": "rock against ice shelf" }, "geometry": { "type": "LineString", "coordinates": [ [ 167.158692772112687, -78.574773815338474 ], [ 167.164441011144646, -78.578746173241711 ] ] } },
{ "type": "Feature", "properties": { "surface": "rock against ice shelf" }, "geometry": { "type": "LineString", "coordinates": [ [ 167.168951819037034, -78.581861377486206 ], [ 167.196170728502892, -78.59815458431413 ] ] } },
{ "type": "Feature", "properties": { "surface": "rock against ice shelf" }, "geometry": { "type": "LineString", "coordinates": [ [ 167.199392472345096, -78.600350011331912 ], [ 167.203124653856321, -78.603518571309877 ] ] } },
{ "type": "Feature", "properties": { "surface": "rock against ice shelf" }, "geometry": { "type": "LineString", "coordinates": [ [ 167.208265813757805, -78.606684779735048 ], [ 167.212233271845719, -78.609573799205165 ] ] } },
{ "type": "Feature", "properties": { "surface": "rock against ice shelf" }, "geometry": { "type": "LineString", "coordinates": [ [ 167.219031812601941, -78.619918646532525 ], [ 167.220194896662633, -78.622999596944666 ] ] } },
{ "type": "Feature", "properties": { "surface": "rock against ice shelf" }, "geometry": { "type": "LineString", "coordinates": [ [ 167.220807488703798, -78.626195940433973 ], [ 167.221950487066096, -78.629229411853061 ] ] } },
{ "type": "Feature", "properties": { "surface": "rock against ice shelf" }, "geometry": { "type": "LineString", "coordinates": [ [ 167.225257390364078, -78.632681656309458 ], [ 167.237315057450502, -78.652818920834946 ] ] } },
{ "type": "Feature", "properties": { "surface": "rock against ice shelf" }, "geometry": { "type": "LineString", "coordinates": [ [ 167.233495284654424, -78.656896349657487 ], [ 167.227121362538128, -78.660703332852577 ] ] } },
{ "type": "Feature", "properties": { "surface": "rock against ice shelf" }, "geometry": { "type": "LineString", "coordinates": [ [ 161.808639676071778, -82.513228419924971 ], [ 161.813057466218311, -82.515098255631415 ] ] } },
{ "type": "Feature", "properties": { "surface": "rock against ice shelf" }, "geometry": { "type": "LineString", "coordinates": [ [ 161.779605354552359, -82.503491927375038 ], [ 161.806044127711374, -82.512684629316766 ] ] } },
{ "type": "Feature", "properties": { "surface": "rock against ice shelf" }, "geometry": { "type": "LineString", "coordinates": [ [ 141.327374998431054, -66.846201892206381 ], [ 141.354474087735696, -66.844644812727253 ] ] } },
{ "type": "Feature", "properties": { "surface": "rock against ice shelf" }, "geometry": { "type": "LineString", "coordinates": [ [ 100.476227608228811, -66.319337749651936 ], [ 100.470587547367003, -66.30386627882875 ] ] } },
{ "type": "Feature", "properties": { "surface": "rock against ice shelf" }, "geometry": { "type": "LineString", "coordinates": [ [ 169.22675993529424, -71.373547190605294 ], [ 169.213922325976938, -71.373251225999766 ] ] } },
{ "type": "Feature", "properties": { "surface": "rock against ice shelf" }, "geometry": { "type": "LineString", "coordinates": [ [ 169.820218444062164, -73.344938508793803 ], [ 169.821889943338988, -73.347223536333402 ] ] } },
{ "type": "Feature", "properties": { "surface": "rock against ice shelf" }, "geometry": { "type": "LineString", "coordinates": [ [ 165.244202607711003, -77.861659350994799 ], [ 165.236364485280262, -77.864967751131942 ] ] } },
{ "type": "Feature", "properties": { "surface": "rock against ice shelf" }, "geometry": { "type": "LineString", "coordinates": [ [ 166.372531291801323, -78.147392426464762 ], [ 166.398440335299057, -78.148862462475165 ] ] } },
{ "type": "Feature", "properties": { "surface": "rock against ice shelf" }, "geometry": { "type": "LineString", "coordinates": [ [ 99.598256619092822, -66.643656047490722 ], [ 99.591676979817478, -66.643358298638404 ] ] } },
{ "type": "Feature", "properties": { "surface": "rock against ice shelf" }, "geometry": { "type": "LineString", "coordinates": [ [ 101.489423453340905, -65.958856579701759 ], [ 101.457590498049768, -65.960106872865069 ] ] } },
{ "type": "Feature", "properties": { "surface": "rock against ice shelf" }, "geometry": { "type": "LineString", "coordinates": [ [ 166.473614636713876, -78.151371586157495 ], [ 166.494433595701082, -78.154900119762402 ] ] } },
{ "type": "Feature", "properties": { "surface": "rock against ice shelf" }, "geometry": { "type": "LineString", "coordinates": [ [ 100.523722795446304, -66.32513356556376 ], [ 100.9229770269, -66.342887385437663 ] ] } },
{ "type": "Feature", "properties": { "surface": "rock against ice shelf" }, "geometry": { "type": "LineString", "coordinates": [ [ 101.61292054175216, -65.963543350552214 ], [ 101.609392249405673, -65.962894203216493 ] ] } },
{ "type": "Feature", "properties": { "surface": "rock against ice shelf" }, "geometry": { "type": "LineString", "coordinates": [ [ 101.719774302272029, -65.968821717601685 ], [ 101.663702277715004, -65.963370753819021 ] ] } },
{ "type": "Feature", "properties": { "surface": "rock against ice shelf" }, "geometry": { "type": "LineString", "coordinates": [ [ 101.666602968427853, -65.971274889454378 ], [ 101.678305947503048, -65.976711101378484 ] ] } },
{ "type": "Feature", "properties": { "surface": "rock against ice shelf" }, "geometry": { "type": "LineString", "coordinates": [ [ 165.565255209907576, -78.010768754565518 ], [ 165.571147525360374, -78.009748485062133 ], [ 165.535363666929442, -78.005557689114411 ], [ 165.539967418789587, -78.009437255225691 ], [ 165.565255209907576, -78.010768754565518 ] ] } },
{ "type": "Feature", "properties": { "surface": "rock against ice shelf" }, "geometry": { "type": "LineString", "coordinates": [ [ 169.664917432097866, -73.37713024474553 ], [ 169.670247203920326, -73.363272420092031 ] ] } },
{ "type": "Feature", "properties": { "surface": "rock against ice shelf" }, "geometry": { "type": "LineString", "coordinates": [ [ 169.65639594330284, -73.349411868254975 ], [ 169.719233050793576, -73.331178616054871 ] ] } },
{ "type": "Feature", "properties": { "surface": "rock against ice shelf" }, "geometry": { "type": "LineString", "coordinates": [ [ 169.730903263832147, -73.329797868495888 ], [ 169.76061437811515, -73.327564229682494 ] ] } },
{ "type": "Feature", "properties": { "surface": "rock against ice shelf" }, "geometry": { "type": "LineString", "coordinates": [ [ 169.815173521922134, -72.435656802754295 ], [ 169.821449692658035, -72.428722471814041 ] ] } },
{ "type": "Feature", "properties": { "surface": "rock against ice shelf" }, "geometry": { "type": "LineString", "coordinates": [ [ 169.833145534968509, -72.433655746626386 ], [ 169.838756541329047, -72.437947133672608 ] ] } },
{ "type": "Feature", "properties": { "surface": "rock against ice shelf" }, "geometry": { "type": "LineString", "coordinates": [ [ 100.65196608965374, -66.210794154186161 ], [ 100.666323959957822, -66.196458512333493 ] ] } },
{ "type": "Feature", "properties": { "surface": "rock against ice shelf" }, "geometry": { "type": "LineString", "coordinates": [ [ 169.585577308769359, -73.48538209026708 ], [ 169.610084014402986, -73.477636757489663 ] ] } },
{ "type": "Feature", "properties": { "surface": "rock against ice shelf" }, "geometry": { "type": "LineString", "coordinates": [ [ 162.696710074995167, -76.639554329740804 ], [ 162.695250090177325, -76.636715523924153 ] ] } },
{ "type": "Feature", "properties": { "surface": "rock against ice shelf" }, "geometry": { "type": "LineString", "coordinates": [ [ 169.655566569380824, -73.622524125649747 ], [ 169.65650250924466, -73.620957819613011 ] ] } },
{ "type": "Feature", "properties": { "surface": "rock against ice shelf" }, "geometry": { "type": "LineString", "coordinates": [ [ 169.662811384739655, -73.617686751686136 ], [ 169.664534477549097, -73.612620258126242 ] ] } },
{ "type": "Feature", "properties": { "surface": "rock against ice shelf" }, "geometry": { "type": "LineString", "coordinates": [ [ 169.684656619671301, -73.60395090501585 ], [ 169.685691326477126, -73.599133759947534 ] ] } },
{ "type": "Feature", "properties": { "surface": "rock against ice shelf" }, "geometry": { "type": "LineString", "coordinates": [ [ 166.058847813620474, -78.121250644503675 ], [ 166.063657278311581, -78.119025933154589 ] ] } },
{ "type": "Feature", "properties": { "surface": "rock against ice shelf" }, "geometry": { "type": "LineString", "coordinates": [ [ 167.8627069728268, -77.641818347799983 ], [ 167.806584163006448, -77.643762505587318 ] ] } },
{ "type": "Feature", "properties": { "surface": "rock against ice shelf" }, "geometry": { "type": "LineString", "coordinates": [ [ 169.897208917197531, -73.573347658133287 ], [ 169.875406188521737, -73.598563317309967 ] ] } },
{ "type": "Feature", "properties": { "surface": "rock against ice shelf" }, "geometry": { "type": "LineString", "coordinates": [ [ 167.762240796036195, -77.638010205101864 ], [ 167.750119893746103, -77.6368229103781 ] ] } },
{ "type": "Feature", "properties": { "surface": "rock against ice shelf" }, "geometry": { "type": "LineString", "coordinates": [ [ 169.673741346542727, -73.590071416977594 ], [ 169.660318530510665, -73.581381331386211 ] ] } },
{ "type": "Feature", "properties": { "surface": "rock against ice shelf" }, "geometry": { "type": "LineString", "coordinates": [ [ 100.482476905214781, -66.289400159584588 ], [ 100.485397835324591, -66.271064380646891 ] ] } },
{ "type": "Feature", "properties": { "surface": "rock against ice shelf" }, "geometry": { "type": "LineString", "coordinates": [ [ 169.522846550427147, -73.573311704940394 ], [ 169.517866708070414, -73.575179983759554 ] ] } },
{ "type": "Feature", "properties": { "surface": "rock against ice shelf" }, "geometry": { "type": "LineString", "coordinates": [ [ 169.866284738646215, -73.618361848694633 ], [ 169.721732458425805, -73.625030232634131 ] ] } },
{ "type": "Feature", "properties": { "surface": "rock against ice shelf" }, "geometry": { "type": "LineString", "coordinates": [ [ 167.382960424970094, -78.044355458875842 ], [ 167.381386772965243, -78.043097144092826 ] ] } },
{ "type": "Feature", "properties": { "surface": "rock against ice shelf" }, "geometry": { "type": "LineString", "coordinates": [ [ 164.878064249592427, -74.074050601442664 ], [ 164.877531675689227, -74.074129001124433 ] ] } },
{ "type": "Feature", "properties": { "surface": "rock against ice shelf" }, "geometry": { "type": "LineString", "coordinates": [ [ 167.197854716165921, -78.116141978620931 ], [ 167.193416056300435, -78.113514781701937 ] ] } },
{ "type": "Feature", "properties": { "surface": "rock against ice shelf" }, "geometry": { "type": "LineString", "coordinates": [ [ 167.264541083429634, -78.088064023600523 ], [ 167.266509553555835, -78.084364589893028 ] ] } },
{ "type": "Feature", "properties": { "surface": "rock against ice shelf" }, "geometry": { "type": "LineString", "coordinates": [ [ 169.637800376422462, -73.575861018792352 ], [ 169.631642800357554, -73.573184942687888 ] ] } },
{ "type": "Feature", "properties": { "surface": "rock against ice shelf" }, "geometry": { "type": "LineString", "coordinates": [ [ 169.625665339305812, -73.57219659634147 ], [ 169.544616321511512, -73.567237615362743 ] ] } },
{ "type": "Feature", "properties": { "surface": "rock against ice shelf" }, "geometry": { "type": "LineString", "coordinates": [ [ 169.898497908703177, -73.567977685079498 ], [ 169.897441347698901, -73.569913249051268 ] ] } },
{ "type": "Feature", "properties": { "surface": "rock against ice shelf" }, "geometry": { "type": "LineString", "coordinates": [ [ 166.22430700305182, -78.114943390929227 ], [ 166.279824744320962, -78.131271563542469 ] ] } },
{ "type": "Feature", "properties": { "surface": "rock against ice shelf" }, "geometry": { "type": "LineString", "coordinates": [ [ 166.343664498310176, -78.144627961262088 ], [ 166.351182753021334, -78.145289893194374 ] ] } },
{ "type": "Feature", "properties": { "surface": "rock against ice shelf" }, "geometry": { "type": "LineString", "coordinates": [ [ 169.646731297131112, -73.436345602264069 ], [ 169.651789334680558, -73.410028513243873 ] ] } },
{ "type": "Feature", "properties": { "surface": "rock against ice shelf" }, "geometry": { "type": "LineString", "coordinates": [ [ 169.64004154484104, -73.403748530054571 ], [ 169.644881136251428, -73.392687192187566 ] ] } },
{ "type": "Feature", "properties": { "surface": "rock against ice shelf" }, "geometry": { "type": "LineString", "coordinates": [ [ 166.074706168725754, -78.117340127148537 ], [ 166.200329025029163, -78.113640459985518 ] ] } },
{ "type": "Feature", "properties": { "surface": "rock against ice shelf" }, "geometry": { "type": "LineString", "coordinates": [ [ 167.3971175121969, -78.021325866183176 ], [ 167.399350009934381, -78.017481971794254 ] ] } },
{ "type": "Feature", "properties": { "surface": "rock against ice shelf" }, "geometry": { "type": "LineString", "coordinates": [ [ 169.50227750321497, -73.514828670555474 ], [ 169.543175231176008, -73.505782562313215 ] ] } },
{ "type": "Feature", "properties": { "surface": "rock against ice shelf" }, "geometry": { "type": "LineString", "coordinates": [ [ 166.120309760896845, -78.24509126902737 ], [ 166.143502546294826, -78.241537877396368 ] ] } },
{ "type": "Feature", "properties": { "surface": "rock against ice shelf" }, "geometry": { "type": "LineString", "coordinates": [ [ 166.142487282549183, -78.233904557895613 ], [ 166.138675593072037, -78.232652331921443 ] ] } },
{ "type": "Feature", "properties": { "surface": "rock against ice shelf" }, "geometry": { "type": "LineString", "coordinates": [ [ 166.145934156235228, -78.144188193797845 ], [ 166.12642021843277, -78.148199616537198 ] ] } },
{ "type": "Feature", "properties": { "surface": "rock against ice shelf" }, "geometry": { "type": "LineString", "coordinates": [ [ 169.556282587619478, -73.503497871208708 ], [ 169.57558489932461, -73.489152294436423 ] ] } },
{ "type": "Feature", "properties": { "surface": "rock against ice shelf" }, "geometry": { "type": "LineString", "coordinates": [ [ 100.626735750352921, -66.228815246894172 ], [ 100.641722368266443, -66.221741433439874 ] ] } },
{ "type": "Feature", "properties": { "surface": "rock against ice shelf" }, "geometry": { "type": "LineString", "coordinates": [ [ 166.111267239051585, -78.150770923051596 ], [ 166.013072689490173, -78.113424591587815 ] ] } },
{ "type": "Feature", "properties": { "surface": "rock against ice shelf" }, "geometry": { "type": "LineString", "coordinates": [ [ 166.578740841245519, -78.162074873905581 ], [ 166.69619016156804, -78.19336427039444 ] ] } },
{ "type": "Feature", "properties": { "surface": "rock against ice shelf" }, "geometry": { "type": "LineString", "coordinates": [ [ 166.74488757425695, -78.199743647071614 ], [ 166.728363908454696, -78.232597670569405 ] ] } },
{ "type": "Feature", "properties": { "surface": "rock against ice shelf" }, "geometry": { "type": "LineString", "coordinates": [ [ 163.628945555556527, -74.841020781517372 ], [ 163.618844896872332, -74.861887252026364 ] ] } },
{ "type": "Feature", "properties": { "surface": "rock against ice shelf" }, "geometry": { "type": "LineString", "coordinates": [ [ 163.644230287628915, -74.776032992076196 ], [ 163.658890817852125, -74.777185480441943 ] ] } },
{ "type": "Feature", "properties": { "surface": "rock against ice shelf" }, "geometry": { "type": "LineString", "coordinates": [ [ 169.868830690169062, -73.513192178802427 ], [ 169.857975001040614, -73.52192536435318 ] ] } },
{ "type": "Feature", "properties": { "surface": "rock against ice shelf" }, "geometry": { "type": "LineString", "coordinates": [ [ 169.331423642333505, -77.467115388162682 ], [ 169.379591402487335, -77.525587783150442 ] ] } },
{ "type": "Feature", "properties": { "surface": "rock against ice shelf" }, "geometry": { "type": "LineString", "coordinates": [ [ 169.305114864947313, -77.460991934072084 ], [ 169.31994344675897, -77.463469934738981 ] ] } },
{ "type": "Feature", "properties": { "surface": "rock against ice shelf" }, "geometry": { "type": "LineString", "coordinates": [ [ 169.892785273965558, -73.481325049442788 ], [ 169.876629157603674, -73.501509022896812 ] ] } },
{ "type": "Feature", "properties": { "surface": "rock against ice shelf" }, "geometry": { "type": "LineString", "coordinates": [ [ 162.571764666198391, -76.860591011560786 ], [ 162.556370889303622, -76.84897675291343 ] ] } },
{ "type": "Feature", "properties": { "surface": "rock against ice shelf" }, "geometry": { "type": "LineString", "coordinates": [ [ 163.680544852197897, -74.950789506294669 ], [ 163.702927760869187, -74.95560883112789 ] ] } },
{ "type": "Feature", "properties": { "surface": "rock against ice shelf" }, "geometry": { "type": "LineString", "coordinates": [ [ 163.652597935704733, -74.93028598981509 ], [ 163.661442779200172, -74.938036684095366 ] ] } },
{ "type": "Feature", "properties": { "surface": "rock against ice shelf" }, "geometry": { "type": "LineString", "coordinates": [ [ 163.612253120642578, -74.86470741567851 ], [ 163.6373331078359, -74.918149865456215 ] ] } },
{ "type": "Feature", "properties": { "surface": "rock against ice shelf" }, "geometry": { "type": "LineString", "coordinates": [ [ 163.633583237773365, -74.798612805474036 ], [ 163.638669045734815, -74.777812829326862 ] ] } },
{ "type": "Feature", "properties": { "surface": "rock against ice shelf" }, "geometry": { "type": "LineString", "coordinates": [ [ 169.871613134931579, -73.446299239854568 ], [ 169.895371937609184, -73.475811753176387 ] ] } },
{ "type": "Feature", "properties": { "surface": "rock against ice shelf" }, "geometry": { "type": "LineString", "coordinates": [ [ 170.047965010224402, -71.64673444859298 ], [ 170.010028281695782, -71.610312274618408 ] ] } },
{ "type": "Feature", "properties": { "surface": "rock against ice shelf" }, "geometry": { "type": "LineString", "coordinates": [ [ 167.381609418328111, -70.964399069125918 ], [ 167.387895279311351, -70.964059375561817 ] ] } },
{ "type": "Feature", "properties": { "surface": "rock against ice shelf" }, "geometry": { "type": "LineString", "coordinates": [ [ 167.394324141509372, -70.963570769492435 ], [ 167.438622031369732, -70.955473832740253 ] ] } },
{ "type": "Feature", "properties": { "surface": "rock against ice shelf" }, "geometry": { "type": "LineString", "coordinates": [ [ 163.656643723046699, -74.606955181514778 ], [ 163.695545105056226, -74.615066847102284 ] ] } },
{ "type": "Feature", "properties": { "surface": "rock against ice shelf" }, "geometry": { "type": "LineString", "coordinates": [ [ 163.707600970560804, -74.608479887827471 ], [ 163.712138061105179, -74.608721141885582 ] ] } },
{ "type": "Feature", "properties": { "surface": "rock against ice shelf" }, "geometry": { "type": "LineString", "coordinates": [ [ 166.279808013536865, -70.720448420549999 ], [ 166.280053725102277, -70.718342721554208 ] ] } },
{ "type": "Feature", "properties": { "surface": "rock against ice shelf" }, "geometry": { "type": "LineString", "coordinates": [ [ 164.828888936250308, -74.076400115839476 ], [ 164.846995518016627, -74.07050068561152 ] ] } },
{ "type": "Feature", "properties": { "surface": "rock against ice shelf" }, "geometry": { "type": "LineString", "coordinates": [ [ 163.660454449154628, -74.545206319313394 ], [ 163.655361705307854, -74.551010141893727 ] ] } },
{ "type": "Feature", "properties": { "surface": "rock against ice shelf" }, "geometry": { "type": "LineString", "coordinates": [ [ 163.559846195784701, -74.347721410726848 ], [ 163.568704362387166, -74.369672622713352 ] ] } },
{ "type": "Feature", "properties": { "surface": "rock against ice shelf" }, "geometry": { "type": "LineString", "coordinates": [ [ 163.561291580022726, -74.352609264700249 ], [ 163.560524092755657, -74.350281424953266 ] ] } },
{ "type": "Feature", "properties": { "surface": "rock against ice shelf" }, "geometry": { "type": "LineString", "coordinates": [ [ 163.560145175442898, -74.34920308864497 ], [ 163.559881033547725, -74.348406935320938 ] ] } },
{ "type": "Feature", "properties": { "surface": "rock against ice shelf" }, "geometry": { "type": "LineString", "coordinates": [ [ 165.044624031755461, -74.037297191107797 ], [ 165.056669914923532, -74.043020174515647 ] ] } },
{ "type": "Feature", "properties": { "surface": "rock against ice shelf" }, "geometry": { "type": "LineString", "coordinates": [ [ 164.956476939449658, -74.008992096013884 ], [ 164.959096820362703, -74.01054112432827 ] ] } },
{ "type": "Feature", "properties": { "surface": "rock against ice shelf" }, "geometry": { "type": "LineString", "coordinates": [ [ 164.943411288497003, -74.004254610241787 ], [ 164.945916775733792, -74.005456393118791 ] ] } },
{ "type": "Feature", "properties": { "surface": "rock against ice shelf" }, "geometry": { "type": "LineString", "coordinates": [ [ 164.9815545087869, -74.015301079321787 ], [ 164.997057217970621, -74.017317952352229 ] ] } },
{ "type": "Feature", "properties": { "surface": "rock against ice shelf" }, "geometry": { "type": "LineString", "coordinates": [ [ 164.927971779245439, -74.000024863774044 ], [ 164.936473587123658, -74.003525910325891 ] ] } },
{ "type": "Feature", "properties": { "surface": "rock against ice shelf" }, "geometry": { "type": "LineString", "coordinates": [ [ 164.750539109568109, -73.955429192382113 ], [ 164.759665561125985, -73.957493930998936 ] ] } },
{ "type": "Feature", "properties": { "surface": "rock against ice shelf" }, "geometry": { "type": "LineString", "coordinates": [ [ 164.803021481236726, -73.958782579955326 ], [ 164.805914532818861, -73.959778277031802 ] ] } },
{ "type": "Feature", "properties": { "surface": "rock against ice shelf" }, "geometry": { "type": "LineString", "coordinates": [ [ 165.339819647164148, -73.897721378173713 ], [ 165.348202128580937, -73.898714157487419 ] ] } },
{ "type": "Feature", "properties": { "surface": "rock against ice shelf" }, "geometry": { "type": "LineString", "coordinates": [ [ 165.529507672870608, -73.906124151350127 ], [ 165.535417955310265, -73.907368900711774 ] ] } },
{ "type": "Feature", "properties": { "surface": "rock against ice shelf" }, "geometry": { "type": "LineString", "coordinates": [ [ 164.728927249250916, -73.952321797731969 ], [ 164.743102707509109, -73.954691968605374 ] ] } },
{ "type": "Feature", "properties": { "surface": "rock against ice shelf" }, "geometry": { "type": "LineString", "coordinates": [ [ 164.656156188925593, -73.938001671801501 ], [ 164.669840546645105, -73.938865371910637 ] ] } },
{ "type": "Feature", "properties": { "surface": "rock against ice shelf" }, "geometry": { "type": "LineString", "coordinates": [ [ 165.648489911459308, -73.916434295446251 ], [ 165.649019677903937, -73.916381353497584 ] ] } },
{ "type": "Feature", "properties": { "surface": "rock against ice shelf" }, "geometry": { "type": "LineString", "coordinates": [ [ 165.544666313315332, -73.907977331442325 ], [ 165.552462732710865, -73.908812241978254 ] ] } },
{ "type": "Feature", "properties": { "surface": "rock against ice shelf" }, "geometry": { "type": "LineString", "coordinates": [ [ 165.671441895474004, -73.910895082010967 ], [ 165.680034179375326, -73.911085694030675 ] ] } },
{ "type": "Feature", "properties": { "surface": "rock against ice shelf" }, "geometry": { "type": "LineString", "coordinates": [ [ 165.469819359271895, -73.891368596382947 ], [ 165.47994142975989, -73.895853459010809 ] ] } },
{ "type": "Feature", "properties": { "surface": "rock against ice shelf" }, "geometry": { "type": "LineString", "coordinates": [ [ 161.297950025828214, -82.512940298705416 ], [ 161.234881268237444, -82.520899463145781 ] ] } },
{ "type": "Feature", "properties": { "surface": "rock against ice shelf" }, "geometry": { "type": "LineString", "coordinates": [ [ 161.336427031047492, -82.510548936616715 ], [ 161.319203825333744, -82.510946598551641 ] ] } },
{ "type": "Feature", "properties": { "surface": "rock against ice shelf" }, "geometry": { "type": "LineString", "coordinates": [ [ 161.230181816482911, -82.525772822420635 ], [ 161.230204337351921, -82.525990671917668 ] ] } },
{ "type": "Feature", "properties": { "surface": "rock against ice shelf" }, "geometry": { "type": "LineString", "coordinates": [ [ 164.482625073924169, -82.37334027400145 ], [ 164.467539196634334, -82.373841352332093 ] ] } },
{ "type": "Feature", "properties": { "surface": "rock against ice shelf" }, "geometry": { "type": "LineString", "coordinates": [ [ 162.045839326648434, -82.490687544551903 ], [ 161.901925678953234, -82.498571577851166 ] ] } },
{ "type": "Feature", "properties": { "surface": "rock against ice shelf" }, "geometry": { "type": "LineString", "coordinates": [ [ 162.209792012653111, -82.482619095895558 ], [ 162.133396360422353, -82.48571417900466 ] ] } },
{ "type": "Feature", "properties": { "surface": "rock against ice shelf" }, "geometry": { "type": "LineString", "coordinates": [ [ 160.49292696496525, -82.426880823299555 ], [ 160.611531862749047, -82.425586606032979 ] ] } },
{ "type": "Feature", "properties": { "surface": "rock against ice shelf" }, "geometry": { "type": "LineString", "coordinates": [ [ 163.289610368151983, -82.247923952680125 ], [ 163.340408261604978, -82.251815830596712 ] ] } },
{ "type": "Feature", "properties": { "surface": "rock against ice shelf" }, "geometry": { "type": "LineString", "coordinates": [ [ 163.430817192310911, -82.254581383717351 ], [ 163.486265979370017, -82.254040855042646 ] ] } },
{ "type": "Feature", "properties": { "surface": "rock against ice shelf" }, "geometry": { "type": "LineString", "coordinates": [ [ 163.415070415352375, -82.254300151035196 ], [ 163.425360178167125, -82.254593770106993 ] ] } },
{ "type": "Feature", "properties": { "surface": "rock against ice shelf" }, "geometry": { "type": "LineString", "coordinates": [ [ 167.97595732900092, -71.20357691016828 ], [ 167.970177725081442, -71.20429127092298 ] ] } },
{ "type": "Feature", "properties": { "surface": "rock against ice shelf" }, "geometry": { "type": "LineString", "coordinates": [ [ 146.715876525561015, -67.928271479299042 ], [ 146.715326208979405, -67.925898254728452 ] ] } },
{ "type": "Feature", "properties": { "surface": "rock against ice shelf" }, "geometry": { "type": "LineString", "coordinates": [ [ 146.218609825790423, -67.694676462806058 ], [ 146.217304121839788, -67.687467980377207 ] ] } },
{ "type": "Feature", "properties": { "surface": "rock against ice shelf" }, "geometry": { "type": "LineString", "coordinates": [ [ 162.095216121829992, -70.757705176967221 ], [ 162.105710680064078, -70.769973014236712 ] ] } },
{ "type": "Feature", "properties": { "surface": "rock against ice shelf" }, "geometry": { "type": "LineString", "coordinates": [ [ 162.092231674243521, -70.753913383229488 ], [ 162.093680297441324, -70.755522279620678 ] ] } },
{ "type": "Feature", "properties": { "surface": "rock against ice shelf" }, "geometry": { "type": "LineString", "coordinates": [ [ 162.088218952651317, -70.733536724481084 ], [ 162.088119905335901, -70.733661498907153 ] ] } },
{ "type": "Feature", "properties": { "surface": "rock against ice shelf" }, "geometry": { "type": "LineString", "coordinates": [ [ 167.171658542104808, -70.992128812354096 ], [ 167.178941910073775, -70.990830251457851 ] ] } },
{ "type": "Feature", "properties": { "surface": "rock against ice shelf" }, "geometry": { "type": "LineString", "coordinates": [ [ 167.442484331602714, -70.9547205474354 ], [ 167.444365450271789, -70.954415206474863 ] ] } },
{ "type": "Feature", "properties": { "surface": "rock against ice shelf" }, "geometry": { "type": "LineString", "coordinates": [ [ 169.260166944474548, -71.378320413531867 ], [ 169.255592768576747, -71.381725501246692 ] ] } },
{ "type": "Feature", "properties": { "surface": "rock against ice shelf" }, "geometry": { "type": "LineString", "coordinates": [ [ 162.09486904299348, -70.717489795428691 ], [ 162.091717558173286, -70.727333868113263 ] ] } },
{ "type": "Feature", "properties": { "surface": "rock against ice shelf" }, "geometry": { "type": "LineString", "coordinates": [ [ 162.09718743949864, -70.708942127765653 ], [ 162.09734020634022, -70.711369811878328 ] ] } },
{ "type": "Feature", "properties": { "surface": "rock against ice shelf" }, "geometry": { "type": "LineString", "coordinates": [ [ 162.087372135236905, -70.737488677736735 ], [ 162.087216489457489, -70.739035442045306 ] ] } },
{ "type": "Feature", "properties": { "surface": "rock against ice shelf" }, "geometry": { "type": "LineString", "coordinates": [ [ 162.104916059237183, -70.771288130579094 ], [ 162.104945301888108, -70.775208617199411 ] ] } },
{ "type": "Feature", "properties": { "surface": "rock against ice shelf" }, "geometry": { "type": "LineString", "coordinates": [ [ 162.175482511702342, -70.826128445817218 ], [ 162.179486756173532, -70.827794777939943 ] ] } },
{ "type": "Feature", "properties": { "surface": "rock against ice shelf" }, "geometry": { "type": "LineString", "coordinates": [ [ 162.18458852563279, -70.829706240608687 ], [ 162.186645617437819, -70.830359215179968 ] ] } },
{ "type": "Feature", "properties": { "surface": "rock against ice shelf" }, "geometry": { "type": "LineString", "coordinates": [ [ 162.087109996379525, -70.664120107701024 ], [ 162.089063866705089, -70.66853667214761 ] ] } },
{ "type": "Feature", "properties": { "surface": "rock against ice shelf" }, "geometry": { "type": "LineString", "coordinates": [ [ 162.092106515159429, -70.671161502587864 ], [ 162.090351719883671, -70.677535131905529 ] ] } },
{ "type": "Feature", "properties": { "surface": "rock against ice shelf" }, "geometry": { "type": "LineString", "coordinates": [ [ 100.565143077051815, -66.237912250253672 ], [ 100.573862560038933, -66.22687108439824 ] ] } },
{ "type": "Feature", "properties": { "surface": "rock against ice shelf" }, "geometry": { "type": "LineString", "coordinates": [ [ 100.478310302258322, -66.260979802916907 ], [ 100.481168480707723, -66.254774287764874 ] ] } },
{ "type": "Feature", "properties": { "surface": "rock against ice shelf" }, "geometry": { "type": "LineString", "coordinates": [ [ -62.489020112369801, -66.705391795186088 ], [ -62.48631457069051, -66.704929254172768 ] ] } },
{ "type": "Feature", "properties": { "surface": "rock against ice shelf" }, "geometry": { "type": "LineString", "coordinates": [ [ -62.538773951877381, -66.668250125901039 ], [ -62.539710135816584, -66.667974404919661 ] ] } },
{ "type": "Feature", "properties": { "surface": "rock against ice shelf" }, "geometry": { "type": "LineString", "coordinates": [ [ -62.504781427762737, -66.711947558861937 ], [ -62.504154942981238, -66.711827882339279 ] ] } },
{ "type": "Feature", "properties": { "surface": "rock against ice shelf" }, "geometry": { "type": "LineString", "coordinates": [ [ -63.301158455816655, -66.264471512900613 ], [ -63.300516792770189, -66.263922345096645 ] ] } },
{ "type": "Feature", "properties": { "surface": "rock against ice shelf" }, "geometry": { "type": "LineString", "coordinates": [ [ -63.299991899654529, -66.263617617778536 ], [ -63.299041991702033, -66.263075930488483 ] ] } },
{ "type": "Feature", "properties": { "surface": "rock against ice shelf" }, "geometry": { "type": "LineString", "coordinates": [ [ -63.681064899419177, -66.306553909137008 ], [ -63.680489782631454, -66.306374151638053 ] ] } },
{ "type": "Feature", "properties": { "surface": "rock against ice shelf" }, "geometry": { "type": "LineString", "coordinates": [ [ -63.690060546700792, -66.309448661378909 ], [ -63.687499649026066, -66.30852900905532 ] ] } },
{ "type": "Feature", "properties": { "surface": "rock against ice shelf" }, "geometry": { "type": "LineString", "coordinates": [ [ -64.731690214323635, -66.987808461177778 ], [ -64.729482951509226, -66.987685061540432 ] ] } },
{ "type": "Feature", "properties": { "surface": "rock against ice shelf" }, "geometry": { "type": "LineString", "coordinates": [ [ -63.702960400348076, -66.314636510731106 ], [ -63.701095438762721, -66.314143432707127 ] ] } },
{ "type": "Feature", "properties": { "surface": "rock against ice shelf" }, "geometry": { "type": "LineString", "coordinates": [ [ -64.739228621361207, -66.989009307220442 ], [ -64.738469745673058, -66.988863310310393 ] ] } },
{ "type": "Feature", "properties": { "surface": "rock against ice shelf" }, "geometry": { "type": "LineString", "coordinates": [ [ -62.538717541173433, -66.615331808375686 ], [ -62.536490412507398, -66.614355233917351 ] ] } },
{ "type": "Feature", "properties": { "surface": "rock against ice shelf" }, "geometry": { "type": "LineString", "coordinates": [ [ -64.750138995028067, -66.989669897975247 ], [ -64.747956662236206, -66.989481455628976 ] ] } },
{ "type": "Feature", "properties": { "surface": "rock against ice shelf" }, "geometry": { "type": "LineString", "coordinates": [ [ -62.399447858667557, -65.892009853468792 ], [ -62.399089803325914, -65.889373769729261 ] ] } },
{ "type": "Feature", "properties": { "surface": "rock against ice shelf" }, "geometry": { "type": "LineString", "coordinates": [ [ -62.398981058174549, -65.88895641684455 ], [ -62.398575717760849, -65.887306672753738 ] ] } },
{ "type": "Feature", "properties": { "surface": "rock against ice shelf" }, "geometry": { "type": "LineString", "coordinates": [ [ -62.398790610708353, -65.886300264087112 ], [ -62.398989939827686, -65.885414305391549 ] ] } },
{ "type": "Feature", "properties": { "surface": "rock against ice shelf" }, "geometry": { "type": "LineString", "coordinates": [ [ -63.318381084367346, -69.051811523616692 ], [ -63.323070555187222, -69.049302099248536 ] ] } },
{ "type": "Feature", "properties": { "surface": "rock against ice shelf" }, "geometry": { "type": "LineString", "coordinates": [ [ -63.585935937806184, -69.045124296922054 ], [ -63.592054610488852, -69.043898409026966 ] ] } },
{ "type": "Feature", "properties": { "surface": "rock against ice shelf" }, "geometry": { "type": "LineString", "coordinates": [ [ -63.565938592548235, -69.046651512107459 ], [ -63.577676465051191, -69.045216319080509 ] ] } },
{ "type": "Feature", "properties": { "surface": "rock against ice shelf" }, "geometry": { "type": "LineString", "coordinates": [ [ -63.317852290729334, -69.05483515164957 ], [ -63.318793166142157, -69.053028343497033 ] ] } },
{ "type": "Feature", "properties": { "surface": "rock against ice shelf" }, "geometry": { "type": "LineString", "coordinates": [ [ -63.338847284759346, -69.049674955961876 ], [ -63.342804256742973, -69.04985972277268 ] ] } },
{ "type": "Feature", "properties": { "surface": "rock against ice shelf" }, "geometry": { "type": "LineString", "coordinates": [ [ -63.310339210331044, -69.06154736654247 ], [ -63.312055500592784, -69.061058340469827 ] ] } },
{ "type": "Feature", "properties": { "surface": "rock against ice shelf" }, "geometry": { "type": "LineString", "coordinates": [ [ -63.130101032848728, -69.201376847947671 ], [ -63.130607013578334, -69.200798641203122 ] ] } },
{ "type": "Feature", "properties": { "surface": "rock against ice shelf" }, "geometry": { "type": "LineString", "coordinates": [ [ -63.598512999388909, -69.04355523893814 ], [ -63.609257696648548, -69.041953411064284 ] ] } },
{ "type": "Feature", "properties": { "surface": "rock against ice shelf" }, "geometry": { "type": "LineString", "coordinates": [ [ -64.737359218014419, -66.988646792697153 ], [ -64.73352073377329, -66.987937506340941 ] ] } },
{ "type": "Feature", "properties": { "surface": "rock against ice shelf" }, "geometry": { "type": "LineString", "coordinates": [ [ -63.373633813286816, -69.1227995612971 ], [ -63.361056564816032, -69.113954266802878 ] ] } },
{ "type": "Feature", "properties": { "surface": "rock against ice shelf" }, "geometry": { "type": "LineString", "coordinates": [ [ -65.379217266414386, -67.303614922942018 ], [ -65.379352966489506, -67.305802282201924 ] ] } },
{ "type": "Feature", "properties": { "surface": "rock against ice shelf" }, "geometry": { "type": "LineString", "coordinates": [ [ -65.010589096162903, -68.222609002912236 ], [ -65.010042210988431, -68.222595343255051 ] ] } },
{ "type": "Feature", "properties": { "surface": "rock against ice shelf" }, "geometry": { "type": "LineString", "coordinates": [ [ -65.022499350839439, -68.22356651535371 ], [ -65.021415068812544, -68.223528086459822 ] ] } },
{ "type": "Feature", "properties": { "surface": "rock against ice shelf" }, "geometry": { "type": "LineString", "coordinates": [ [ -65.56739344294607, -67.80996635774612 ], [ -65.565886548936263, -67.809447831552944 ] ] } },
{ "type": "Feature", "properties": { "surface": "rock against ice shelf" }, "geometry": { "type": "LineString", "coordinates": [ [ -65.08228563929849, -68.225760674007248 ], [ -65.081397025235347, -68.225681287685504 ] ] } },
{ "type": "Feature", "properties": { "surface": "rock against ice shelf" }, "geometry": { "type": "LineString", "coordinates": [ [ -61.278411633880481, -71.325070282050916 ], [ -61.268431219027661, -71.326080967248018 ] ] } },
{ "type": "Feature", "properties": { "surface": "rock against ice shelf" }, "geometry": { "type": "LineString", "coordinates": [ [ -61.373140333706388, -71.313067149798556 ], [ -61.365465524802481, -71.311887105109562 ] ] } },
{ "type": "Feature", "properties": { "surface": "rock against ice shelf" }, "geometry": { "type": "LineString", "coordinates": [ [ -61.19934411236683, -71.435817592499305 ], [ -61.188194979620583, -71.434180442464552 ] ] } },
{ "type": "Feature", "properties": { "surface": "rock against ice shelf" }, "geometry": { "type": "LineString", "coordinates": [ [ -61.841210302663562, -70.739283480993493 ], [ -61.822006138160184, -70.737819118641923 ] ] } },
{ "type": "Feature", "properties": { "surface": "rock against ice shelf" }, "geometry": { "type": "LineString", "coordinates": [ [ -61.905046172967857, -70.733005945356808 ], [ -61.896196234202918, -70.734225096307185 ] ] } },
{ "type": "Feature", "properties": { "surface": "rock against ice shelf" }, "geometry": { "type": "LineString", "coordinates": [ [ -61.969423822961282, -70.721323399457987 ], [ -61.964649697897087, -70.722669383860932 ] ] } },
{ "type": "Feature", "properties": { "surface": "rock against ice shelf" }, "geometry": { "type": "LineString", "coordinates": [ [ -62.145106754624905, -70.76858776047689 ], [ -62.135829929159136, -70.763619245001792 ] ] } },
{ "type": "Feature", "properties": { "surface": "rock against ice shelf" }, "geometry": { "type": "LineString", "coordinates": [ [ -62.006906949421797, -71.618479537288138 ], [ -61.987108632650241, -71.616839720166141 ] ] } },
{ "type": "Feature", "properties": { "surface": "rock against ice shelf" }, "geometry": { "type": "LineString", "coordinates": [ [ -61.197361687692847, -72.082288880382194 ], [ -61.197335615072667, -72.090447240317232 ] ] } },
{ "type": "Feature", "properties": { "surface": "rock against ice shelf" }, "geometry": { "type": "LineString", "coordinates": [ [ -61.860062144575956, -72.082298944837547 ], [ -61.864579457678545, -72.083637542175623 ] ] } },
{ "type": "Feature", "properties": { "surface": "rock against ice shelf" }, "geometry": { "type": "LineString", "coordinates": [ [ -62.144218105767223, -72.031103337982273 ], [ -62.114196596008462, -72.024747087795916 ] ] } },
{ "type": "Feature", "properties": { "surface": "rock against ice shelf" }, "geometry": { "type": "LineString", "coordinates": [ [ -65.577418325670365, -67.849852888827968 ], [ -65.574955497271617, -67.849501577585229 ] ] } },
{ "type": "Feature", "properties": { "surface": "rock against ice shelf" }, "geometry": { "type": "LineString", "coordinates": [ [ -65.584716908973817, -67.850866827666678 ], [ -65.582456999329366, -67.85047839512896 ] ] } },
{ "type": "Feature", "properties": { "surface": "rock against ice shelf" }, "geometry": { "type": "LineString", "coordinates": [ [ -60.950625831869971, -72.686630731349112 ], [ -60.951524003296363, -72.686665788786541 ] ] } },
{ "type": "Feature", "properties": { "surface": "rock against ice shelf" }, "geometry": { "type": "LineString", "coordinates": [ [ -61.390035087842769, -72.453259690534054 ], [ -61.400916987500942, -72.449760319907938 ] ] } },
{ "type": "Feature", "properties": { "surface": "rock against ice shelf" }, "geometry": { "type": "LineString", "coordinates": [ [ -65.591727003610075, -67.852476625272857 ], [ -65.590726549394944, -67.852146403808931 ] ] } },
{ "type": "Feature", "properties": { "surface": "rock against ice shelf" }, "geometry": { "type": "LineString", "coordinates": [ [ -61.12319094571442, -71.809208433536796 ], [ -61.113953946814725, -71.806331454795441 ] ] } },
{ "type": "Feature", "properties": { "surface": "rock against ice shelf" }, "geometry": { "type": "LineString", "coordinates": [ [ -61.879272430213064, -71.627896412086287 ], [ -61.799446105812066, -71.623208470230438 ] ] } },
{ "type": "Feature", "properties": { "surface": "rock against ice shelf" }, "geometry": { "type": "LineString", "coordinates": [ [ -61.921000193142213, -71.62659887433658 ], [ -61.904717741167154, -71.626975324913872 ] ] } },
{ "type": "Feature", "properties": { "surface": "rock against ice shelf" }, "geometry": { "type": "LineString", "coordinates": [ [ -61.950632761236484, -71.623252785514396 ], [ -61.934792651887562, -71.625000282456455 ] ] } },
{ "type": "Feature", "properties": { "surface": "rock against ice shelf" }, "geometry": { "type": "LineString", "coordinates": [ [ -65.590176589235725, -67.851979693010733 ], [ -65.589247611268533, -67.85171336217482 ] ] } },
{ "type": "Feature", "properties": { "surface": "rock against ice shelf" }, "geometry": { "type": "LineString", "coordinates": [ [ -61.195634058811059, -72.079604303182535 ], [ -61.196349408850168, -72.080675015290353 ] ] } },
{ "type": "Feature", "properties": { "surface": "rock against ice shelf" }, "geometry": { "type": "LineString", "coordinates": [ [ -60.984699831470849, -72.689942183265288 ], [ -60.996879457855094, -72.691076874445869 ] ] } },
{ "type": "Feature", "properties": { "surface": "rock against ice shelf" }, "geometry": { "type": "LineString", "coordinates": [ [ -62.263410280788136, -71.990763702213641 ], [ -62.275486729213654, -71.987519601937919 ] ] } },
{ "type": "Feature", "properties": { "surface": "rock against ice shelf" }, "geometry": { "type": "LineString", "coordinates": [ [ -61.021560077379355, -72.693932239343837 ], [ -61.051710473610342, -72.704013680206813 ] ] } },
{ "type": "Feature", "properties": { "surface": "rock against ice shelf" }, "geometry": { "type": "LineString", "coordinates": [ [ -62.312317879850511, -71.979661562469971 ], [ -62.336715173819989, -71.973365377942343 ] ] } },
{ "type": "Feature", "properties": { "surface": "rock against ice shelf" }, "geometry": { "type": "LineString", "coordinates": [ [ -62.243165643605934, -72.056991116331091 ], [ -62.235196874636173, -72.052552829067935 ] ] } },
{ "type": "Feature", "properties": { "surface": "rock against ice shelf" }, "geometry": { "type": "LineString", "coordinates": [ [ -62.409373003447172, -71.965758154934363 ], [ -62.413872032192344, -71.964872684490246 ] ] } },
{ "type": "Feature", "properties": { "surface": "rock against ice shelf" }, "geometry": { "type": "LineString", "coordinates": [ [ -61.240178268645117, -72.704769617078796 ], [ -61.245570702748388, -72.702257173940808 ] ] } },
{ "type": "Feature", "properties": { "surface": "rock against ice shelf" }, "geometry": { "type": "LineString", "coordinates": [ [ -63.060618945194072, -69.257921176799144 ], [ -63.062570710286607, -69.253205756694229 ] ] } },
{ "type": "Feature", "properties": { "surface": "rock against ice shelf" }, "geometry": { "type": "LineString", "coordinates": [ [ -63.055055022225297, -69.263007243132037 ], [ -63.0552534882396, -69.262678391396733 ] ] } },
{ "type": "Feature", "properties": { "surface": "rock against ice shelf" }, "geometry": { "type": "LineString", "coordinates": [ [ -63.30348115337825, -69.090476251829799 ], [ -63.303552957237997, -69.087391139976887 ] ] } },
{ "type": "Feature", "properties": { "surface": "rock against ice shelf" }, "geometry": { "type": "LineString", "coordinates": [ [ -61.263456503014375, -72.69423476292873 ], [ -61.268616543672714, -72.691418164976611 ] ] } },
{ "type": "Feature", "properties": { "surface": "rock against ice shelf" }, "geometry": { "type": "LineString", "coordinates": [ [ -61.257949285893652, -72.696594994389628 ], [ -61.260861248600605, -72.69536631651053 ] ] } },
{ "type": "Feature", "properties": { "surface": "rock against ice shelf" }, "geometry": { "type": "LineString", "coordinates": [ [ -61.429631985094929, -74.031665475150149 ], [ -61.451715386514472, -74.023717492440369 ] ] } },
{ "type": "Feature", "properties": { "surface": "rock against ice shelf" }, "geometry": { "type": "LineString", "coordinates": [ [ -61.631293364110299, -73.96182905086188 ], [ -61.647764291927452, -73.958643246615623 ] ] } },
{ "type": "Feature", "properties": { "surface": "rock against ice shelf" }, "geometry": { "type": "LineString", "coordinates": [ [ -61.696512676727998, -73.945526638107637 ], [ -61.698956633485949, -73.94530765344274 ] ] } },
{ "type": "Feature", "properties": { "surface": "rock against ice shelf" }, "geometry": { "type": "LineString", "coordinates": [ [ -61.787333563303385, -73.930416521176525 ], [ -61.794080000777861, -73.929491006941547 ] ] } },
{ "type": "Feature", "properties": { "surface": "rock against ice shelf" }, "geometry": { "type": "LineString", "coordinates": [ [ -63.055616198887286, -69.266206606983545 ], [ -63.055666805786551, -69.265714777890381 ] ] } },
{ "type": "Feature", "properties": { "surface": "rock against ice shelf" }, "geometry": { "type": "LineString", "coordinates": [ [ -61.302760361616706, -72.679951655588809 ], [ -61.309332573935514, -72.678959585823705 ] ] } },
{ "type": "Feature", "properties": { "surface": "rock against ice shelf" }, "geometry": { "type": "LineString", "coordinates": [ [ -61.324815742031276, -72.677347230952833 ], [ -61.327235382467741, -72.677058990022246 ] ] } },
{ "type": "Feature", "properties": { "surface": "rock against ice shelf" }, "geometry": { "type": "LineString", "coordinates": [ [ -61.684448367044126, -73.994155469899951 ], [ -61.674975673895403, -73.992666246548922 ] ] } },
{ "type": "Feature", "properties": { "surface": "rock against ice shelf" }, "geometry": { "type": "LineString", "coordinates": [ [ -81.305347151310031, -79.329285221728114 ], [ -81.306664721643628, -79.326615606219505 ] ] } },
{ "type": "Feature", "properties": { "surface": "rock against ice shelf" }, "geometry": { "type": "LineString", "coordinates": [ [ -83.837393635080517, -78.484812303988122 ], [ -83.843324995587125, -78.47878063394387 ] ] } },
{ "type": "Feature", "properties": { "surface": "rock against ice shelf" }, "geometry": { "type": "LineString", "coordinates": [ [ -63.053695701494568, -69.269770210437017 ], [ -63.054010083927842, -69.268853723768459 ] ] } },
{ "type": "Feature", "properties": { "surface": "rock against ice shelf" }, "geometry": { "type": "LineString", "coordinates": [ [ -63.0544332570827, -69.268238823177498 ], [ -63.055257198771777, -69.267173750497633 ] ] } },
{ "type": "Feature", "properties": { "surface": "rock against ice shelf" }, "geometry": { "type": "LineString", "coordinates": [ [ -63.31217853636204, -69.09338049756019 ], [ -63.310090983440539, -69.092908932608523 ] ] } },
{ "type": "Feature", "properties": { "surface": "rock against ice shelf" }, "geometry": { "type": "LineString", "coordinates": [ [ -63.056941216512747, -69.260882748296282 ], [ -63.059637959734495, -69.258972042709658 ] ] } },
{ "type": "Feature", "properties": { "surface": "rock against ice shelf" }, "geometry": { "type": "LineString", "coordinates": [ [ -61.619487798189105, -73.266778967040793 ], [ -61.629487816349553, -73.259777694240455 ] ] } },
{ "type": "Feature", "properties": { "surface": "rock against ice shelf" }, "geometry": { "type": "LineString", "coordinates": [ [ -63.352596353727556, -69.108808514507089 ], [ -63.350261818303863, -69.107396577871654 ] ] } },
{ "type": "Feature", "properties": { "surface": "rock against ice shelf" }, "geometry": { "type": "LineString", "coordinates": [ [ -63.357664301114376, -69.111885722163763 ], [ -63.354710920130465, -69.110088738736934 ] ] } },
{ "type": "Feature", "properties": { "surface": "rock against ice shelf" }, "geometry": { "type": "LineString", "coordinates": [ [ -63.464653711303193, -69.056420837802733 ], [ -63.466651693599701, -69.057138714685578 ] ] } },
{ "type": "Feature", "properties": { "surface": "rock against ice shelf" }, "geometry": { "type": "LineString", "coordinates": [ [ -61.768861856361781, -73.228552359741343 ], [ -61.779051672446265, -73.227310469344218 ] ] } },
{ "type": "Feature", "properties": { "surface": "rock against ice shelf" }, "geometry": { "type": "LineString", "coordinates": [ [ -60.69408686029071, -73.393006363919042 ], [ -60.695750802019219, -73.388096517524133 ] ] } },
{ "type": "Feature", "properties": { "surface": "rock against ice shelf" }, "geometry": { "type": "LineString", "coordinates": [ [ -61.788856576177842, -73.370492115297424 ], [ -61.674433054660696, -73.375907826176586 ] ] } },
{ "type": "Feature", "properties": { "surface": "rock against ice shelf" }, "geometry": { "type": "LineString", "coordinates": [ [ -61.851635526970249, -73.415347570418632 ], [ -61.85362093409762, -73.415369003750811 ] ] } },
{ "type": "Feature", "properties": { "surface": "rock against ice shelf" }, "geometry": { "type": "LineString", "coordinates": [ [ -63.477049672735703, -69.058049897889703 ], [ -63.478981057887992, -69.058088354377688 ] ] } },
{ "type": "Feature", "properties": { "surface": "rock against ice shelf" }, "geometry": { "type": "LineString", "coordinates": [ [ -63.47046726381177, -69.057545405540822 ], [ -63.474756216671764, -69.057888802499278 ] ] } },
{ "type": "Feature", "properties": { "surface": "rock against ice shelf" }, "geometry": { "type": "LineString", "coordinates": [ [ -63.615942417709455, -69.04065510787278 ], [ -63.623623861737805, -69.038504910165983 ] ] } },
{ "type": "Feature", "properties": { "surface": "rock against ice shelf" }, "geometry": { "type": "LineString", "coordinates": [ [ -63.074180162466128, -69.243363024389268 ], [ -63.076870661346447, -69.241812328754477 ] ] } },
{ "type": "Feature", "properties": { "surface": "rock against ice shelf" }, "geometry": { "type": "LineString", "coordinates": [ [ -63.625792503085449, -69.037845605268572 ], [ -63.634690500463329, -69.035326378506412 ] ] } },
{ "type": "Feature", "properties": { "surface": "rock against ice shelf" }, "geometry": { "type": "LineString", "coordinates": [ [ -68.189910994348992, -70.230464376164946 ], [ -68.18502793510909, -70.231576110676812 ] ] } },
{ "type": "Feature", "properties": { "surface": "rock against ice shelf" }, "geometry": { "type": "LineString", "coordinates": [ [ -68.171800205014108, -70.234523686317445 ], [ -68.169655453287191, -70.234997089257831 ] ] } },
{ "type": "Feature", "properties": { "surface": "rock against ice shelf" }, "geometry": { "type": "LineString", "coordinates": [ [ -64.754881089447423, -66.990094480438444 ], [ -64.751215804581435, -66.989767522581246 ] ] } },
{ "type": "Feature", "properties": { "surface": "rock against ice shelf" }, "geometry": { "type": "LineString", "coordinates": [ [ -62.740566310105429, -68.454256719018176 ], [ -62.716570983408275, -68.456262242499662 ] ] } },
{ "type": "Feature", "properties": { "surface": "rock against ice shelf" }, "geometry": { "type": "LineString", "coordinates": [ [ -60.859469225896063, -72.535258715522019 ], [ -60.808056623365097, -72.541969520009033 ] ] } },
{ "type": "Feature", "properties": { "surface": "rock against ice shelf" }, "geometry": { "type": "LineString", "coordinates": [ [ -72.330488805546736, -69.690053335287587 ], [ -72.331730918926979, -69.689801903726575 ] ] } },
{ "type": "Feature", "properties": { "surface": "rock against ice shelf" }, "geometry": { "type": "LineString", "coordinates": [ [ -63.819320747489087, -66.541768143783003 ], [ -63.815363578046501, -66.53681820007732 ] ] } },
{ "type": "Feature", "properties": { "surface": "rock against ice shelf" }, "geometry": { "type": "LineString", "coordinates": [ [ -63.906600674990095, -66.605009087804021 ], [ -63.903785592039398, -66.604794513520389 ] ] } },
{ "type": "Feature", "properties": { "surface": "rock against ice shelf" }, "geometry": { "type": "LineString", "coordinates": [ [ -64.724949867422808, -66.987424954151464 ], [ -64.724453700356051, -66.987396898057668 ] ] } },
{ "type": "Feature", "properties": { "surface": "rock against ice shelf" }, "geometry": { "type": "LineString", "coordinates": [ [ -65.421732286094624, -67.710885217171437 ], [ -65.421035895115196, -67.710833956664388 ] ] } },
{ "type": "Feature", "properties": { "surface": "rock against ice shelf" }, "geometry": { "type": "LineString", "coordinates": [ [ -64.077554967810869, -66.631667790012841 ], [ -64.068099118533439, -66.624324813136795 ] ] } },
{ "type": "Feature", "properties": { "surface": "rock against ice shelf" }, "geometry": { "type": "LineString", "coordinates": [ [ -64.118266433685037, -66.673461356534943 ], [ -64.117585598469418, -66.672685831678663 ] ] } },
{ "type": "Feature", "properties": { "surface": "rock against ice shelf" }, "geometry": { "type": "LineString", "coordinates": [ [ -64.72737959556892, -66.987564670975019 ], [ -64.726282015666584, -66.987503127234888 ] ] } },
{ "type": "Feature", "properties": { "surface": "rock against ice shelf" }, "geometry": { "type": "LineString", "coordinates": [ [ -64.760437816991086, -66.990264900181103 ], [ -64.759657771576641, -66.990244996178291 ] ] } },
{ "type": "Feature", "properties": { "surface": "rock against ice shelf" }, "geometry": { "type": "LineString", "coordinates": [ [ -64.369351323017398, -66.91381450620645 ], [ -64.368013424654052, -66.913573042164259 ] ] } },
{ "type": "Feature", "properties": { "surface": "rock against ice shelf" }, "geometry": { "type": "LineString", "coordinates": [ [ -63.761423219828622, -66.439960502965675 ], [ -63.760853463243357, -66.439889102901219 ] ] } },
{ "type": "Feature", "properties": { "surface": "rock against ice shelf" }, "geometry": { "type": "LineString", "coordinates": [ [ -64.692952915538157, -66.935978625163202 ], [ -64.692921314450814, -66.935206957239345 ] ] } },
{ "type": "Feature", "properties": { "surface": "rock against ice shelf" }, "geometry": { "type": "LineString", "coordinates": [ [ -63.772915703634915, -66.440492745000668 ], [ -63.771636558303939, -66.440288450001702 ] ] } },
{ "type": "Feature", "properties": { "surface": "rock against ice shelf" }, "geometry": { "type": "LineString", "coordinates": [ [ -64.738926397545782, -67.15958343023631 ], [ -64.735743182366832, -67.158738656724822 ] ] } },
{ "type": "Feature", "properties": { "surface": "rock against ice shelf" }, "geometry": { "type": "LineString", "coordinates": [ [ -61.035333379109254, -66.084571309738678 ], [ -61.03438221739831, -66.084221799275824 ] ] } },
{ "type": "Feature", "properties": { "surface": "rock against ice shelf" }, "geometry": { "type": "LineString", "coordinates": [ [ -64.7426149649976, -67.161279959295697 ], [ -64.74062001223308, -67.159930269589324 ] ] } },
{ "type": "Feature", "properties": { "surface": "rock against ice shelf" }, "geometry": { "type": "LineString", "coordinates": [ [ -64.754725369645485, -67.165553771319878 ], [ -64.751311084670263, -67.164998130839336 ] ] } },
{ "type": "Feature", "properties": { "surface": "rock against ice shelf" }, "geometry": { "type": "LineString", "coordinates": [ [ -60.917968003689467, -66.263757935972833 ], [ -60.918620645644538, -66.263485247524272 ] ] } },
{ "type": "Feature", "properties": { "surface": "rock against ice shelf" }, "geometry": { "type": "LineString", "coordinates": [ [ -60.927862229067934, -66.265946017262607 ], [ -60.92869079396263, -66.265332774724314 ] ] } },
{ "type": "Feature", "properties": { "surface": "rock against ice shelf" }, "geometry": { "type": "LineString", "coordinates": [ [ -64.948930968544971, -67.198574525239835 ], [ -64.943783562243809, -67.198921200374841 ] ] } },
{ "type": "Feature", "properties": { "surface": "rock against ice shelf" }, "geometry": { "type": "LineString", "coordinates": [ [ -64.959836000554688, -67.198876094009975 ], [ -64.959230290086253, -67.198858809566943 ] ] } },
{ "type": "Feature", "properties": { "surface": "rock against ice shelf" }, "geometry": { "type": "LineString", "coordinates": [ [ -62.489821457950278, -66.655840903563671 ], [ -62.49003564928335, -66.655916252921784 ] ] } },
{ "type": "Feature", "properties": { "surface": "rock against ice shelf" }, "geometry": { "type": "LineString", "coordinates": [ [ -65.345546637689921, -68.283269504753889 ], [ -65.345190039786303, -68.283066472595721 ] ] } },
{ "type": "Feature", "properties": { "surface": "rock against ice shelf" }, "geometry": { "type": "LineString", "coordinates": [ [ -64.903378511789441, -66.991167026599243 ], [ -64.90155342849107, -66.990934786949794 ] ] } },
{ "type": "Feature", "properties": { "surface": "rock against ice shelf" }, "geometry": { "type": "LineString", "coordinates": [ [ -64.746156075116346, -66.989411197766472 ], [ -64.741489400541852, -66.989058042475051 ] ] } },
{ "type": "Feature", "properties": { "surface": "rock against ice shelf" }, "geometry": { "type": "LineString", "coordinates": [ [ -62.488750379826143, -66.655381385226704 ], [ -62.489383099670043, -66.65566890333136 ] ] } },
{ "type": "Feature", "properties": { "surface": "rock against ice shelf" }, "geometry": { "type": "LineString", "coordinates": [ [ -62.487284793190028, -66.654711347884657 ], [ -62.487840149762256, -66.654943121402098 ] ] } },
{ "type": "Feature", "properties": { "surface": "rock against ice shelf" }, "geometry": { "type": "LineString", "coordinates": [ [ -62.539779927075195, -66.615931441614293 ], [ -62.539347648977419, -66.615622612702325 ] ] } },
{ "type": "Feature", "properties": { "surface": "rock against ice shelf" }, "geometry": { "type": "LineString", "coordinates": [ [ -62.459020546871749, -66.686037839591009 ], [ -62.460454072474228, -66.685799299178399 ] ] } },
{ "type": "Feature", "properties": { "surface": "rock against ice shelf" }, "geometry": { "type": "LineString", "coordinates": [ [ -62.455844015667246, -66.686911279007674 ], [ -62.458198532184078, -66.686139150428247 ] ] } },
{ "type": "Feature", "properties": { "surface": "rock against ice shelf" }, "geometry": { "type": "LineString", "coordinates": [ [ -62.465564197699337, -66.695117933738118 ], [ -62.465110147432945, -66.694526189420188 ] ] } },
{ "type": "Feature", "properties": { "surface": "rock against ice shelf" }, "geometry": { "type": "LineString", "coordinates": [ [ -62.469062705540168, -66.700982683913082 ], [ -62.468347069064315, -66.700814639490403 ] ] } },
{ "type": "Feature", "properties": { "surface": "rock against ice shelf" }, "geometry": { "type": "LineString", "coordinates": [ [ -62.472003647582575, -66.701561296440318 ], [ -62.469374306127627, -66.701047293379688 ] ] } },
{ "type": "Feature", "properties": { "surface": "rock against ice shelf" }, "geometry": { "type": "LineString", "coordinates": [ [ -62.475396513238394, -66.702150401145474 ], [ -62.473970361374704, -66.701807681564105 ] ] } },
{ "type": "Feature", "properties": { "surface": "rock against ice shelf" }, "geometry": { "type": "LineString", "coordinates": [ [ -62.478221304168883, -66.702875365253192 ], [ -62.477669093567705, -66.702735223051079 ] ] } },
{ "type": "Feature", "properties": { "surface": "rock against ice shelf" }, "geometry": { "type": "LineString", "coordinates": [ [ -62.112826556151433, -65.720380969966001 ], [ -62.111936309399667, -65.719896412656965 ] ] } },
{ "type": "Feature", "properties": { "surface": "rock against ice shelf" }, "geometry": { "type": "LineString", "coordinates": [ [ -62.139100905419731, -65.731490031935991 ], [ -62.133265298666423, -65.731014313252288 ] ] } },
{ "type": "Feature", "properties": { "surface": "rock against ice shelf" }, "geometry": { "type": "LineString", "coordinates": [ [ -65.378397922590125, -67.316937733752241 ], [ -65.377600784685299, -67.319021585546992 ] ] } },
{ "type": "Feature", "properties": { "surface": "rock against ice shelf" }, "geometry": { "type": "LineString", "coordinates": [ [ -65.378843018619207, -67.311046438028683 ], [ -65.378252381553182, -67.314335354286968 ] ] } },
{ "type": "Feature", "properties": { "surface": "rock against ice shelf" }, "geometry": { "type": "LineString", "coordinates": [ [ -65.379611560709719, -67.307360980342395 ], [ -65.379407561419868, -67.309172535241501 ] ] } },
{ "type": "Feature", "properties": { "surface": "rock against ice shelf" }, "geometry": { "type": "LineString", "coordinates": [ [ -63.770788365540376, -66.44015334265417 ], [ -63.767714464236136, -66.440064747443486 ] ] } },
{ "type": "Feature", "properties": { "surface": "rock against ice shelf" }, "geometry": { "type": "LineString", "coordinates": [ [ -62.523754805557481, -66.606096277499077 ], [ -62.521451644156954, -66.605146608547471 ] ] } },
{ "type": "Feature", "properties": { "surface": "rock against ice shelf" }, "geometry": { "type": "LineString", "coordinates": [ [ -62.520880722445447, -66.604828907302959 ], [ -62.520519764607492, -66.604561285330604 ] ] } },
{ "type": "Feature", "properties": { "surface": "rock against ice shelf" }, "geometry": { "type": "LineString", "coordinates": [ [ -62.474474985934776, -66.651105798630539 ], [ -62.475050728502843, -66.651321740200501 ] ] } },
{ "type": "Feature", "properties": { "surface": "rock against ice shelf" }, "geometry": { "type": "LineString", "coordinates": [ [ -62.53107288279535, -66.610868331511654 ], [ -62.530520778163464, -66.610545839642313 ] ] } },
{ "type": "Feature", "properties": { "surface": "rock against ice shelf" }, "geometry": { "type": "LineString", "coordinates": [ [ -62.477123025304792, -66.652094110735788 ], [ -62.477970280191542, -66.652521978389856 ] ] } },
{ "type": "Feature", "properties": { "surface": "rock against ice shelf" }, "geometry": { "type": "LineString", "coordinates": [ [ -62.480972723172925, -66.653728165194536 ], [ -62.48228900837762, -66.653609324576848 ] ] } },
{ "type": "Feature", "properties": { "surface": "rock against ice shelf" }, "geometry": { "type": "LineString", "coordinates": [ [ -4.262743510460139, -71.348544616227997 ], [ -4.267379829426298, -71.347523629797635 ] ] } },
{ "type": "Feature", "properties": { "surface": "rock against ice shelf" }, "geometry": { "type": "LineString", "coordinates": [ [ -3.91133723463789, -71.298338675805809 ], [ -3.915796751951057, -71.296890689699609 ] ] } },
{ "type": "Feature", "properties": { "surface": "rock against ice shelf" }, "geometry": { "type": "LineString", "coordinates": [ [ -67.628584608368698, -71.42528775230663 ], [ -67.624365494537471, -71.427432894222292 ] ] } },
{ "type": "Feature", "properties": { "surface": "rock against ice shelf" }, "geometry": { "type": "LineString", "coordinates": [ [ -60.968196419674818, -72.371279069461096 ], [ -60.971901949319175, -72.371117569040251 ] ] } },
{ "type": "Feature", "properties": { "surface": "rock against ice shelf" }, "geometry": { "type": "LineString", "coordinates": [ [ -64.925564809560896, -68.029883431127459 ], [ -64.925391205543193, -68.02970464295332 ] ] } },
{ "type": "Feature", "properties": { "surface": "rock against ice shelf" }, "geometry": { "type": "LineString", "coordinates": [ [ -63.483657031273978, -68.947237999369463 ], [ -63.479404462830317, -68.947605241902124 ] ] } },
{ "type": "Feature", "properties": { "surface": "rock against ice shelf" }, "geometry": { "type": "LineString", "coordinates": [ [ -63.403145661478881, -68.87549176295451 ], [ -63.40485292899907, -68.873935268994245 ] ] } },
{ "type": "Feature", "properties": { "surface": "rock against ice shelf" }, "geometry": { "type": "LineString", "coordinates": [ [ -63.464905861154421, -68.807163443453376 ], [ -63.46449704688483, -68.807195377336711 ] ] } },
{ "type": "Feature", "properties": { "surface": "rock against ice shelf" }, "geometry": { "type": "LineString", "coordinates": [ [ -63.419912860690708, -68.815121965159364 ], [ -63.417576079888505, -68.815570205512017 ] ] } },
{ "type": "Feature", "properties": { "surface": "rock against ice shelf" }, "geometry": { "type": "LineString", "coordinates": [ [ -63.853926535564419, -66.381451601529363 ], [ -63.853340190605707, -66.381384665433728 ] ] } },
{ "type": "Feature", "properties": { "surface": "rock against ice shelf" }, "geometry": { "type": "LineString", "coordinates": [ [ -63.850146264399157, -66.381116482443659 ], [ -63.849426033857306, -66.381057108865576 ] ] } },
{ "type": "Feature", "properties": { "surface": "rock against ice shelf" }, "geometry": { "type": "LineString", "coordinates": [ [ -63.848604183173791, -66.380998579010367 ], [ -63.846518146879959, -66.380989119643147 ] ] } },
{ "type": "Feature", "properties": { "surface": "rock against ice shelf" }, "geometry": { "type": "LineString", "coordinates": [ [ -63.825431983741858, -66.380691929773775 ], [ -63.820918054351765, -66.380526241906054 ] ] } },
{ "type": "Feature", "properties": { "surface": "rock against ice shelf" }, "geometry": { "type": "LineString", "coordinates": [ [ -63.768581603487036, -66.381203662489725 ], [ -63.767769384465751, -66.381163369366348 ] ] } },
{ "type": "Feature", "properties": { "surface": "rock against ice shelf" }, "geometry": { "type": "LineString", "coordinates": [ [ -63.765120460134455, -66.381005031571689 ], [ -63.764708826374878, -66.38098038534298 ] ] } },
{ "type": "Feature", "properties": { "surface": "rock against ice shelf" }, "geometry": { "type": "LineString", "coordinates": [ [ -63.762976371823598, -66.380878391287183 ], [ -63.762416828317491, -66.380847639287353 ] ] } },
{ "type": "Feature", "properties": { "surface": "rock against ice shelf" }, "geometry": { "type": "LineString", "coordinates": [ [ -63.640161255827842, -66.385143605616904 ], [ -63.639357635104098, -66.385129114895506 ] ] } },
{ "type": "Feature", "properties": { "surface": "rock against ice shelf" }, "geometry": { "type": "LineString", "coordinates": [ [ -63.504543548968094, -66.2284943548309 ], [ -63.5038248159604, -66.228614723777824 ] ] } },
{ "type": "Feature", "properties": { "surface": "rock against ice shelf" }, "geometry": { "type": "LineString", "coordinates": [ [ -63.401994411382674, -66.255596837913842 ], [ -63.401433421026937, -66.255819117482147 ] ] } },
{ "type": "Feature", "properties": { "surface": "rock against ice shelf" }, "geometry": { "type": "LineString", "coordinates": [ [ -67.597735718618338, -71.464307107152337 ], [ -67.595061482563807, -71.472168163999257 ] ] } },
{ "type": "Feature", "properties": { "surface": "rock against ice shelf" }, "geometry": { "type": "LineString", "coordinates": [ [ -63.245925603520149, -75.169384635693504 ], [ -63.177966916500218, -75.161659090444417 ] ] } },
{ "type": "Feature", "properties": { "surface": "rock against ice shelf" }, "geometry": { "type": "LineString", "coordinates": [ [ -67.546926097085091, -71.30760366979095 ], [ -67.554763274045428, -71.316465702497851 ] ] } },
{ "type": "Feature", "properties": { "surface": "rock against ice shelf" }, "geometry": { "type": "LineString", "coordinates": [ [ -67.529882562030508, -71.286552937639684 ], [ -67.54429442645079, -71.300363848623647 ] ] } },
{ "type": "Feature", "properties": { "surface": "rock against ice shelf" }, "geometry": { "type": "LineString", "coordinates": [ [ -67.519528856667776, -71.284015299089447 ], [ -67.52783591443611, -71.285962373240636 ] ] } },
{ "type": "Feature", "properties": { "surface": "rock against ice shelf" }, "geometry": { "type": "LineString", "coordinates": [ [ -67.495614545361647, -71.272529100009223 ], [ -67.49910754498714, -71.277971903165337 ] ] } },
{ "type": "Feature", "properties": { "surface": "rock against ice shelf" }, "geometry": { "type": "LineString", "coordinates": [ [ -67.431187543359556, -71.031461487346959 ], [ -67.433893569834581, -71.035145413549486 ] ] } },
{ "type": "Feature", "properties": { "surface": "rock against ice shelf" }, "geometry": { "type": "LineString", "coordinates": [ [ -67.426870680294812, -71.026878227168453 ], [ -67.429353059317734, -71.029167159646647 ] ] } },
{ "type": "Feature", "properties": { "surface": "rock against ice shelf" }, "geometry": { "type": "LineString", "coordinates": [ [ -67.410380547144442, -71.018114742571214 ], [ -67.41711549349435, -71.020667104278971 ] ] } },
{ "type": "Feature", "properties": { "surface": "rock against ice shelf" }, "geometry": { "type": "LineString", "coordinates": [ [ -67.870547313477942, -70.491032601853135 ], [ -67.869726635083836, -70.493523757530468 ] ] } },
{ "type": "Feature", "properties": { "surface": "rock against ice shelf" }, "geometry": { "type": "LineString", "coordinates": [ [ -61.214949566217683, -72.743428180043026 ], [ -61.214703954272792, -72.742760888691336 ] ] } },
{ "type": "Feature", "properties": { "surface": "rock against ice shelf" }, "geometry": { "type": "LineString", "coordinates": [ [ -61.211250107450816, -72.735155708898603 ], [ -61.211099609118669, -72.73461610036307 ] ] } },
{ "type": "Feature", "properties": { "surface": "rock against ice shelf" }, "geometry": { "type": "LineString", "coordinates": [ [ -61.180640589297255, -72.652399502025148 ], [ -61.189076204401552, -72.650264242644909 ] ] } },
{ "type": "Feature", "properties": { "surface": "rock against ice shelf" }, "geometry": { "type": "LineString", "coordinates": [ [ -60.942103549645019, -72.368663762710938 ], [ -60.959876856477948, -72.370856664723945 ] ] } },
{ "type": "Feature", "properties": { "surface": "rock against ice shelf" }, "geometry": { "type": "LineString", "coordinates": [ [ -60.900127932993286, -72.366650951501327 ], [ -60.911205492932346, -72.366561439518534 ] ] } },
{ "type": "Feature", "properties": { "surface": "rock against ice shelf" }, "geometry": { "type": "LineString", "coordinates": [ [ -60.919791268140457, -72.33411139687567 ], [ -60.919738586358939, -72.333174832433045 ] ] } },
{ "type": "Feature", "properties": { "surface": "rock against ice shelf" }, "geometry": { "type": "LineString", "coordinates": [ [ -61.065641618341836, -71.853181847458018 ], [ -61.053860957129579, -71.855290174278821 ] ] } },
{ "type": "Feature", "properties": { "surface": "rock against ice shelf" }, "geometry": { "type": "LineString", "coordinates": [ [ -60.931182135440721, -71.658581284690072 ], [ -60.935499048728595, -71.661028522892423 ] ] } },
{ "type": "Feature", "properties": { "surface": "rock against ice shelf" }, "geometry": { "type": "LineString", "coordinates": [ [ -65.215713760314372, -68.513783280703123 ], [ -65.214237456873107, -68.514015955298731 ] ] } },
{ "type": "Feature", "properties": { "surface": "rock against ice shelf" }, "geometry": { "type": "LineString", "coordinates": [ [ -65.411536375463285, -68.299341125216159 ], [ -65.41093698042441, -68.299234529831381 ] ] } },
{ "type": "Feature", "properties": { "surface": "rock against ice shelf" }, "geometry": { "type": "LineString", "coordinates": [ [ -65.391144544094615, -68.298905834633004 ], [ -65.390804941098281, -68.298740902484255 ] ] } },
{ "type": "Feature", "properties": { "surface": "rock against ice shelf" }, "geometry": { "type": "LineString", "coordinates": [ [ -65.386696209440885, -68.296606991809583 ], [ -65.385972013525716, -68.296442923854926 ] ] } },
{ "type": "Feature", "properties": { "surface": "rock against ice shelf" }, "geometry": { "type": "LineString", "coordinates": [ [ -65.385511852000548, -68.296338097979856 ], [ -65.384858809362996, -68.296186772629241 ] ] } },
{ "type": "Feature", "properties": { "surface": "rock against ice shelf" }, "geometry": { "type": "LineString", "coordinates": [ [ -65.383321202323089, -68.295838976027028 ], [ -65.382905080336329, -68.295742976350496 ] ] } },
{ "type": "Feature", "properties": { "surface": "rock against ice shelf" }, "geometry": { "type": "LineString", "coordinates": [ [ -65.370654768054379, -68.292986476951782 ], [ -65.370404207131259, -68.292833638645504 ] ] } },
{ "type": "Feature", "properties": { "surface": "rock against ice shelf" }, "geometry": { "type": "LineString", "coordinates": [ [ -65.369996648258166, -68.292091928932138 ], [ -65.36976151473975, -68.291519231592915 ] ] } },
{ "type": "Feature", "properties": { "surface": "rock against ice shelf" }, "geometry": { "type": "LineString", "coordinates": [ [ -64.817625803505919, -68.173031378791507 ], [ -64.816713700335157, -68.172990395461127 ] ] } },
{ "type": "Feature", "properties": { "surface": "rock against ice shelf" }, "geometry": { "type": "LineString", "coordinates": [ [ -64.947445437489378, -68.035130108652027 ], [ -64.946025174432847, -68.03479664374656 ] ] } },
{ "type": "Feature", "properties": { "surface": "rock against ice shelf" }, "geometry": { "type": "LineString", "coordinates": [ [ -64.945300066640243, -68.03466718847713 ], [ -64.944650911718497, -68.034555140149507 ] ] } },
{ "type": "Feature", "properties": { "surface": "rock against ice shelf" }, "geometry": { "type": "LineString", "coordinates": [ [ -64.942701321927572, -68.034227424401081 ], [ -64.941926832569749, -68.034115090058179 ] ] } },
{ "type": "Feature", "properties": { "surface": "rock against ice shelf" }, "geometry": { "type": "LineString", "coordinates": [ [ -64.931330217732722, -68.033214721110141 ], [ -64.930724504034828, -68.0329614446253 ] ] } },
{ "type": "Feature", "properties": { "surface": "rock against ice shelf" }, "geometry": { "type": "LineString", "coordinates": [ [ -64.929596417970615, -68.03248065479616 ], [ -64.929262573526543, -68.032334706774662 ] ] } },
{ "type": "Feature", "properties": { "surface": "rock against ice shelf" }, "geometry": { "type": "LineString", "coordinates": [ [ -64.928075597235463, -68.031814945201575 ], [ -64.927551750415077, -68.031570395650576 ] ] } },
{ "type": "Feature", "properties": { "surface": "rock against ice shelf" }, "geometry": { "type": "LineString", "coordinates": [ [ -64.926598004355057, -68.030942412910534 ], [ -64.925798479273553, -68.030134032467359 ] ] } },
{ "type": "Feature", "properties": { "surface": "rock against ice shelf" }, "geometry": { "type": "LineString", "coordinates": [ [ -61.608566346599751, -70.501886143215771 ], [ -61.609128178354013, -70.501914632090035 ] ] } },
{ "type": "Feature", "properties": { "surface": "rock against ice shelf" }, "geometry": { "type": "LineString", "coordinates": [ [ -61.642018967192783, -70.620548077568799 ], [ -61.63765412168398, -70.616237953664907 ] ] } },
{ "type": "Feature", "properties": { "surface": "rock against ice shelf" }, "geometry": { "type": "LineString", "coordinates": [ [ -62.481832496374999, -66.704118393389649 ], [ -62.481119140666763, -66.703929583225062 ] ] } },
{ "type": "Feature", "properties": { "surface": "rock against ice shelf" }, "geometry": { "type": "LineString", "coordinates": [ [ -60.091642454451922, -64.967840661628927 ], [ -60.070736875392669, -64.977002693649411 ] ] } },
{ "type": "Feature", "properties": { "surface": "rock against ice shelf" }, "geometry": { "type": "LineString", "coordinates": [ [ -60.299913062051125, -65.026126364727233 ], [ -60.292590870090763, -65.011618324872629 ] ] } },
{ "type": "Feature", "properties": { "surface": "rock against ice shelf" }, "geometry": { "type": "LineString", "coordinates": [ [ -62.534155026533426, -66.665984443813088 ], [ -62.535140413162345, -66.666243238094623 ] ] } },
{ "type": "Feature", "properties": { "surface": "rock against ice shelf" }, "geometry": { "type": "LineString", "coordinates": [ [ -63.112352498272301, -69.21569187259125 ], [ -63.114438059165678, -69.214241838471594 ] ] } },
{ "type": "Feature", "properties": { "surface": "rock against ice shelf" }, "geometry": { "type": "LineString", "coordinates": [ [ -63.108845348012053, -69.218842670074963 ], [ -63.109904451959956, -69.217822504304877 ] ] } },
{ "type": "Feature", "properties": { "surface": "rock against ice shelf" }, "geometry": { "type": "LineString", "coordinates": [ [ 75.210946554475541, -69.868025297461358 ], [ 75.21562880839177, -69.870060864678962 ] ] } },
{ "type": "Feature", "properties": { "surface": "rock against ice shelf" }, "geometry": { "type": "LineString", "coordinates": [ [ 78.271387526638776, -68.652387488409317 ], [ 78.286758374373832, -68.651149176049643 ] ] } },
{ "type": "Feature", "properties": { "surface": "rock against ice shelf" }, "geometry": { "type": "LineString", "coordinates": [ [ 78.261864130121879, -68.652920589252062 ], [ 78.267076401789538, -68.651766623452758 ] ] } },
{ "type": "Feature", "properties": { "surface": "rock against ice shelf" }, "geometry": { "type": "LineString", "coordinates": [ [ 59.370595362774708, -67.396030801979649 ], [ 59.366274937446889, -67.395747589875839 ], [ 59.366868661499552, -67.393333044411264 ], [ 59.370573667682329, -67.394061108949955 ], [ 59.370595362774708, -67.396030801979649 ] ] } },
{ "type": "Feature", "properties": { "surface": "rock against ice shelf" }, "geometry": { "type": "LineString", "coordinates": [ [ 76.404792262741168, -69.410447748124341 ], [ 76.404918274863505, -69.408662776616907 ] ] } },
{ "type": "Feature", "properties": { "surface": "rock against ice shelf" }, "geometry": { "type": "LineString", "coordinates": [ [ 75.203506497031881, -69.864043682676098 ], [ 75.205920162233966, -69.865646656424943 ] ] } },
{ "type": "Feature", "properties": { "surface": "rock against ice shelf" }, "geometry": { "type": "LineString", "coordinates": [ [ 75.206811963907384, -69.866314869452665 ], [ 75.209634481665702, -69.867216803982117 ] ] } },
{ "type": "Feature", "properties": { "surface": "rock against ice shelf" }, "geometry": { "type": "LineString", "coordinates": [ [ 75.186274066065906, -69.860192837321108 ], [ 75.187899545847102, -69.861670991363283 ] ] } },
{ "type": "Feature", "properties": { "surface": "rock against ice shelf" }, "geometry": { "type": "LineString", "coordinates": [ [ 75.190850354298092, -69.869789353672829 ], [ 75.190883732007038, -69.870511287736804 ] ] } },
{ "type": "Feature", "properties": { "surface": "rock against ice shelf" }, "geometry": { "type": "LineString", "coordinates": [ [ 75.189784049525414, -69.871939228429142 ], [ 75.188676159670706, -69.873538400329039 ] ] } },
{ "type": "Feature", "properties": { "surface": "rock against ice shelf" }, "geometry": { "type": "LineString", "coordinates": [ [ 62.614221196767623, -67.662291871973011 ], [ 62.61275975208936, -67.660802392275286 ], [ 62.609582021277532, -67.660995303193957 ], [ 62.614221196767623, -67.662291871973011 ] ] } },
{ "type": "Feature", "properties": { "surface": "rock against ice shelf" }, "geometry": { "type": "LineString", "coordinates": [ [ 78.1657023467708, -68.649130688987412 ], [ 78.254850940164047, -68.656009722304304 ] ] } },
{ "type": "Feature", "properties": { "surface": "rock against ice shelf" }, "geometry": { "type": "LineString", "coordinates": [ [ 68.65280894725359, -70.42199718988951 ], [ 68.664091389647979, -70.437648812680564 ] ] } },
{ "type": "Feature", "properties": { "surface": "rock against ice shelf" }, "geometry": { "type": "LineString", "coordinates": [ [ 68.347169347412063, -70.817781737128868 ], [ 68.338635057250826, -70.822091522598441 ] ] } },
{ "type": "Feature", "properties": { "surface": "rock against ice shelf" }, "geometry": { "type": "LineString", "coordinates": [ [ 68.350419121910264, -70.816314671056475 ], [ 68.347589516578822, -70.817566524904677 ] ] } },
{ "type": "Feature", "properties": { "surface": "rock against ice shelf" }, "geometry": { "type": "LineString", "coordinates": [ [ 68.386694330919539, -70.801499832429059 ], [ 68.354012292575376, -70.815355712561015 ] ] } },
{ "type": "Feature", "properties": { "surface": "rock against ice shelf" }, "geometry": { "type": "LineString", "coordinates": [ [ 68.404515209398028, -70.798909945625425 ], [ 68.396952028797045, -70.800089901215458 ] ] } },
{ "type": "Feature", "properties": { "surface": "rock against ice shelf" }, "geometry": { "type": "LineString", "coordinates": [ [ 68.275401280450055, -70.827604465930108 ], [ 68.257529359990286, -70.830975522190926 ] ] } },
{ "type": "Feature", "properties": { "surface": "rock against ice shelf" }, "geometry": { "type": "LineString", "coordinates": [ [ 68.774327937360908, -70.53202943088111 ], [ 68.743415481786258, -70.576111694627542 ] ] } },
{ "type": "Feature", "properties": { "surface": "rock against ice shelf" }, "geometry": { "type": "LineString", "coordinates": [ [ 68.788983007023717, -70.500817752134807 ], [ 68.774327937360908, -70.53202943088111 ] ] } },
{ "type": "Feature", "properties": { "surface": "rock against ice shelf" }, "geometry": { "type": "LineString", "coordinates": [ [ 68.815594267206862, -70.488762385088606 ], [ 68.813785080796364, -70.489857477673581 ] ] } },
{ "type": "Feature", "properties": { "surface": "rock against ice shelf" }, "geometry": { "type": "LineString", "coordinates": [ [ 68.800143690453709, -70.495946541311241 ], [ 68.789761798728364, -70.500267626445734 ] ] } },
{ "type": "Feature", "properties": { "surface": "rock against ice shelf" }, "geometry": { "type": "LineString", "coordinates": [ [ 68.612945044937533, -70.75190435758816 ], [ 68.611456269662767, -70.754430761327882 ] ] } },
{ "type": "Feature", "properties": { "surface": "rock against ice shelf" }, "geometry": { "type": "LineString", "coordinates": [ [ 68.608484284297361, -70.756682203212819 ], [ 68.596892738997568, -70.764070911597841 ] ] } },
{ "type": "Feature", "properties": { "surface": "rock against ice shelf" }, "geometry": { "type": "LineString", "coordinates": [ [ 68.595000835072383, -70.764526377295795 ], [ 68.592850065270383, -70.764654666572 ] ] } },
{ "type": "Feature", "properties": { "surface": "rock against ice shelf" }, "geometry": { "type": "LineString", "coordinates": [ [ 50.617332706155572, -67.194199582085602 ], [ 50.629895448383316, -67.19858929811187 ] ] } },
{ "type": "Feature", "properties": { "surface": "rock against ice shelf" }, "geometry": { "type": "LineString", "coordinates": [ [ 50.706376022144845, -67.174476153246573 ], [ 50.707888826399298, -67.173281315883088 ] ] } },
{ "type": "Feature", "properties": { "surface": "rock against ice shelf" }, "geometry": { "type": "LineString", "coordinates": [ [ 68.185320762476351, -70.618812128104054 ], [ 68.204737128453843, -70.609856058968759 ] ] } },
{ "type": "Feature", "properties": { "surface": "rock against ice shelf" }, "geometry": { "type": "LineString", "coordinates": [ [ 68.776509664317601, -70.458766339605759 ], [ 68.77828447276174, -70.461521225574629 ] ] } },
{ "type": "Feature", "properties": { "surface": "rock against ice shelf" }, "geometry": { "type": "LineString", "coordinates": [ [ 68.771867997999678, -70.455527143267147 ], [ 68.775702775516422, -70.457502828090583 ] ] } },
{ "type": "Feature", "properties": { "surface": "rock against ice shelf" }, "geometry": { "type": "LineString", "coordinates": [ [ 68.673618058210224, -70.444630834776348 ], [ 68.677513231312858, -70.446509611408629 ] ] } },
{ "type": "Feature", "properties": { "surface": "rock against ice shelf" }, "geometry": { "type": "LineString", "coordinates": [ [ 67.683763773372476, -71.864046372990771 ], [ 67.682516872303509, -71.861993148028191 ] ] } },
{ "type": "Feature", "properties": { "surface": "rock against ice shelf" }, "geometry": { "type": "LineString", "coordinates": [ [ 67.678786709071446, -71.860710644674583 ], [ 67.680477712504313, -71.859163428274869 ] ] } },
{ "type": "Feature", "properties": { "surface": "rock against ice shelf" }, "geometry": { "type": "LineString", "coordinates": [ [ 51.342126031859877, -66.223569380450002 ], [ 51.332947211523752, -66.222114897231975 ] ] } },
{ "type": "Feature", "properties": { "surface": "rock against ice shelf" }, "geometry": { "type": "LineString", "coordinates": [ [ 75.454175022037845, -69.584594376491353 ], [ 75.467124538221341, -69.586739311852668 ] ] } },
{ "type": "Feature", "properties": { "surface": "rock against ice shelf" }, "geometry": { "type": "LineString", "coordinates": [ [ 71.052443021642404, -71.583927330759437 ], [ 71.057865762426246, -71.580673012125516 ], [ 71.045263506125892, -71.580047689345321 ], [ 71.048904729975462, -71.583755611658361 ], [ 71.052443021642404, -71.583927330759437 ] ] } },
{ "type": "Feature", "properties": { "surface": "rock against ice shelf" }, "geometry": { "type": "LineString", "coordinates": [ [ 74.248707280941176, -69.72809477150507 ], [ 74.258980982274323, -69.726052024676761 ] ] } },
{ "type": "Feature", "properties": { "surface": "rock against ice shelf" }, "geometry": { "type": "LineString", "coordinates": [ [ 51.341087760943211, -66.21493069413691 ], [ 51.332277050303233, -66.218269830536329 ] ] } },
{ "type": "Feature", "properties": { "surface": "rock against ice shelf" }, "geometry": { "type": "LineString", "coordinates": [ [ 51.332277050303233, -66.218269830536329 ], [ 51.332537560850959, -66.219993373063701 ] ] } },
{ "type": "Feature", "properties": { "surface": "rock against ice shelf" }, "geometry": { "type": "LineString", "coordinates": [ [ 68.64922313461399, -70.375557108632577 ], [ 68.647942986578002, -70.376504165963453 ] ] } },
{ "type": "Feature", "properties": { "surface": "rock against ice shelf" }, "geometry": { "type": "LineString", "coordinates": [ [ 68.652392791751069, -70.373194117017277 ], [ 68.65058736753339, -70.374424093309287 ] ] } },
{ "type": "Feature", "properties": { "surface": "rock against ice shelf" }, "geometry": { "type": "LineString", "coordinates": [ [ 68.648752494677495, -70.416095077901957 ], [ 68.650987703523825, -70.418317333514324 ] ] } },
{ "type": "Feature", "properties": { "surface": "rock against ice shelf" }, "geometry": { "type": "LineString", "coordinates": [ [ 68.641199428939885, -70.398670836702578 ], [ 68.641267492608605, -70.40132086601858 ] ] } },
{ "type": "Feature", "properties": { "surface": "rock against ice shelf" }, "geometry": { "type": "LineString", "coordinates": [ [ 68.644721093637784, -70.379060188500205 ], [ 68.642940458068722, -70.380672281270606 ] ] } },
{ "type": "Feature", "properties": { "surface": "rock against ice shelf" }, "geometry": { "type": "LineString", "coordinates": [ [ 51.342282934108944, -66.212379725621787 ], [ 51.341869707580997, -66.212743754146558 ] ] } },
{ "type": "Feature", "properties": { "surface": "rock against ice shelf" }, "geometry": { "type": "LineString", "coordinates": [ [ 51.327171163099905, -66.223375314321828 ], [ 51.315594249699693, -66.228340995638888 ] ] } },
{ "type": "Feature", "properties": { "surface": "rock against ice shelf" }, "geometry": { "type": "LineString", "coordinates": [ [ 51.362434126249696, -66.217447659109013 ], [ 51.367510720714513, -66.226546357759432 ] ] } },
{ "type": "Feature", "properties": { "surface": "rock against ice shelf" }, "geometry": { "type": "LineString", "coordinates": [ [ 57.262634803384429, -66.643230824247127 ], [ 57.264743919485205, -66.644362449844877 ] ] } },
{ "type": "Feature", "properties": { "surface": "rock against ice shelf" }, "geometry": { "type": "LineString", "coordinates": [ [ 57.267591598830137, -66.641819031651607 ], [ 57.264819272416787, -66.642041308597726 ] ] } },
{ "type": "Feature", "properties": { "surface": "rock against ice shelf" }, "geometry": { "type": "LineString", "coordinates": [ [ 49.090587072984491, -67.289248679572836 ], [ 49.046126004435216, -67.290348494808342 ] ] } },
{ "type": "Feature", "properties": { "surface": "rock against ice shelf" }, "geometry": { "type": "LineString", "coordinates": [ [ 56.475946129090026, -67.146782729312861 ], [ 56.460969369731181, -67.155300504025178 ] ] } },
{ "type": "Feature", "properties": { "surface": "rock against ice shelf" }, "geometry": { "type": "LineString", "coordinates": [ [ 69.696642707835736, -68.608172716542214 ], [ 69.700616808147203, -68.605543577030431 ] ] } },
{ "type": "Feature", "properties": { "surface": "rock against ice shelf" }, "geometry": { "type": "LineString", "coordinates": [ [ 56.41770425381273, -67.182672790878243 ], [ 56.415629723318531, -67.184375894338004 ] ] } },
{ "type": "Feature", "properties": { "surface": "rock against ice shelf" }, "geometry": { "type": "LineString", "coordinates": [ [ 49.290110452169351, -67.248075988919908 ], [ 49.312820446470191, -67.264018841079547 ] ] } },
{ "type": "Feature", "properties": { "surface": "rock against ice shelf" }, "geometry": { "type": "LineString", "coordinates": [ [ 56.412898739380545, -67.186519311600009 ], [ 56.403853388593859, -67.191725883879471 ] ] } },
{ "type": "Feature", "properties": { "surface": "rock against ice shelf" }, "geometry": { "type": "LineString", "coordinates": [ [ 50.792713293018906, -66.809641145809906 ], [ 50.789192545892988, -66.80847777900496 ] ] } },
{ "type": "Feature", "properties": { "surface": "rock against ice shelf" }, "geometry": { "type": "LineString", "coordinates": [ [ 50.828875358799436, -66.792082830845231 ], [ 50.834664627242979, -66.802601023556818 ] ] } },
{ "type": "Feature", "properties": { "surface": "rock against ice shelf" }, "geometry": { "type": "LineString", "coordinates": [ [ 58.277958772570464, -67.087326422385786 ], [ 58.256331278506323, -67.083632308727914 ] ] } },
{ "type": "Feature", "properties": { "surface": "rock against ice shelf" }, "geometry": { "type": "LineString", "coordinates": [ [ 59.007505966006619, -67.249978629194842 ], [ 59.009150684977911, -67.249479213720292 ] ] } },
{ "type": "Feature", "properties": { "surface": "rock against ice shelf" }, "geometry": { "type": "LineString", "coordinates": [ [ 60.656047818890414, -67.421446100018969 ], [ 60.65097329295336, -67.421123134505436 ] ] } },
{ "type": "Feature", "properties": { "surface": "rock against ice shelf" }, "geometry": { "type": "LineString", "coordinates": [ [ 60.819563568914589, -67.441791538785623 ], [ 60.81887333971865, -67.441165798140929 ] ] } },
{ "type": "Feature", "properties": { "surface": "rock against ice shelf" }, "geometry": { "type": "LineString", "coordinates": [ [ 60.821960622103553, -67.443971082796153 ], [ 60.820630524813069, -67.442710459045685 ] ] } },
{ "type": "Feature", "properties": { "surface": "rock against ice shelf" }, "geometry": { "type": "LineString", "coordinates": [ [ 60.819937520288974, -67.458766486346903 ], [ 60.821067987049553, -67.457492128518822 ] ] } },
{ "type": "Feature", "properties": { "surface": "rock against ice shelf" }, "geometry": { "type": "LineString", "coordinates": [ [ 62.331078005573723, -67.610876966000816 ], [ 62.33084856441085, -67.610444411244274 ] ] } },
{ "type": "Feature", "properties": { "surface": "rock against ice shelf" }, "geometry": { "type": "LineString", "coordinates": [ [ 57.221764946597759, -66.969021780945255 ], [ 57.286079067947526, -66.968587927002503 ] ] } },
{ "type": "Feature", "properties": { "surface": "rock against ice shelf" }, "geometry": { "type": "LineString", "coordinates": [ [ 78.044465475232172, -68.662422546152982 ], [ 78.046962868684432, -68.662544423298442 ] ] } },
{ "type": "Feature", "properties": { "surface": "rock against ice shelf" }, "geometry": { "type": "LineString", "coordinates": [ [ 51.349779510113493, -66.213325105968565 ], [ 51.342343360214485, -66.212326331036166 ] ] } },
{ "type": "Feature", "properties": { "surface": "rock against ice shelf" }, "geometry": { "type": "LineString", "coordinates": [ [ 57.317421270050687, -66.997415761169407 ], [ 57.323880402710124, -66.994706282768988 ] ] } },
{ "type": "Feature", "properties": { "surface": "rock against ice shelf" }, "geometry": { "type": "LineString", "coordinates": [ [ 49.111323931306131, -67.293434211800289 ], [ 49.100155813162267, -67.294759048950581 ] ] } },
{ "type": "Feature", "properties": { "surface": "rock against ice shelf" }, "geometry": { "type": "LineString", "coordinates": [ [ 49.183108890960021, -67.27612690270395 ], [ 49.172950053862763, -67.279752676798978 ] ] } },
{ "type": "Feature", "properties": { "surface": "rock against ice shelf" }, "geometry": { "type": "LineString", "coordinates": [ [ 51.30466092645019, -66.224902837292035 ], [ 51.319838120179874, -66.220681018767579 ] ] } },
{ "type": "Feature", "properties": { "surface": "rock against ice shelf" }, "geometry": { "type": "LineString", "coordinates": [ [ 50.770182807095374, -67.084786976743445 ], [ 50.822555443398116, -67.092462326703043 ] ] } },
{ "type": "Feature", "properties": { "surface": "rock against ice shelf" }, "geometry": { "type": "LineString", "coordinates": [ [ 50.842765540953728, -67.098122568140241 ], [ 50.918630143281241, -67.116098487568181 ] ] } },
{ "type": "Feature", "properties": { "surface": "rock against ice shelf" }, "geometry": { "type": "LineString", "coordinates": [ [ 57.288215954173701, -67.001676501354851 ], [ 57.304656694876009, -67.002833305088373 ] ] } },
{ "type": "Feature", "properties": { "surface": "rock against ice shelf" }, "geometry": { "type": "LineString", "coordinates": [ [ 57.308282978187528, -67.002810796898231 ], [ 57.3175366768751, -67.000934686033588 ] ] } },
{ "type": "Feature", "properties": { "surface": "rock against ice shelf" }, "geometry": { "type": "LineString", "coordinates": [ [ 78.003275478263063, -68.66625900967793 ], [ 78.002961103312614, -68.666274447574295 ] ] } },
{ "type": "Feature", "properties": { "surface": "rock against ice shelf" }, "geometry": { "type": "LineString", "coordinates": [ [ 78.010242515421041, -68.665467756803039 ], [ 78.005731036761517, -68.665937533079699 ] ] } },
{ "type": "Feature", "properties": { "surface": "rock against ice shelf" }, "geometry": { "type": "LineString", "coordinates": [ [ 57.412447620516716, -66.98929064787923 ], [ 57.427068538263434, -66.990537914646879 ] ] } },
{ "type": "Feature", "properties": { "surface": "rock against ice shelf" }, "geometry": { "type": "LineString", "coordinates": [ [ 57.33260767509487, -66.970234914581269 ], [ 57.411986595114563, -66.988907446741408 ] ] } },
{ "type": "Feature", "properties": { "surface": "rock against ice shelf" }, "geometry": { "type": "LineString", "coordinates": [ [ 57.087025189859148, -67.021001562386971 ], [ 56.930051236972815, -67.037933873076526 ] ] } },
{ "type": "Feature", "properties": { "surface": "rock against ice shelf" }, "geometry": { "type": "LineString", "coordinates": [ [ 78.020454463570616, -68.664956110334131 ], [ 78.030006870762946, -68.665391263089901 ], [ 78.033987652042271, -68.664818384226351 ], [ 78.031687435393607, -68.663355923380024 ], [ 78.020454463570616, -68.664956110334131 ] ] } },
{ "type": "Feature", "properties": { "surface": "rock against ice shelf" }, "geometry": { "type": "LineString", "coordinates": [ [ 74.53504114221775, -69.749330038806846 ], [ 74.51177892066498, -69.743553538193893 ] ] } },
{ "type": "Feature", "properties": { "surface": "rock against ice shelf" }, "geometry": { "type": "LineString", "coordinates": [ [ 75.524775597343151, -69.590123104983306 ], [ 75.558530173231205, -69.589517740214916 ] ] } },
{ "type": "Feature", "properties": { "surface": "rock against ice shelf" }, "geometry": { "type": "LineString", "coordinates": [ [ 77.933490457345286, -68.671747543485978 ], [ 77.930938994201256, -68.67098684655609 ] ] } },
{ "type": "Feature", "properties": { "surface": "rock against ice shelf" }, "geometry": { "type": "LineString", "coordinates": [ [ 57.277790759121437, -67.000170512715655 ], [ 57.278655649864682, -66.998104752708059 ] ] } },
{ "type": "Feature", "properties": { "surface": "rock against ice shelf" }, "geometry": { "type": "LineString", "coordinates": [ [ 38.8201625191004, -70.04904729775086 ], [ 38.803390586147088, -70.058847755723562 ] ] } },
{ "type": "Feature", "properties": { "surface": "rock against ice shelf" }, "geometry": { "type": "LineString", "coordinates": [ [ 38.828104602114543, -70.044287147101443 ], [ 38.830056028851736, -70.046057660794588 ] ] } },
{ "type": "Feature", "properties": { "surface": "rock against ice shelf" }, "geometry": { "type": "LineString", "coordinates": [ [ 48.074683722870851, -67.660582564533939 ], [ 48.067256376835033, -67.65670138774712 ] ] } },
{ "type": "Feature", "properties": { "surface": "rock against ice shelf" }, "geometry": { "type": "LineString", "coordinates": [ [ 48.86944841069991, -67.704788801877243 ], [ 48.884393332559149, -67.707570974792446 ] ] } },
{ "type": "Feature", "properties": { "surface": "rock against ice shelf" }, "geometry": { "type": "LineString", "coordinates": [ [ 37.755127802847966, -69.677012485690355 ], [ 37.752514133474371, -69.676230086175082 ] ] } },
{ "type": "Feature", "properties": { "surface": "rock against ice shelf" }, "geometry": { "type": "LineString", "coordinates": [ [ 37.484503148580231, -69.760275308412659 ], [ 37.483029985092401, -69.760309923877244 ] ] } },
{ "type": "Feature", "properties": { "surface": "rock against ice shelf" }, "geometry": { "type": "LineString", "coordinates": [ [ 11.889788195099349, -70.773170889927798 ], [ 11.888969245883352, -70.774202806490806 ] ] } },
{ "type": "Feature", "properties": { "surface": "rock against ice shelf" }, "geometry": { "type": "LineString", "coordinates": [ [ 45.736703659745764, -67.753734106286018 ], [ 45.734756674657653, -67.754198176735585 ] ] } },
{ "type": "Feature", "properties": { "surface": "rock against ice shelf" }, "geometry": { "type": "LineString", "coordinates": [ [ 46.428108571545685, -67.737855739907801 ], [ 46.4337587752335, -67.744538206233955 ] ] } },
{ "type": "Feature", "properties": { "surface": "rock against ice shelf" }, "geometry": { "type": "LineString", "coordinates": [ [ 47.918746010969208, -67.593381084712561 ], [ 47.91982458670681, -67.592502345580186 ] ] } },
{ "type": "Feature", "properties": { "surface": "rock against ice shelf" }, "geometry": { "type": "LineString", "coordinates": [ [ 41.010462909741896, -68.640438644678369 ], [ 41.035103482836249, -68.643746019245725 ] ] } },
{ "type": "Feature", "properties": { "surface": "rock against ice shelf" }, "geometry": { "type": "LineString", "coordinates": [ [ 39.712242753386064, -69.647378603071829 ], [ 39.726789297818307, -69.658242302561902 ] ] } },
{ "type": "Feature", "properties": { "surface": "rock against ice shelf" }, "geometry": { "type": "LineString", "coordinates": [ [ 38.263404006878801, -69.621915569707383 ], [ 38.266216927091747, -69.610595348140066 ] ] } },
{ "type": "Feature", "properties": { "surface": "rock against ice shelf" }, "geometry": { "type": "LineString", "coordinates": [ [ 42.457239616405985, -68.276980379462572 ], [ 42.478298159905883, -68.28223308411404 ] ] } },
{ "type": "Feature", "properties": { "surface": "rock against ice shelf" }, "geometry": { "type": "LineString", "coordinates": [ [ 37.960951590234743, -69.733383130795531 ], [ 37.957267815026171, -69.732994516760499 ] ] } },
{ "type": "Feature", "properties": { "surface": "rock against ice shelf" }, "geometry": { "type": "LineString", "coordinates": [ [ 38.101419657108075, -69.730053076689813 ], [ 38.097850225302679, -69.730231428171095 ] ] } },
{ "type": "Feature", "properties": { "surface": "rock against ice shelf" }, "geometry": { "type": "LineString", "coordinates": [ [ 43.591508807823146, -68.053353366551633 ], [ 43.591410574874331, -68.053342849923339 ] ] } },
{ "type": "Feature", "properties": { "surface": "rock against ice shelf" }, "geometry": { "type": "LineString", "coordinates": [ [ 41.53835316051142, -68.486407709453744 ], [ 41.534391102973679, -68.482288057047938 ] ] } },
{ "type": "Feature", "properties": { "surface": "rock against ice shelf" }, "geometry": { "type": "LineString", "coordinates": [ [ 40.789362210748223, -68.718122046292265 ], [ 40.825323260985968, -68.724994703723411 ] ] } },
{ "type": "Feature", "properties": { "surface": "rock against ice shelf" }, "geometry": { "type": "LineString", "coordinates": [ [ 37.260169428369018, -69.734321625571042 ], [ 37.257983503464246, -69.734147441898429 ] ] } },
{ "type": "Feature", "properties": { "surface": "rock against ice shelf" }, "geometry": { "type": "LineString", "coordinates": [ [ 43.822892222214996, -68.047648692800735 ], [ 43.818819091786182, -68.047229073272092 ] ] } },
{ "type": "Feature", "properties": { "surface": "rock against ice shelf" }, "geometry": { "type": "LineString", "coordinates": [ [ 39.460907265815614, -69.640984204731595 ], [ 39.496189268061578, -69.684042916799882 ] ] } },
{ "type": "Feature", "properties": { "surface": "rock against ice shelf" }, "geometry": { "type": "LineString", "coordinates": [ [ 48.017254378543242, -67.629117722436874 ], [ 48.104391724901497, -67.622016965742162 ] ] } },
{ "type": "Feature", "properties": { "surface": "rock against ice shelf" }, "geometry": { "type": "LineString", "coordinates": [ [ 48.018946793711898, -67.623637135710339 ], [ 48.016959041497685, -67.625594527346252 ] ] } },
{ "type": "Feature", "properties": { "surface": "rock against ice shelf" }, "geometry": { "type": "LineString", "coordinates": [ [ 72.788524102542652, -70.050972560399259 ], [ 72.780872974673869, -70.052494049445571 ] ] } },
{ "type": "Feature", "properties": { "surface": "rock against ice shelf" }, "geometry": { "type": "LineString", "coordinates": [ [ 72.779440117748919, -70.052903137692283 ], [ 72.777229500038828, -70.054266568307966 ] ] } },
{ "type": "Feature", "properties": { "surface": "rock against ice shelf" }, "geometry": { "type": "LineString", "coordinates": [ [ 72.64686122941427, -70.146404145256355 ], [ 72.645126381457771, -70.14661901300704 ] ] } },
{ "type": "Feature", "properties": { "surface": "rock against ice shelf" }, "geometry": { "type": "LineString", "coordinates": [ [ 72.60026358046612, -70.149324947569767 ], [ 72.598305144448133, -70.149389304462659 ] ] } },
{ "type": "Feature", "properties": { "surface": "rock against ice shelf" }, "geometry": { "type": "LineString", "coordinates": [ [ 72.810441404586314, -70.033024705692185 ], [ 72.802804719215189, -70.03899998575632 ] ] } },
{ "type": "Feature", "properties": { "surface": "rock against ice shelf" }, "geometry": { "type": "LineString", "coordinates": [ [ 56.394347802689502, -66.887468702057774 ], [ 56.396543522231788, -66.887808529788813 ] ] } },
{ "type": "Feature", "properties": { "surface": "rock against ice shelf" }, "geometry": { "type": "LineString", "coordinates": [ [ 72.890688102050845, -70.035570790779587 ], [ 72.887538329215161, -70.037096247243028 ] ] } },
{ "type": "Feature", "properties": { "surface": "rock against ice shelf" }, "geometry": { "type": "LineString", "coordinates": [ [ 72.85876367683376, -70.0252533575065 ], [ 72.856088501761292, -70.024634355283453 ] ] } },
{ "type": "Feature", "properties": { "surface": "rock against ice shelf" }, "geometry": { "type": "LineString", "coordinates": [ [ 72.81170039002798, -70.031820994292929 ], [ 72.810618997115469, -70.032824280000256 ] ] } },
{ "type": "Feature", "properties": { "surface": "rock against ice shelf" }, "geometry": { "type": "LineString", "coordinates": [ [ 72.798379604728794, -70.043498195684677 ], [ 72.795582985775425, -70.046464257891145 ] ] } },
{ "type": "Feature", "properties": { "surface": "rock against ice shelf" }, "geometry": { "type": "LineString", "coordinates": [ [ 73.224453623208262, -69.892589377747456 ], [ 73.220044362781636, -69.89330783170945 ] ] } },
{ "type": "Feature", "properties": { "surface": "rock against ice shelf" }, "geometry": { "type": "LineString", "coordinates": [ [ 72.992043989781607, -69.998135597820436 ], [ 72.987434966718567, -70.00048429843153 ] ] } },
{ "type": "Feature", "properties": { "surface": "rock against ice shelf" }, "geometry": { "type": "LineString", "coordinates": [ [ 72.982639379231401, -70.003070199035179 ], [ 72.971846523917563, -70.007192758071341 ] ] } },
{ "type": "Feature", "properties": { "surface": "rock against ice shelf" }, "geometry": { "type": "LineString", "coordinates": [ [ 72.968543564275734, -70.008618478308179 ], [ 72.934918632263987, -70.021050149117968 ] ] } },
{ "type": "Feature", "properties": { "surface": "rock against ice shelf" }, "geometry": { "type": "LineString", "coordinates": [ [ 72.843617920233442, -70.023926776632237 ], [ 72.812118680354345, -70.031531225054209 ] ] } },
{ "type": "Feature", "properties": { "surface": "rock against ice shelf" }, "geometry": { "type": "LineString", "coordinates": [ [ 72.551423983831185, -70.178665394375443 ], [ 72.540353204455442, -70.202908900486804 ] ] } },
{ "type": "Feature", "properties": { "surface": "rock against ice shelf" }, "geometry": { "type": "LineString", "coordinates": [ [ 72.553551734915359, -70.175809574065596 ], [ 72.553165041615244, -70.17632946661044 ] ] } },
{ "type": "Feature", "properties": { "surface": "rock against ice shelf" }, "geometry": { "type": "LineString", "coordinates": [ [ 72.558087427134552, -70.160084432432967 ], [ 72.554388483571515, -70.161830154770001 ] ] } },
{ "type": "Feature", "properties": { "surface": "rock against ice shelf" }, "geometry": { "type": "LineString", "coordinates": [ [ 67.901494205417109, -71.483987323490325 ], [ 67.922783027992963, -71.47410615284663 ] ] } },
{ "type": "Feature", "properties": { "surface": "rock against ice shelf" }, "geometry": { "type": "LineString", "coordinates": [ [ 67.739515524117252, -71.555599028991935 ], [ 67.739729593761325, -71.553162189924734 ] ] } },
{ "type": "Feature", "properties": { "surface": "rock against ice shelf" }, "geometry": { "type": "LineString", "coordinates": [ [ 78.003345360431368, -68.666358501422636 ], [ 78.00381246134657, -68.66627062192903 ], [ 78.003996795999598, -68.666330288446915 ], [ 78.003345360431368, -68.666358501422636 ] ] } },
{ "type": "Feature", "properties": { "surface": "rock against ice shelf" }, "geometry": { "type": "LineString", "coordinates": [ [ 59.514605982625831, -67.460898961388665 ], [ 59.377080732972559, -67.391252782359487 ] ] } },
{ "type": "Feature", "properties": { "surface": "rock against ice shelf" }, "geometry": { "type": "LineString", "coordinates": [ [ 77.952944418635113, -68.672107617173779 ], [ 77.959463052689287, -68.671331251095424 ] ] } },
{ "type": "Feature", "properties": { "surface": "rock against ice shelf" }, "geometry": { "type": "LineString", "coordinates": [ [ 78.095572935636326, -68.653647282974788 ], [ 78.112529528552102, -68.652623442755527 ] ] } }
]
}
