{
"type": "FeatureCollection",
"name": "add_coastline_ice_shelf_and_front",
"crs": { "type": "name", "properties": { "name": "urn:ogc:def:crs:OGC:1.3:CRS84" } },
"features": [
{ "type": "Feature", "properties": { "surface": "ice shelf and front" }, "geometry": { "type": "LineString", "coordinates": [ [ -162.836054210363017, -78.450528469644368 ], [ -163.602298067586702, -78.730593319517453 ], [ -164.855151345048597, -78.720316445970624 ], [ -164.622961837407075, -78.747862287626873 ], [ -165.313782015767487, -78.69837937587765 ], [ -163.88922752525113, -78.624655845599506 ], [ -166.836761875802779, -78.417969749392427 ], [ -172.775037603881032, -78.309065433387715 ], [ -176.252468020139503, -78.158389021007153 ], [ -177.36405133164223, -78.095726200382288 ], [ -178.197519962378806, -78.020435723678702 ], [ -178.50128013030141, -77.982268152245197 ], [ -177.299414503854194, -78.076567088239102 ], [ -176.70232033643785, -78.046517517102288 ], [ -176.768130045836614, -78.005170932518695 ], [ -176.700055220705622, -77.952415025755712 ], [ -177.316450779617696, -77.854823171387523 ], [ -178.130788967660891, -77.775911252593971 ], [ -178.718820298493, -77.744152647337302 ], [ -178.725629550515549, -77.739771860949219 ], [ -178.821968468314367, -77.728197209314558 ], [ -178.86354793129064, -77.721266474597613 ], [ -178.903132768571027, -77.716772898638595 ], [ -179.036211078060319, -77.70907036023327 ], [ -179.980048509928508, -77.723295649517652 ], [ 179.864414772620421, -77.720688717218081 ], [ 179.336053414289722, -77.71218333737275 ] ] } },
{ "type": "Feature", "properties": { "surface": "ice shelf and front" }, "geometry": { "type": "LineString", "coordinates": [ [ -101.696191553713376, -73.336590590167717 ], [ -101.612077820749107, -73.416101694884702 ], [ -101.716927334570101, -73.433797577009429 ], [ -101.680303711912032, -73.499743906449467 ], [ -101.419192200728887, -73.606639905560428 ] ] } },
{ "type": "Feature", "properties": { "surface": "ice shelf and front" }, "geometry": { "type": "LineString", "coordinates": [ [ -154.584157270348129, -77.102025451647506 ], [ -154.858829932589543, -77.109324085761244 ] ] } },
{ "type": "Feature", "properties": { "surface": "ice shelf and front" }, "geometry": { "type": "LineString", "coordinates": [ [ -148.702831158747273, -76.201953326503627 ], [ -148.915254622506836, -76.269223352268725 ] ] } },
{ "type": "Feature", "properties": { "surface": "ice shelf and front" }, "geometry": { "type": "LineString", "coordinates": [ [ -127.207762987972345, -73.728151359355181 ], [ -127.517888104175768, -74.017878234157649 ], [ -128.172014564788725, -74.307103079837447 ] ] } },
{ "type": "Feature", "properties": { "surface": "ice shelf and front" }, "geometry": { "type": "LineString", "coordinates": [ [ -101.378476769408678, -73.624530547080667 ], [ -101.337791635792314, -73.676760293341985 ] ] } },
{ "type": "Feature", "properties": { "surface": "ice shelf and front" }, "geometry": { "type": "LineString", "coordinates": [ [ -121.358172043958021, -73.76095506793547 ], [ -121.33365362700134, -73.757950696376099 ] ] } },
{ "type": "Feature", "properties": { "surface": "ice shelf and front" }, "geometry": { "type": "LineString", "coordinates": [ [ -102.088998917043156, -72.171849436819642 ], [ -102.51426526696433, -72.265129836176925 ], [ -103.363464304609352, -72.276628236919905 ], [ -102.715074151929912, -72.449214294612233 ], [ -102.832490209076653, -72.70847208739724 ] ] } },
{ "type": "Feature", "properties": { "surface": "ice shelf and front" }, "geometry": { "type": "LineString", "coordinates": [ [ -153.184416705471222, -77.266202805848607 ], [ -153.190348769801574, -77.257632723596586 ] ] } },
{ "type": "Feature", "properties": { "surface": "ice shelf and front" }, "geometry": { "type": "LineString", "coordinates": [ [ -152.029128211684679, -77.389378501307178 ], [ -152.139550579933911, -77.385083254349539 ] ] } },
{ "type": "Feature", "properties": { "surface": "ice shelf and front" }, "geometry": { "type": "LineString", "coordinates": [ [ -151.484678728137851, -77.291597851958088 ], [ -151.749796884406948, -77.202264244432342 ], [ -152.04580171971466, -77.276250730303218 ], [ -151.928029730160404, -77.364062962960332 ], [ -151.581635331442897, -77.406013154911633 ] ] } },
{ "type": "Feature", "properties": { "surface": "ice shelf and front" }, "geometry": { "type": "LineString", "coordinates": [ [ -153.148331388256793, -77.270795861971294 ], [ -153.168105511749161, -77.270511202306906 ] ] } },
{ "type": "Feature", "properties": { "surface": "ice shelf and front" }, "geometry": { "type": "LineString", "coordinates": [ [ -152.956192091905962, -77.292601986434278 ], [ -152.427647757788634, -77.303594728755698 ] ] } },
{ "type": "Feature", "properties": { "surface": "ice shelf and front" }, "geometry": { "type": "LineString", "coordinates": [ [ -150.781403483299329, -76.995160636863744 ], [ -151.159252070930052, -76.932140281527779 ], [ -151.71265147784996, -77.000547780038062 ], [ -151.499191967011512, -77.112548628256704 ], [ -151.215810512840136, -77.0980724548685 ], [ -151.349304487208428, -77.150423468500534 ], [ -151.168628682086933, -77.216770057828427 ] ] } },
{ "type": "Feature", "properties": { "surface": "ice shelf and front" }, "geometry": { "type": "LineString", "coordinates": [ [ -148.945143474757799, -76.273308331631483 ], [ -149.301418953075427, -76.288580260597868 ] ] } },
{ "type": "Feature", "properties": { "surface": "ice shelf and front" }, "geometry": { "type": "LineString", "coordinates": [ [ -149.767694080965356, -76.898565719363788 ], [ -150.431172612797695, -76.800194631124057 ] ] } },
{ "type": "Feature", "properties": { "surface": "ice shelf and front" }, "geometry": { "type": "LineString", "coordinates": [ [ -153.385183105470759, -77.202363723868217 ], [ -154.012531311414847, -77.112512681665223 ] ] } },
{ "type": "Feature", "properties": { "surface": "ice shelf and front" }, "geometry": { "type": "LineString", "coordinates": [ [ -154.033664338802595, -77.111735371551532 ], [ -154.074211732212376, -77.107846684467773 ] ] } },
{ "type": "Feature", "properties": { "surface": "ice shelf and front" }, "geometry": { "type": "LineString", "coordinates": [ [ -142.505950701070674, -75.4360513641399 ], [ -142.976764641843459, -75.393449284891304 ] ] } },
{ "type": "Feature", "properties": { "surface": "ice shelf and front" }, "geometry": { "type": "LineString", "coordinates": [ [ -149.631398155074663, -76.428955660166835 ], [ -150.203904498847891, -76.485691387590279 ], [ -150.16316771891502, -76.532918819512687 ], [ -150.708657670794878, -76.693184015528971 ] ] } },
{ "type": "Feature", "properties": { "surface": "ice shelf and front" }, "geometry": { "type": "LineString", "coordinates": [ [ -155.301215366823726, -77.133228243962677 ], [ -155.533666848312947, -77.007622880092185 ], [ -155.731634464982221, -77.014633903538879 ], [ -155.638775724282254, -77.097953214168186 ] ] } },
{ "type": "Feature", "properties": { "surface": "ice shelf and front" }, "geometry": { "type": "LineString", "coordinates": [ [ -156.615993209655727, -77.148127796646193 ], [ -156.959449208434449, -77.176341111772714 ], [ -156.83713513793424, -77.136902802189965 ], [ -157.300544179155452, -76.985424962175983 ], [ -157.545044045849238, -77.012493111782547 ], [ -157.448780356182368, -77.109791435121934 ], [ -157.665771418670403, -77.15133811153791 ] ] } },
{ "type": "Feature", "properties": { "surface": "ice shelf and front" }, "geometry": { "type": "LineString", "coordinates": [ [ -115.089503791308047, -74.111914438268258 ], [ -115.823130784110035, -74.110993423219526 ], [ -116.190159281139572, -74.037847959332368 ], [ -116.250050946311291, -73.952993421084599 ] ] } },
{ "type": "Feature", "properties": { "surface": "ice shelf and front" }, "geometry": { "type": "LineString", "coordinates": [ [ -121.034687147239566, -73.778359931462703 ], [ -121.247164630071723, -73.752250815805553 ] ] } },
{ "type": "Feature", "properties": { "surface": "ice shelf and front" }, "geometry": { "type": "LineString", "coordinates": [ [ -123.233315041847121, -73.820874544957761 ], [ -124.012532685501824, -73.859804780099765 ] ] } },
{ "type": "Feature", "properties": { "surface": "ice shelf and front" }, "geometry": { "type": "LineString", "coordinates": [ [ -125.53042145184088, -73.558297490209412 ], [ -125.638514107161058, -73.502791867929361 ] ] } },
{ "type": "Feature", "properties": { "surface": "ice shelf and front" }, "geometry": { "type": "LineString", "coordinates": [ [ -125.847233313722754, -73.397504000127213 ], [ -126.027916627411358, -73.337212794111394 ] ] } },
{ "type": "Feature", "properties": { "surface": "ice shelf and front" }, "geometry": { "type": "LineString", "coordinates": [ [ -128.182335709297604, -74.331109355088572 ], [ -129.451845132319107, -74.448450376150916 ], [ -130.824463645505887, -74.379905350649224 ], [ -130.935760806777751, -74.441144465097651 ] ] } },
{ "type": "Feature", "properties": { "surface": "ice shelf and front" }, "geometry": { "type": "LineString", "coordinates": [ [ -132.156185609876644, -74.425166435343542 ], [ -132.451827240780347, -74.393366879012973 ] ] } },
{ "type": "Feature", "properties": { "surface": "ice shelf and front" }, "geometry": { "type": "LineString", "coordinates": [ [ -135.698655523901749, -74.677832797895149 ], [ -135.940993843317813, -74.723013796390418 ] ] } },
{ "type": "Feature", "properties": { "surface": "ice shelf and front" }, "geometry": { "type": "LineString", "coordinates": [ [ -136.771983099693927, -74.970443568474863 ], [ -136.978339831662453, -75.041292225841858 ], [ -137.126576837157444, -74.968720759766313 ], [ -137.529230057695969, -75.034456499085294 ] ] } },
{ "type": "Feature", "properties": { "surface": "ice shelf and front" }, "geometry": { "type": "LineString", "coordinates": [ [ -124.614642704742494, -73.728032157518868 ], [ -125.236054007038106, -73.628019283432906 ] ] } },
{ "type": "Feature", "properties": { "surface": "ice shelf and front" }, "geometry": { "type": "LineString", "coordinates": [ [ -132.84181565155194, -74.429714986385619 ], [ -134.466110748516741, -74.54146641886588 ], [ -134.663296393691439, -74.611427443590742 ] ] } },
{ "type": "Feature", "properties": { "surface": "ice shelf and front" }, "geometry": { "type": "LineString", "coordinates": [ [ -145.806278537453124, -75.506827618181958 ], [ -144.590485334639453, -75.339840204925508 ], [ -143.206947066950846, -75.391526949643605 ] ] } },
{ "type": "Feature", "properties": { "surface": "ice shelf and front" }, "geometry": { "type": "LineString", "coordinates": [ [ -146.140131396937335, -75.576352388430379 ], [ -147.021198525442912, -75.620335564169224 ], [ -147.377168245712966, -75.718138998295487 ], [ -148.466431992158675, -75.739575204711059 ], [ -148.231964951136177, -75.959879840252199 ], [ -148.374756840379291, -76.085928109050073 ] ] } },
{ "type": "Feature", "properties": { "surface": "ice shelf and front" }, "geometry": { "type": "LineString", "coordinates": [ [ -101.424252803319192, -74.283976873511079 ], [ -102.264845870638453, -74.471048399381033 ] ] } },
{ "type": "Feature", "properties": { "surface": "ice shelf and front" }, "geometry": { "type": "LineString", "coordinates": [ [ -102.345065961798696, -74.499911252984418 ], [ -102.003053678142479, -74.582874829625467 ] ] } },
{ "type": "Feature", "properties": { "surface": "ice shelf and front" }, "geometry": { "type": "LineString", "coordinates": [ [ -143.200418238208897, -75.393504487961394 ], [ -143.179119782269595, -75.401129228561516 ] ] } },
{ "type": "Feature", "properties": { "surface": "ice shelf and front" }, "geometry": { "type": "LineString", "coordinates": [ [ -101.997028775639876, -74.581232890371908 ], [ -101.088121028958966, -74.703668662283661 ] ] } },
{ "type": "Feature", "properties": { "surface": "ice shelf and front" }, "geometry": { "type": "LineString", "coordinates": [ [ -101.925339327518714, -75.103145497804974 ], [ -101.475367954188727, -75.229658355732454 ], [ -100.849865111583256, -75.238719409003934 ], [ -101.375283832043152, -75.126696696727535 ], [ -101.045736750619326, -75.041643069403179 ], [ -101.080700988133685, -74.975988410724796 ], [ -100.896489558627707, -74.869665134756048 ], [ -100.379447937449513, -74.915878295533076 ] ] } },
{ "type": "Feature", "properties": { "surface": "ice shelf and front" }, "geometry": { "type": "LineString", "coordinates": [ [ -101.04162487814321, -74.722471329178603 ], [ -100.574315250720431, -74.860918292600132 ] ] } },
{ "type": "Feature", "properties": { "surface": "ice shelf and front" }, "geometry": { "type": "LineString", "coordinates": [ [ -100.581855669815582, -71.91529664447043 ], [ -100.632330468772551, -71.894783812320924 ] ] } },
{ "type": "Feature", "properties": { "surface": "ice shelf and front" }, "geometry": { "type": "LineString", "coordinates": [ [ -99.656718562208781, -71.954870493331924 ], [ -99.966791675303355, -71.930292920921829 ] ] } },
{ "type": "Feature", "properties": { "surface": "ice shelf and front" }, "geometry": { "type": "LineString", "coordinates": [ [ -101.044668907107138, -71.905723498980947 ], [ -101.248447885418827, -71.909669303322602 ] ] } },
{ "type": "Feature", "properties": { "surface": "ice shelf and front" }, "geometry": { "type": "LineString", "coordinates": [ [ -100.741697959925148, -71.895813256504283 ], [ -100.779954201289073, -71.896275495345094 ] ] } },
{ "type": "Feature", "properties": { "surface": "ice shelf and front" }, "geometry": { "type": "LineString", "coordinates": [ [ -99.144739925690629, -71.916290470869782 ], [ -99.41056318251799, -71.968153244358376 ] ] } },
{ "type": "Feature", "properties": { "surface": "ice shelf and front" }, "geometry": { "type": "LineString", "coordinates": [ [ -98.333494759954746, -71.812998069899308 ], [ -98.493408594116829, -71.774861872965772 ] ] } },
{ "type": "Feature", "properties": { "surface": "ice shelf and front" }, "geometry": { "type": "LineString", "coordinates": [ [ -98.05908534760357, -71.850452836982427 ], [ -98.211273879598622, -71.829624322824529 ] ] } },
{ "type": "Feature", "properties": { "surface": "ice shelf and front" }, "geometry": { "type": "LineString", "coordinates": [ [ -97.887745541022852, -71.901361578331617 ], [ -98.014798803250784, -71.891970701912172 ] ] } },
{ "type": "Feature", "properties": { "surface": "ice shelf and front" }, "geometry": { "type": "LineString", "coordinates": [ [ -97.090987962882792, -71.88470433641433 ], [ -97.497749775916859, -71.91370870905601 ] ] } },
{ "type": "Feature", "properties": { "surface": "ice shelf and front" }, "geometry": { "type": "LineString", "coordinates": [ [ -96.657931308412685, -71.879430262947537 ], [ -96.731700551209528, -71.872130127275668 ] ] } },
{ "type": "Feature", "properties": { "surface": "ice shelf and front" }, "geometry": { "type": "LineString", "coordinates": [ [ -95.760576221579598, -72.055321172626861 ], [ -96.10223270527149, -71.987849415941895 ] ] } },
{ "type": "Feature", "properties": { "surface": "ice shelf and front" }, "geometry": { "type": "LineString", "coordinates": [ [ -95.533455903480757, -72.200428035042449 ], [ -95.542817667313415, -72.173962851176142 ] ] } },
{ "type": "Feature", "properties": { "surface": "ice shelf and front" }, "geometry": { "type": "LineString", "coordinates": [ [ -95.490369210985421, -72.325077365976213 ], [ -95.52438697810328, -72.214453534125667 ] ] } },
{ "type": "Feature", "properties": { "surface": "ice shelf and front" }, "geometry": { "type": "LineString", "coordinates": [ [ -95.175647628030077, -72.591742641559023 ], [ -95.531199078155623, -72.404103501041931 ] ] } },
{ "type": "Feature", "properties": { "surface": "ice shelf and front" }, "geometry": { "type": "LineString", "coordinates": [ [ -93.448776054344933, -72.588008228453475 ], [ -94.060476214074356, -72.533967221892652 ], [ -94.402067977232093, -72.607923856875445 ] ] } },
{ "type": "Feature", "properties": { "surface": "ice shelf and front" }, "geometry": { "type": "LineString", "coordinates": [ [ -93.351331752225377, -72.601080095387672 ], [ -93.448776054344933, -72.588008228453475 ] ] } },
{ "type": "Feature", "properties": { "surface": "ice shelf and front" }, "geometry": { "type": "LineString", "coordinates": [ [ -153.184416705471222, -77.266202805848607 ], [ -153.190348769801574, -77.257632723596586 ] ] } },
{ "type": "Feature", "properties": { "surface": "ice shelf and front" }, "geometry": { "type": "LineString", "coordinates": [ [ -158.640970412459723, -77.877794194816317 ], [ -160.243030809293231, -78.011445016566583 ], [ -161.088532621216899, -78.206326479299207 ], [ -162.836054210363017, -78.450528469644368 ] ] } },
{ "type": "Feature", "properties": { "surface": "ice shelf and front" }, "geometry": { "type": "LineString", "coordinates": [ [ -153.148331388256793, -77.270795861971294 ], [ -153.168105511749161, -77.270511202306906 ] ] } },
{ "type": "Feature", "properties": { "surface": "ice shelf and front" }, "geometry": { "type": "LineString", "coordinates": [ [ -113.848338826375894, -74.022567568696658 ], [ -113.986142312145191, -73.960003380844981 ] ] } },
{ "type": "Feature", "properties": { "surface": "ice shelf and front" }, "geometry": { "type": "LineString", "coordinates": [ [ -110.713017934020073, -74.27152145702847 ], [ -110.874174886190929, -74.287621019344343 ] ] } },
{ "type": "Feature", "properties": { "surface": "ice shelf and front" }, "geometry": { "type": "LineString", "coordinates": [ [ -110.132855545817321, -74.519732580859795 ], [ -110.138332295094457, -74.480528130135383 ] ] } },
{ "type": "Feature", "properties": { "surface": "ice shelf and front" }, "geometry": { "type": "LineString", "coordinates": [ [ -111.910675048681355, -74.229293823442845 ], [ -113.41287707149246, -74.171628740155626 ] ] } },
{ "type": "Feature", "properties": { "surface": "ice shelf and front" }, "geometry": { "type": "LineString", "coordinates": [ [ -107.093601325969743, -75.314003768224893 ], [ -107.195699699907081, -75.254677371991264 ], [ -107.106471962247895, -75.198106750553251 ], [ -107.161168381007244, -75.163990595604673 ], [ -106.902072494736018, -75.079465603627895 ], [ -107.08654884148774, -75.022736976545843 ], [ -106.959197278732802, -74.961059921276046 ], [ -107.029706465394, -74.938142205395366 ], [ -106.147160688353168, -74.985810417537067 ], [ -106.228670475147055, -75.021578931069115 ], [ -106.152189037823007, -75.009897569104254 ], [ -106.228707442447813, -75.031274873348963 ], [ -106.192131843798151, -75.086517010067396 ], [ -106.315726021895074, -75.112595889580277 ], [ -106.150617989046538, -75.130291513618005 ], [ -106.172862357612757, -75.165811208248513 ], [ -106.137889422977054, -75.170129366818543 ], [ -105.898496893792085, -75.06206027080917 ], [ -105.98459957656209, -75.049869698859666 ], [ -105.909652605567288, -74.975067267565009 ], [ -106.053799909331175, -74.81340568047797 ], [ -105.843768727772684, -74.782575088804037 ], [ -105.417392559662332, -74.801819995718319 ], [ -105.084839038194104, -74.956907111826951 ], [ -104.229067312948175, -75.121465260687032 ] ] } },
{ "type": "Feature", "properties": { "surface": "ice shelf and front" }, "geometry": { "type": "LineString", "coordinates": [ [ -108.787613854158764, -74.858826385320057 ], [ -108.735621328374748, -74.863572350751738 ], [ -108.774760901852119, -74.93228760447073 ], [ -109.09200195591437, -75.048105431151271 ], [ -109.260922809896243, -75.033675625928424 ], [ -109.365846042643724, -75.046260616274665 ], [ -109.185933400103124, -75.133207018982858 ], [ -109.301170659186013, -75.197706173542684 ] ] } },
{ "type": "Feature", "properties": { "surface": "ice shelf and front" }, "geometry": { "type": "LineString", "coordinates": [ [ -110.127772009793304, -74.602693262123523 ], [ -109.622737261906607, -74.611831379106704 ], [ -109.416016344053233, -74.75834886621945 ], [ -108.787613854158764, -74.858826385320057 ] ] } },
{ "type": "Feature", "properties": { "surface": "ice shelf and front" }, "geometry": { "type": "LineString", "coordinates": [ [ -110.874174886190929, -74.287621019344343 ], [ -110.874378221532837, -74.28774194054607 ] ] } },
{ "type": "Feature", "properties": { "surface": "ice shelf and front" }, "geometry": { "type": "LineString", "coordinates": [ [ -117.361059775476093, -74.084288457136608 ], [ -118.911411378114693, -73.910346992300134 ] ] } },
{ "type": "Feature", "properties": { "surface": "ice shelf and front" }, "geometry": { "type": "LineString", "coordinates": [ [ -120.370698819386661, -73.824068120081051 ], [ -119.783104842467324, -73.825950080044151 ] ] } },
{ "type": "Feature", "properties": { "surface": "ice shelf and front" }, "geometry": { "type": "LineString", "coordinates": [ [ -136.817484723234429, -74.769187190166605 ], [ -136.841504625280947, -74.863709379781127 ], [ -136.714272867941702, -74.941231156586269 ], [ -136.771983099693927, -74.970443568474863 ] ] } },
{ "type": "Feature", "properties": { "surface": "ice shelf and front" }, "geometry": { "type": "LineString", "coordinates": [ [ -137.529230057695969, -75.034456499085294 ], [ -137.589157570538077, -75.078492763109679 ] ] } },
{ "type": "Feature", "properties": { "surface": "ice shelf and front" }, "geometry": { "type": "LineString", "coordinates": [ [ -139.67584075198053, -75.172000999631578 ], [ -140.070879013349355, -75.094492426372852 ], [ -139.933518072089527, -75.185495779534691 ], [ -140.035925870948745, -75.21202136601957 ], [ -139.999446399983555, -75.283838045136463 ] ] } },
{ "type": "Feature", "properties": { "surface": "ice shelf and front" }, "geometry": { "type": "LineString", "coordinates": [ [ -140.231951037582547, -75.417847405926963 ], [ -141.048879393695444, -75.493921012523117 ] ] } },
{ "type": "Feature", "properties": { "surface": "ice shelf and front" }, "geometry": { "type": "LineString", "coordinates": [ [ -141.918887413701611, -75.485382718786184 ], [ -141.311214757020764, -75.502663655981706 ] ] } },
{ "type": "Feature", "properties": { "surface": "ice shelf and front" }, "geometry": { "type": "LineString", "coordinates": [ [ -110.213875141702459, -74.429861494751677 ], [ -110.141524731586728, -74.424035036700602 ], [ -110.265260491480177, -74.37712599379968 ] ] } },
{ "type": "Feature", "properties": { "surface": "ice shelf and front" }, "geometry": { "type": "LineString", "coordinates": [ [ 162.370749349265111, -76.091457823905259 ], [ 162.557351637641233, -76.110450189454738 ], [ 162.504649731262845, -76.078595194377129 ] ] } },
{ "type": "Feature", "properties": { "surface": "ice shelf and front" }, "geometry": { "type": "LineString", "coordinates": [ [ 164.905751557745162, -74.563111950220829 ], [ 164.982772419798664, -74.559125188716862 ] ] } },
{ "type": "Feature", "properties": { "surface": "ice shelf and front" }, "geometry": { "type": "LineString", "coordinates": [ [ 163.631194435708863, -77.714827699498585 ], [ 163.563786150386306, -77.658903543879191 ] ] } },
{ "type": "Feature", "properties": { "surface": "ice shelf and front" }, "geometry": { "type": "LineString", "coordinates": [ [ 162.65393989493262, -75.944387377468317 ], [ 163.031272644600364, -75.94022902748236 ], [ 162.759431859090853, -75.882660438734263 ] ] } },
{ "type": "Feature", "properties": { "surface": "ice shelf and front" }, "geometry": { "type": "LineString", "coordinates": [ [ 162.78123453690543, -76.392145332723501 ], [ 162.710040747971561, -76.366359663548337 ] ] } },
{ "type": "Feature", "properties": { "surface": "ice shelf and front" }, "geometry": { "type": "LineString", "coordinates": [ [ 162.573164040180416, -76.847480086566222 ], [ 162.659189085017744, -76.82260979366859 ] ] } },
{ "type": "Feature", "properties": { "surface": "ice shelf and front" }, "geometry": { "type": "LineString", "coordinates": [ [ 162.346372056725812, -76.988130154221736 ], [ 162.628010868554526, -76.949488593405349 ], [ 162.290232882728674, -76.951839138204321 ] ] } },
{ "type": "Feature", "properties": { "surface": "ice shelf and front" }, "geometry": { "type": "LineString", "coordinates": [ [ 162.563216107846557, -76.858956297479722 ], [ 162.516478629889775, -76.875526704466083 ] ] } },
{ "type": "Feature", "properties": { "surface": "ice shelf and front" }, "geometry": { "type": "LineString", "coordinates": [ [ 162.649792503104464, -76.651435683867362 ], [ 162.696710074995167, -76.639554329740804 ] ] } },
{ "type": "Feature", "properties": { "surface": "ice shelf and front" }, "geometry": { "type": "LineString", "coordinates": [ [ 162.70279305304652, -76.635041916952929 ], [ 162.629723816309223, -76.606865001909142 ], [ 162.911926376805866, -76.569570630971555 ], [ 162.718835624623637, -76.544753793112307 ] ] } },
{ "type": "Feature", "properties": { "surface": "ice shelf and front" }, "geometry": { "type": "LineString", "coordinates": [ [ 162.522061841788258, -76.223159217337169 ], [ 163.164295918360324, -76.158876771166263 ], [ 162.447428137633665, -76.139100204159945 ] ] } },
{ "type": "Feature", "properties": { "surface": "ice shelf and front" }, "geometry": { "type": "LineString", "coordinates": [ [ 162.813670739188467, -75.780627961244164 ], [ 162.991737395002474, -75.747477235418472 ], [ 162.81346290635986, -75.6966374422054 ] ] } },
{ "type": "Feature", "properties": { "surface": "ice shelf and front" }, "geometry": { "type": "LineString", "coordinates": [ [ 162.890784090726413, -75.568210359397071 ], [ 163.201727922009638, -75.490521779402968 ], [ 162.530207987786412, -75.509459858881073 ] ] } },
{ "type": "Feature", "properties": { "surface": "ice shelf and front" }, "geometry": { "type": "LineString", "coordinates": [ [ 162.581679659931211, -75.416147190316792 ], [ 165.138651652310045, -75.571366027468017 ], [ 165.550879250447963, -75.565265292158543 ], [ 165.570924560831003, -75.477459728319914 ], [ 165.669802907296685, -75.458002753269014 ], [ 163.270869744302843, -75.203279490784865 ], [ 163.702927760869187, -74.95560883112789 ] ] } },
{ "type": "Feature", "properties": { "surface": "ice shelf and front" }, "geometry": { "type": "LineString", "coordinates": [ [ 165.048358122637239, -74.556099369693783 ], [ 165.235569509008286, -74.554261250423721 ] ] } },
{ "type": "Feature", "properties": { "surface": "ice shelf and front" }, "geometry": { "type": "LineString", "coordinates": [ [ 165.41357854689312, -74.485309083964893 ], [ 165.390232414277961, -74.483932239613296 ] ] } },
{ "type": "Feature", "properties": { "surface": "ice shelf and front" }, "geometry": { "type": "LineString", "coordinates": [ [ 163.719357358656197, -74.872560384491592 ], [ 163.898911448956198, -74.87667600947195 ] ] } },
{ "type": "Feature", "properties": { "surface": "ice shelf and front" }, "geometry": { "type": "LineString", "coordinates": [ [ 164.260286526272495, -74.624714931103156 ], [ 164.547792427053395, -74.68467741988816 ], [ 164.496706430202977, -74.565656392679614 ] ] } },
{ "type": "Feature", "properties": { "surface": "ice shelf and front" }, "geometry": { "type": "LineString", "coordinates": [ [ 164.529461597043195, -74.560300366315744 ], [ 164.738812252377983, -74.568634414227105 ] ] } },
{ "type": "Feature", "properties": { "surface": "ice shelf and front" }, "geometry": { "type": "LineString", "coordinates": [ [ 169.012478602342753, -73.269818612567022 ], [ 169.13028563000347, -73.318978521293118 ], [ 169.024785181641761, -73.383956228404273 ], [ 169.269510274343588, -73.446948851116687 ], [ 169.071882594460249, -73.526852213211455 ], [ 168.676568454185855, -73.397421921342314 ], [ 168.759837636149825, -73.358860374234894 ], [ 168.552382037388526, -73.365563823698807 ], [ 168.638665442722697, -73.409461698927274 ], [ 168.605632438042022, -73.529584193343851 ], [ 168.250985996250023, -73.610854724340342 ], [ 168.043546582063499, -73.542528706809819 ], [ 168.222421182554029, -73.526359823789875 ], [ 168.069030642152853, -73.508508390878944 ], [ 168.266043063764783, -73.471439224905765 ], [ 168.309610756031958, -73.438222653997343 ], [ 168.093345053049632, -73.467232848437263 ], [ 168.199203414166391, -73.403063256637267 ], [ 168.083943828840063, -73.391468879625066 ] ] } },
{ "type": "Feature", "properties": { "surface": "ice shelf and front" }, "geometry": { "type": "LineString", "coordinates": [ [ 166.839771137232248, -73.590537802733166 ], [ 166.621189684457249, -73.67880865075881 ], [ 166.772196321215773, -73.754424146977044 ], [ 166.454397589076791, -73.791182831258482 ], [ 166.509347131510395, -73.769596640616783 ], [ 166.293867113593933, -73.723990519572681 ] ] } },
{ "type": "Feature", "properties": { "surface": "ice shelf and front" }, "geometry": { "type": "LineString", "coordinates": [ [ 167.834118873784888, -73.379229805081664 ], [ 167.74600117500799, -73.431315352573108 ] ] } },
{ "type": "Feature", "properties": { "surface": "ice shelf and front" }, "geometry": { "type": "LineString", "coordinates": [ [ 115.696507817123717, -66.653179323240053 ], [ 115.780680467647628, -66.687338999553845 ], [ 115.785642090593541, -66.623636089597497 ], [ 115.957686613505516, -66.594859426226222 ], [ 116.254104409241705, -66.74665260895344 ], [ 116.658325428587332, -66.827891193937774 ], [ 116.935021200011093, -66.7893225236879 ], [ 117.560309363017282, -67.007031398551902 ], [ 118.523320286992828, -66.931320486321141 ], [ 119.516261244630982, -66.983707576767159 ], [ 120.519883611980404, -66.880726283086943 ] ] } },
{ "type": "Feature", "properties": { "surface": "ice shelf and front" }, "geometry": { "type": "LineString", "coordinates": [ [ 165.287029937201282, -77.876831375131644 ], [ 165.244202607711003, -77.861659350994799 ] ] } },
{ "type": "Feature", "properties": { "surface": "ice shelf and front" }, "geometry": { "type": "LineString", "coordinates": [ [ 161.078724086223986, -70.309490311105918 ], [ 160.90998276593254, -70.228891364882386 ] ] } },
{ "type": "Feature", "properties": { "surface": "ice shelf and front" }, "geometry": { "type": "LineString", "coordinates": [ [ 100.481168480707723, -66.254774287764874 ], [ 100.565143077051815, -66.237912250253672 ] ] } },
{ "type": "Feature", "properties": { "surface": "ice shelf and front" }, "geometry": { "type": "LineString", "coordinates": [ [ 123.685924478200391, -66.686858052846034 ], [ 123.693896716513251, -66.669504722489791 ] ] } },
{ "type": "Feature", "properties": { "surface": "ice shelf and front" }, "geometry": { "type": "LineString", "coordinates": [ [ 123.649056529776345, -66.705816077270256 ], [ 123.680105101859837, -66.691189167406179 ] ] } },
{ "type": "Feature", "properties": { "surface": "ice shelf and front" }, "geometry": { "type": "LineString", "coordinates": [ [ 169.458673337555695, -71.466084956471349 ], [ 169.413572821569915, -71.457154163749436 ] ] } },
{ "type": "Feature", "properties": { "surface": "ice shelf and front" }, "geometry": { "type": "LineString", "coordinates": [ [ 170.351563951399953, -71.50216714546616 ], [ 170.35165936415487, -71.491805388751459 ] ] } },
{ "type": "Feature", "properties": { "surface": "ice shelf and front" }, "geometry": { "type": "LineString", "coordinates": [ [ 108.956651682453554, -66.87523032295411 ], [ 108.77674118847635, -66.947249023268583 ] ] } },
{ "type": "Feature", "properties": { "surface": "ice shelf and front" }, "geometry": { "type": "LineString", "coordinates": [ [ 109.173689789036985, -66.891173671335906 ], [ 109.258154059209502, -66.882525157926807 ] ] } },
{ "type": "Feature", "properties": { "surface": "ice shelf and front" }, "geometry": { "type": "LineString", "coordinates": [ [ 169.635844985518702, -73.019780112321072 ], [ 169.634880649018299, -72.985252792928122 ] ] } },
{ "type": "Feature", "properties": { "surface": "ice shelf and front" }, "geometry": { "type": "LineString", "coordinates": [ [ 166.549944766441058, -70.609497425034775 ], [ 166.387947902975327, -70.591075019150566 ] ] } },
{ "type": "Feature", "properties": { "surface": "ice shelf and front" }, "geometry": { "type": "LineString", "coordinates": [ [ 114.063646942158357, -66.072662326940517 ], [ 114.215443379052758, -66.127992209766091 ] ] } },
{ "type": "Feature", "properties": { "surface": "ice shelf and front" }, "geometry": { "type": "LineString", "coordinates": [ [ 164.963538682250487, -74.235768934798401 ], [ 164.835587823058802, -74.210599820965825 ] ] } },
{ "type": "Feature", "properties": { "surface": "ice shelf and front" }, "geometry": { "type": "LineString", "coordinates": [ [ 106.329913498748809, -66.393039225220292 ], [ 106.436795960766759, -66.404836991310361 ] ] } },
{ "type": "Feature", "properties": { "surface": "ice shelf and front" }, "geometry": { "type": "LineString", "coordinates": [ [ 164.878595616701176, -74.185071714945281 ], [ 164.857807196547327, -74.167248090799163 ] ] } },
{ "type": "Feature", "properties": { "surface": "ice shelf and front" }, "geometry": { "type": "LineString", "coordinates": [ [ 107.519501889279297, -66.537882544877263 ], [ 107.45295753889674, -66.528644271240637 ] ] } },
{ "type": "Feature", "properties": { "surface": "ice shelf and front" }, "geometry": { "type": "LineString", "coordinates": [ [ 167.262891646517829, -70.770046303154047 ], [ 167.289828853466958, -70.768620684842134 ] ] } },
{ "type": "Feature", "properties": { "surface": "ice shelf and front" }, "geometry": { "type": "LineString", "coordinates": [ [ 165.815005237732578, -70.723548682429538 ], [ 165.758168819654315, -70.714696301738385 ] ] } },
{ "type": "Feature", "properties": { "surface": "ice shelf and front" }, "geometry": { "type": "LineString", "coordinates": [ [ 170.105373010286655, -72.611048043179252 ], [ 170.045517853742723, -72.620545212391562 ], [ 170.212687084214025, -72.670551731460023 ], [ 169.85441514626055, -72.695648405948205 ] ] } },
{ "type": "Feature", "properties": { "surface": "ice shelf and front" }, "geometry": { "type": "LineString", "coordinates": [ [ 169.923486636016605, -72.344537055032177 ], [ 169.930565390028534, -72.328360005866116 ] ] } },
{ "type": "Feature", "properties": { "surface": "ice shelf and front" }, "geometry": { "type": "LineString", "coordinates": [ [ 169.98653315588183, -72.1875252362412 ], [ 169.867016257326554, -72.173210839714002 ], [ 169.909341037319706, -72.259712112086405 ], [ 169.77196679721888, -72.181889507363024 ] ] } },
{ "type": "Feature", "properties": { "surface": "ice shelf and front" }, "geometry": { "type": "LineString", "coordinates": [ [ 137.649975880005002, -66.376295650959037 ], [ 137.859172416358206, -66.434680347929302 ] ] } },
{ "type": "Feature", "properties": { "surface": "ice shelf and front" }, "geometry": { "type": "LineString", "coordinates": [ [ 138.067670821738432, -66.486126401045283 ], [ 138.403725643026888, -66.507743720494048 ], [ 138.32539148664128, -66.542429294860298 ] ] } },
{ "type": "Feature", "properties": { "surface": "ice shelf and front" }, "geometry": { "type": "LineString", "coordinates": [ [ 170.166041747691025, -72.03384906089947 ], [ 170.049255374820262, -72.041995470008857 ] ] } },
{ "type": "Feature", "properties": { "surface": "ice shelf and front" }, "geometry": { "type": "LineString", "coordinates": [ [ 170.010028281695782, -71.610312274618408 ], [ 170.022591792531927, -71.547481012843704 ], [ 169.907487703980621, -71.57712988324478 ] ] } },
{ "type": "Feature", "properties": { "surface": "ice shelf and front" }, "geometry": { "type": "LineString", "coordinates": [ [ 169.583567390215109, -71.523159116592453 ], [ 169.555890120442569, -71.527836272756446 ] ] } },
{ "type": "Feature", "properties": { "surface": "ice shelf and front" }, "geometry": { "type": "LineString", "coordinates": [ [ 169.550811962987495, -71.528188987943651 ], [ 169.492740106276187, -71.511105515793886 ] ] } },
{ "type": "Feature", "properties": { "surface": "ice shelf and front" }, "geometry": { "type": "LineString", "coordinates": [ [ 169.366845445928817, -71.442027135708059 ], [ 169.323840818422354, -71.4465156712061 ] ] } },
{ "type": "Feature", "properties": { "surface": "ice shelf and front" }, "geometry": { "type": "LineString", "coordinates": [ [ 168.83698220437563, -71.289484526772455 ], [ 168.694751965398694, -71.246294029313816 ] ] } },
{ "type": "Feature", "properties": { "surface": "ice shelf and front" }, "geometry": { "type": "LineString", "coordinates": [ [ 165.08419895161154, -74.055709857421888 ], [ 165.137463260783107, -74.152749809885151 ], [ 164.877531675689227, -74.074129001124433 ] ] } },
{ "type": "Feature", "properties": { "surface": "ice shelf and front" }, "geometry": { "type": "LineString", "coordinates": [ [ 165.700325669167825, -73.856757211105645 ], [ 165.661108052621813, -73.850470675120789 ] ] } },
{ "type": "Feature", "properties": { "surface": "ice shelf and front" }, "geometry": { "type": "LineString", "coordinates": [ [ 167.252570913806863, -73.525259842968936 ], [ 167.051026363047242, -73.568354925841788 ] ] } },
{ "type": "Feature", "properties": { "surface": "ice shelf and front" }, "geometry": { "type": "LineString", "coordinates": [ [ 166.869136715077616, -73.585331338489141 ], [ 166.999798093406554, -73.575666347488948 ] ] } },
{ "type": "Feature", "properties": { "surface": "ice shelf and front" }, "geometry": { "type": "LineString", "coordinates": [ [ 169.556282587619478, -73.503497871208708 ], [ 169.57558489932461, -73.489152294436423 ] ] } },
{ "type": "Feature", "properties": { "surface": "ice shelf and front" }, "geometry": { "type": "LineString", "coordinates": [ [ 169.585577308769359, -73.48538209026708 ], [ 169.610084014402986, -73.477636757489663 ] ] } },
{ "type": "Feature", "properties": { "surface": "ice shelf and front" }, "geometry": { "type": "LineString", "coordinates": [ [ 168.107266913060272, -71.125189309815269 ], [ 168.230105389840816, -71.181249958872201 ] ] } },
{ "type": "Feature", "properties": { "surface": "ice shelf and front" }, "geometry": { "type": "LineString", "coordinates": [ [ 100.666323959957822, -66.196458512333493 ], [ 100.823466878889818, -66.130536132573397 ], [ 100.585526064165123, -66.117997530774929 ] ] } },
{ "type": "Feature", "properties": { "surface": "ice shelf and front" }, "geometry": { "type": "LineString", "coordinates": [ [ 136.545877754621529, -66.415595387910784 ], [ 136.655113357057758, -66.402436419309424 ] ] } },
{ "type": "Feature", "properties": { "surface": "ice shelf and front" }, "geometry": { "type": "LineString", "coordinates": [ [ 132.465145856823312, -66.147097175357132 ], [ 132.557737449279387, -66.175147147406975 ] ] } },
{ "type": "Feature", "properties": { "surface": "ice shelf and front" }, "geometry": { "type": "LineString", "coordinates": [ [ 147.039579430201769, -68.037427405812238 ], [ 146.840992305019483, -67.936528954155008 ] ] } },
{ "type": "Feature", "properties": { "surface": "ice shelf and front" }, "geometry": { "type": "LineString", "coordinates": [ [ 163.648750888775766, -70.670196638188585 ], [ 163.574064371509564, -70.667449756415124 ] ] } },
{ "type": "Feature", "properties": { "surface": "ice shelf and front" }, "geometry": { "type": "LineString", "coordinates": [ [ 169.898497908703177, -73.567977685079498 ], [ 169.721732458425805, -73.625030232634131 ] ] } },
{ "type": "Feature", "properties": { "surface": "ice shelf and front" }, "geometry": { "type": "LineString", "coordinates": [ [ 169.482882282845765, -73.566370853305216 ], [ 169.469857929715744, -73.544440492783693 ] ] } },
{ "type": "Feature", "properties": { "surface": "ice shelf and front" }, "geometry": { "type": "LineString", "coordinates": [ [ 148.206542766846098, -68.405474058467178 ], [ 148.013226662432771, -68.328454605436079 ], [ 147.644666601996249, -68.339663332540511 ], [ 147.862514367451553, -68.28945093734184 ], [ 147.078254658761892, -68.077738272263517 ] ] } },
{ "type": "Feature", "properties": { "surface": "ice shelf and front" }, "geometry": { "type": "LineString", "coordinates": [ [ 169.644076005456526, -73.04082184626472 ], [ 169.647768786984074, -73.039593577222206 ] ] } },
{ "type": "Feature", "properties": { "surface": "ice shelf and front" }, "geometry": { "type": "LineString", "coordinates": [ [ 124.821430758184874, -66.727796571457787 ], [ 124.919743112856381, -66.492574893893263 ], [ 125.025239687847403, -66.505058017392116 ], [ 125.024942387889979, -66.665282591516458 ], [ 125.119994888575761, -66.659605303440173 ] ] } },
{ "type": "Feature", "properties": { "surface": "ice shelf and front" }, "geometry": { "type": "LineString", "coordinates": [ [ 164.86631469176217, -74.07396775195653 ], [ 164.848397357547924, -74.07650090094161 ] ] } },
{ "type": "Feature", "properties": { "surface": "ice shelf and front" }, "geometry": { "type": "LineString", "coordinates": [ [ 167.138920215076496, -70.767852309951266 ], [ 167.150152913271057, -70.767728363885652 ] ] } },
{ "type": "Feature", "properties": { "surface": "ice shelf and front" }, "geometry": { "type": "LineString", "coordinates": [ [ 165.116105367057799, -74.381744801856797 ], [ 165.111526449267444, -74.372880343451968 ] ] } },
{ "type": "Feature", "properties": { "surface": "ice shelf and front" }, "geometry": { "type": "LineString", "coordinates": [ [ 92.35084281737123, -66.585783063053967 ], [ 92.651751712226783, -66.624919478213613 ] ] } },
{ "type": "Feature", "properties": { "surface": "ice shelf and front" }, "geometry": { "type": "LineString", "coordinates": [ [ 167.159444648431048, -70.768642011655459 ], [ 167.174293967086186, -70.76604965165312 ] ] } },
{ "type": "Feature", "properties": { "surface": "ice shelf and front" }, "geometry": { "type": "LineString", "coordinates": [ [ 169.647768786984074, -73.039593577222206 ], [ 169.651516660153902, -73.033128463367632 ] ] } },
{ "type": "Feature", "properties": { "surface": "ice shelf and front" }, "geometry": { "type": "LineString", "coordinates": [ [ 125.93392761501201, -66.31096142973793 ], [ 126.132012744377079, -66.229874260336715 ], [ 126.399619205712796, -66.26958535505004 ], [ 126.435456355557946, -66.353056501443959 ] ] } },
{ "type": "Feature", "properties": { "surface": "ice shelf and front" }, "geometry": { "type": "LineString", "coordinates": [ [ 94.138515120606428, -66.670281148341275 ], [ 94.00381723325215, -66.630801185064357 ], [ 93.997551671293067, -66.514699915305158 ], [ 93.760476356735012, -66.542351973424871 ], [ 93.716546816820284, -66.616711843613615 ] ] } },
{ "type": "Feature", "properties": { "surface": "ice shelf and front" }, "geometry": { "type": "LineString", "coordinates": [ [ 100.573851135312253, -66.226878974001451 ], [ 100.626735750352921, -66.228815246894172 ] ] } },
{ "type": "Feature", "properties": { "surface": "ice shelf and front" }, "geometry": { "type": "LineString", "coordinates": [ [ 100.641722368266443, -66.221741433439874 ], [ 100.65196608965374, -66.210794154186161 ] ] } },
{ "type": "Feature", "properties": { "surface": "ice shelf and front" }, "geometry": { "type": "LineString", "coordinates": [ [ 126.539599192124754, -66.385624839456796 ], [ 126.815199630166049, -66.435092170807934 ] ] } },
{ "type": "Feature", "properties": { "surface": "ice shelf and front" }, "geometry": { "type": "LineString", "coordinates": [ [ 149.299948400897108, -68.405138699972753 ], [ 149.16434280165825, -68.400102593049581 ] ] } },
{ "type": "Feature", "properties": { "surface": "ice shelf and front" }, "geometry": { "type": "LineString", "coordinates": [ [ 169.834489574967932, -73.369806200383266 ], [ 169.840982322426868, -73.385230115135585 ] ] } },
{ "type": "Feature", "properties": { "surface": "ice shelf and front" }, "geometry": { "type": "LineString", "coordinates": [ [ 94.860743205482805, -66.523153488233902 ], [ 94.98804586598321, -66.499739561742274 ], [ 94.998823053247065, -66.412554081768093 ], [ 94.789957526342221, -66.333138610599761 ], [ 94.838922147579353, -66.250119264706299 ], [ 95.337969780239263, -66.248155622640382 ], [ 95.56045065796215, -66.171079945250426 ], [ 95.489040816460019, -65.825041855557345 ], [ 95.571405068374006, -65.700265555334781 ], [ 95.413860204557267, -65.472654235363848 ], [ 95.589745094445846, -65.39254359222798 ], [ 95.534028879972766, -65.257140070663695 ], [ 95.816150097925586, -65.234749772825978 ], [ 95.879061032587657, -65.09071786344127 ], [ 96.18981972158673, -64.930327978930734 ], [ 96.971259205915075, -64.959318814408036 ], [ 98.025565345120683, -65.449217582791348 ], [ 98.320628761206592, -65.366040669662496 ], [ 98.996390935822234, -65.356190209948224 ], [ 99.409741094786568, -65.900509359412212 ], [ 100.075848476203745, -65.750285483906339 ], [ 100.304013232688277, -65.768351656637876 ], [ 100.312874255054339, -65.671165717878964 ] ] } },
{ "type": "Feature", "properties": { "surface": "ice shelf and front" }, "geometry": { "type": "LineString", "coordinates": [ [ 169.47999760938896, -73.093651798807642 ], [ 169.591164337400926, -73.077278413653772 ] ] } },
{ "type": "Feature", "properties": { "surface": "ice shelf and front" }, "geometry": { "type": "LineString", "coordinates": [ [ 169.655566569380824, -73.622524125649747 ], [ 169.517866708070414, -73.575179983759554 ] ] } },
{ "type": "Feature", "properties": { "surface": "ice shelf and front" }, "geometry": { "type": "LineString", "coordinates": [ [ 165.19346353006793, -74.049864933272602 ], [ 165.216554209817446, -74.049061126833863 ] ] } },
{ "type": "Feature", "properties": { "surface": "ice shelf and front" }, "geometry": { "type": "LineString", "coordinates": [ [ 101.230422338748156, -65.978621037978101 ], [ 101.453346770719932, -66.053483983244789 ] ] } },
{ "type": "Feature", "properties": { "surface": "ice shelf and front" }, "geometry": { "type": "LineString", "coordinates": [ [ 100.263529601264608, -65.598475028577937 ], [ 100.630522108834157, -65.385405881096844 ], [ 101.067334396888299, -65.398307245320453 ], [ 101.254581234935628, -65.494130474533108 ] ] } },
{ "type": "Feature", "properties": { "surface": "ice shelf and front" }, "geometry": { "type": "LineString", "coordinates": [ [ 102.491227791393072, -65.898483300921157 ], [ 101.818200933707018, -65.782451822373375 ], [ 101.69825958124575, -65.652505416567564 ], [ 101.255056094194074, -65.548834362817018 ] ] } },
{ "type": "Feature", "properties": { "surface": "ice shelf and front" }, "geometry": { "type": "LineString", "coordinates": [ [ 102.993368254655266, -65.267185508323422 ], [ 102.850838815336289, -65.23887093097575 ] ] } },
{ "type": "Feature", "properties": { "surface": "ice shelf and front" }, "geometry": { "type": "LineString", "coordinates": [ [ 107.281975152963213, -66.491040808173736 ], [ 107.243707734187083, -66.485992738800206 ] ] } },
{ "type": "Feature", "properties": { "surface": "ice shelf and front" }, "geometry": { "type": "LineString", "coordinates": [ [ 104.277484983655683, -66.044162742634256 ], [ 104.520716716739585, -66.101194916242562 ] ] } },
{ "type": "Feature", "properties": { "surface": "ice shelf and front" }, "geometry": { "type": "LineString", "coordinates": [ [ 106.692463480840956, -66.442121196186534 ], [ 106.766424448071504, -66.457833275925495 ] ] } },
{ "type": "Feature", "properties": { "surface": "ice shelf and front" }, "geometry": { "type": "LineString", "coordinates": [ [ 108.142649134184339, -66.612979524797751 ], [ 108.02448519039622, -66.537864013129337 ], [ 107.836712349612341, -66.600704311312242 ] ] } },
{ "type": "Feature", "properties": { "surface": "ice shelf and front" }, "geometry": { "type": "LineString", "coordinates": [ [ 108.295665733111278, -66.724964486391656 ], [ 108.370086849757541, -66.760891027701433 ] ] } },
{ "type": "Feature", "properties": { "surface": "ice shelf and front" }, "geometry": { "type": "LineString", "coordinates": [ [ 109.350215794122022, -66.869865743828498 ], [ 109.527483245807673, -66.83444075704034 ], [ 109.438439306086963, -66.817212271966554 ], [ 109.620207531810706, -66.719251088335824 ], [ 109.542701646889086, -66.641284030104245 ], [ 109.809301139574288, -66.583282519222806 ], [ 109.985778592255457, -66.63616474043998 ], [ 110.203508161883789, -66.626040160963925 ], [ 110.125565539220943, -66.617725291352571 ], [ 110.36949710574504, -66.485043840925073 ], [ 110.493999490706344, -66.518409977669592 ] ] } },
{ "type": "Feature", "properties": { "surface": "ice shelf and front" }, "geometry": { "type": "LineString", "coordinates": [ [ 169.634845539213359, -73.063367257791981 ], [ 169.63980230809608, -73.050578128472239 ] ] } },
{ "type": "Feature", "properties": { "surface": "ice shelf and front" }, "geometry": { "type": "LineString", "coordinates": [ [ 169.639153461771372, -73.384851223338259 ], [ 169.670247203920326, -73.363272420092031 ] ] } },
{ "type": "Feature", "properties": { "surface": "ice shelf and front" }, "geometry": { "type": "LineString", "coordinates": [ [ 114.423673489857904, -66.40768162001504 ], [ 114.491611673945386, -66.335283059141091 ], [ 114.352860138099999, -66.306830644240264 ] ] } },
{ "type": "Feature", "properties": { "surface": "ice shelf and front" }, "geometry": { "type": "LineString", "coordinates": [ [ 167.778502375117654, -71.002057938494744 ], [ 167.875618571416538, -70.96264406100066 ], [ 167.78388408496636, -70.947981861191764 ] ] } },
{ "type": "Feature", "properties": { "surface": "ice shelf and front" }, "geometry": { "type": "LineString", "coordinates": [ [ 114.426164563878601, -66.269169411213511 ], [ 114.569614865354467, -66.242461780689837 ], [ 114.387034626121789, -66.210867959495772 ] ] } },
{ "type": "Feature", "properties": { "surface": "ice shelf and front" }, "geometry": { "type": "LineString", "coordinates": [ [ 167.942833199435483, -71.057770135311245 ], [ 167.978639324019184, -71.071534760990872 ] ] } },
{ "type": "Feature", "properties": { "surface": "ice shelf and front" }, "geometry": { "type": "LineString", "coordinates": [ [ 115.20473191279882, -66.52498570462501 ], [ 114.894745178381555, -66.473284805929524 ], [ 114.984884125751321, -66.417766656510267 ], [ 114.879490289551256, -66.367521961181453 ], [ 114.47012393755297, -66.454906378853366 ] ] } },
{ "type": "Feature", "properties": { "surface": "ice shelf and front" }, "geometry": { "type": "LineString", "coordinates": [ [ 169.821449692658035, -72.428722471814041 ], [ 169.787803850935006, -72.443405454015846 ] ] } },
{ "type": "Feature", "properties": { "surface": "ice shelf and front" }, "geometry": { "type": "LineString", "coordinates": [ [ 165.236364485280262, -77.864967751131942 ], [ 165.198576951910638, -77.968315188347233 ], [ 164.413407009960764, -78.079359399308444 ] ] } },
{ "type": "Feature", "properties": { "surface": "ice shelf and front" }, "geometry": { "type": "LineString", "coordinates": [ [ 166.77808481954321, -77.843858071654068 ], [ 166.867498129430572, -77.885997150806773 ], [ 165.316205876609644, -77.873572777458165 ] ] } },
{ "type": "Feature", "properties": { "surface": "ice shelf and front" }, "geometry": { "type": "LineString", "coordinates": [ [ 164.843449131590688, -74.137950014207391 ], [ 164.892078646563732, -74.120160193370083 ], [ 164.824497347818493, -74.11827130344291 ] ] } },
{ "type": "Feature", "properties": { "surface": "ice shelf and front" }, "geometry": { "type": "LineString", "coordinates": [ [ 166.940113148270314, -77.700237084494049 ], [ 166.556883988772228, -77.714102681343519 ], [ 166.482207246151404, -77.705025759590342 ], [ 166.93262801800185, -77.681384487915196 ] ] } },
{ "type": "Feature", "properties": { "surface": "ice shelf and front" }, "geometry": { "type": "LineString", "coordinates": [ [ 164.831858030821479, -74.142805563075783 ], [ 164.843514147243496, -74.138274879930179 ] ] } },
{ "type": "Feature", "properties": { "surface": "ice shelf and front" }, "geometry": { "type": "LineString", "coordinates": [ [ 169.489178773081989, -73.528572932238632 ], [ 169.500042244128224, -73.522501153927621 ] ] } },
{ "type": "Feature", "properties": { "surface": "ice shelf and front" }, "geometry": { "type": "LineString", "coordinates": [ [ 166.315610848331175, -70.595006898180472 ], [ 166.288993615993292, -70.597452159169904 ] ] } },
{ "type": "Feature", "properties": { "surface": "ice shelf and front" }, "geometry": { "type": "LineString", "coordinates": [ [ 169.778310106610178, -72.432335850258212 ], [ 169.777326097905529, -72.423205770614871 ] ] } },
{ "type": "Feature", "properties": { "surface": "ice shelf and front" }, "geometry": { "type": "LineString", "coordinates": [ [ 123.514021144682715, -66.745383958764577 ], [ 123.644035195428543, -66.707365303860584 ] ] } },
{ "type": "Feature", "properties": { "surface": "ice shelf and front" }, "geometry": { "type": "LineString", "coordinates": [ [ 169.50227750321497, -73.514828670555474 ], [ 169.543175231176008, -73.505782562313215 ] ] } },
{ "type": "Feature", "properties": { "surface": "ice shelf and front" }, "geometry": { "type": "LineString", "coordinates": [ [ 168.035234264256331, -73.390108510727416 ], [ 167.92136477397753, -73.363648529304385 ] ] } },
{ "type": "Feature", "properties": { "surface": "ice shelf and front" }, "geometry": { "type": "LineString", "coordinates": [ [ 121.10596538466605, -66.781555793113327 ], [ 121.221190479376858, -66.633674067625336 ], [ 121.357642591174866, -66.678080923462886 ], [ 121.935211078197952, -66.541014177376837 ], [ 122.468020377431301, -66.831421013418165 ] ] } },
{ "type": "Feature", "properties": { "surface": "ice shelf and front" }, "geometry": { "type": "LineString", "coordinates": [ [ 123.272978354093482, -66.749629207000879 ], [ 122.946883953330783, -66.751332442063585 ] ] } },
{ "type": "Feature", "properties": { "surface": "ice shelf and front" }, "geometry": { "type": "LineString", "coordinates": [ [ 129.942017380678379, -66.341031702627532 ], [ 129.929866928679274, -66.285580635252288 ], [ 130.069990155997885, -66.281145834774776 ] ] } },
{ "type": "Feature", "properties": { "surface": "ice shelf and front" }, "geometry": { "type": "LineString", "coordinates": [ [ 124.00767573106333, -66.587164122825172 ], [ 124.17923675787317, -66.485565106201761 ], [ 124.420918024046017, -66.509179546855719 ], [ 124.590222037175948, -66.662615470052714 ], [ 124.774012005682181, -66.625259142211988 ], [ 124.774134353185474, -66.725509391672333 ] ] } },
{ "type": "Feature", "properties": { "surface": "ice shelf and front" }, "geometry": { "type": "LineString", "coordinates": [ [ 169.219132799449881, -73.169734553353649 ], [ 169.238555054517093, -73.1374262794982 ] ] } },
{ "type": "Feature", "properties": { "surface": "ice shelf and front" }, "geometry": { "type": "LineString", "coordinates": [ [ 165.321661716902753, -74.47245734729951 ], [ 165.283592204460859, -74.469147255578036 ] ] } },
{ "type": "Feature", "properties": { "surface": "ice shelf and front" }, "geometry": { "type": "LineString", "coordinates": [ [ 169.462646076588783, -73.531763021508525 ], [ 169.482729497918911, -73.52991264219007 ] ] } },
{ "type": "Feature", "properties": { "surface": "ice shelf and front" }, "geometry": { "type": "LineString", "coordinates": [ [ 165.684115485215642, -73.912184603364665 ], [ 166.324038189133091, -74.051255039276924 ], [ 165.391717558607979, -74.018446186664477 ] ] } },
{ "type": "Feature", "properties": { "surface": "ice shelf and front" }, "geometry": { "type": "LineString", "coordinates": [ [ 130.118622352958425, -66.274056078809835 ], [ 129.98006318674561, -66.150724993894471 ], [ 130.153393465768886, -66.15885156825162 ], [ 130.109691924386937, -66.094377753203148 ], [ 130.193555641836866, -66.064132035157513 ], [ 130.718434878243841, -66.150995665202828 ] ] } },
{ "type": "Feature", "properties": { "surface": "ice shelf and front" }, "geometry": { "type": "LineString", "coordinates": [ [ 165.603362032184521, -73.826968689169931 ], [ 165.627680994428346, -73.797062024979766 ] ] } },
{ "type": "Feature", "properties": { "surface": "ice shelf and front" }, "geometry": { "type": "LineString", "coordinates": [ [ 130.889307239682608, -66.18473645037308 ], [ 131.028126307622557, -66.198176455690273 ] ] } },
{ "type": "Feature", "properties": { "surface": "ice shelf and front" }, "geometry": { "type": "LineString", "coordinates": [ [ 166.160981605279602, -73.754411053295073 ], [ 166.217056239786729, -73.74841749740078 ] ] } },
{ "type": "Feature", "properties": { "surface": "ice shelf and front" }, "geometry": { "type": "LineString", "coordinates": [ [ 131.197971773011034, -66.202275099005107 ], [ 131.413274728505485, -66.209290992587995 ] ] } },
{ "type": "Feature", "properties": { "surface": "ice shelf and front" }, "geometry": { "type": "LineString", "coordinates": [ [ 167.390474415426468, -73.522094247780558 ], [ 167.426943674596657, -73.523565761964306 ] ] } },
{ "type": "Feature", "properties": { "surface": "ice shelf and front" }, "geometry": { "type": "LineString", "coordinates": [ [ 169.959740014706142, -72.430731723292268 ], [ 169.833145534968509, -72.433655746626386 ] ] } },
{ "type": "Feature", "properties": { "surface": "ice shelf and front" }, "geometry": { "type": "LineString", "coordinates": [ [ 167.702452534223738, -73.45004960545387 ], [ 167.446024074522853, -73.517719329069877 ] ] } },
{ "type": "Feature", "properties": { "surface": "ice shelf and front" }, "geometry": { "type": "LineString", "coordinates": [ [ 169.838383801792361, -73.389403400802465 ], [ 169.946804574250734, -73.488601048198191 ], [ 169.916270614856103, -73.546072033315241 ] ] } },
{ "type": "Feature", "properties": { "surface": "ice shelf and front" }, "geometry": { "type": "LineString", "coordinates": [ [ 169.39744253187223, -73.107510077107392 ], [ 169.251004260655293, -73.133583180474957 ] ] } },
{ "type": "Feature", "properties": { "surface": "ice shelf and front" }, "geometry": { "type": "LineString", "coordinates": [ [ 169.646731297131112, -73.436345602264069 ], [ 169.651789334680558, -73.410028513243873 ] ] } },
{ "type": "Feature", "properties": { "surface": "ice shelf and front" }, "geometry": { "type": "LineString", "coordinates": [ [ 169.64004154484104, -73.403748530054571 ], [ 169.644881136251428, -73.392687192187566 ] ] } },
{ "type": "Feature", "properties": { "surface": "ice shelf and front" }, "geometry": { "type": "LineString", "coordinates": [ [ 169.65639594330284, -73.349411868254975 ], [ 169.76061437811515, -73.327564229682494 ] ] } },
{ "type": "Feature", "properties": { "surface": "ice shelf and front" }, "geometry": { "type": "LineString", "coordinates": [ [ 169.799703478686695, -73.331181373945782 ], [ 169.821889943338988, -73.347223536333402 ] ] } },
{ "type": "Feature", "properties": { "surface": "ice shelf and front" }, "geometry": { "type": "LineString", "coordinates": [ [ 169.767195259312871, -73.326622467767891 ], [ 169.785160755641385, -73.328349806798954 ] ] } },
{ "type": "Feature", "properties": { "surface": "ice shelf and front" }, "geometry": { "type": "LineString", "coordinates": [ [ 170.592942366741283, -71.980923842112375 ], [ 170.236760049095437, -71.996184136769187 ] ] } },
{ "type": "Feature", "properties": { "surface": "ice shelf and front" }, "geometry": { "type": "LineString", "coordinates": [ [ 139.583530818991903, -66.618645997453058 ], [ 139.478321507153566, -66.599252062485917 ] ] } },
{ "type": "Feature", "properties": { "surface": "ice shelf and front" }, "geometry": { "type": "LineString", "coordinates": [ [ 134.144905465800207, -66.22395352128504 ], [ 134.660506336457246, -65.970772055603589 ], [ 134.952631101807157, -66.032234403657853 ], [ 134.889701537008762, -66.078514581119009 ], [ 134.941349687306797, -66.101473094151274 ], [ 135.180588778741395, -66.015952531519474 ], [ 135.400493097403313, -66.068316517262332 ], [ 135.34639515454279, -66.0989341493854 ] ] } },
{ "type": "Feature", "properties": { "surface": "ice shelf and front" }, "geometry": { "type": "LineString", "coordinates": [ [ 135.497650313815882, -66.176400103096839 ], [ 135.623449197781071, -66.106137962297254 ], [ 136.045759495819084, -66.241702545467604 ] ] } },
{ "type": "Feature", "properties": { "surface": "ice shelf and front" }, "geometry": { "type": "LineString", "coordinates": [ [ 170.033663713245517, -72.406201062589716 ], [ 169.969687709524806, -72.429877889556636 ] ] } },
{ "type": "Feature", "properties": { "surface": "ice shelf and front" }, "geometry": { "type": "LineString", "coordinates": [ [ 169.860778887971122, -72.383083290907962 ], [ 169.912491865970566, -72.410015877263149 ], [ 169.782193234457253, -72.415807948933505 ] ] } },
{ "type": "Feature", "properties": { "surface": "ice shelf and front" }, "geometry": { "type": "LineString", "coordinates": [ [ 169.776799208186276, -72.241788533940394 ], [ 169.781526032271529, -72.198753828087817 ] ] } },
{ "type": "Feature", "properties": { "surface": "ice shelf and front" }, "geometry": { "type": "LineString", "coordinates": [ [ 146.424486090055524, -67.723878803287377 ], [ 146.217304121839788, -67.687467980377207 ] ] } },
{ "type": "Feature", "properties": { "surface": "ice shelf and front" }, "geometry": { "type": "LineString", "coordinates": [ [ 140.011191615175107, -66.675161549524134 ], [ 139.918868936028673, -66.697047153433715 ] ] } },
{ "type": "Feature", "properties": { "surface": "ice shelf and front" }, "geometry": { "type": "LineString", "coordinates": [ [ 170.275132845193355, -71.607368637019064 ], [ 170.286110668260704, -71.64090073428099 ] ] } },
{ "type": "Feature", "properties": { "surface": "ice shelf and front" }, "geometry": { "type": "LineString", "coordinates": [ [ 140.101265464111833, -66.718777202760364 ], [ 140.196479459451695, -66.699589309088751 ], [ 140.015231027385767, -66.672922821524111 ] ] } },
{ "type": "Feature", "properties": { "surface": "ice shelf and front" }, "geometry": { "type": "LineString", "coordinates": [ [ 140.34704824009458, -66.736810689188971 ], [ 140.394494890896226, -66.735685202874379 ] ] } },
{ "type": "Feature", "properties": { "surface": "ice shelf and front" }, "geometry": { "type": "LineString", "coordinates": [ [ 170.243560939378085, -71.666835745675158 ], [ 170.192874807021468, -71.673259421020646 ] ] } },
{ "type": "Feature", "properties": { "surface": "ice shelf and front" }, "geometry": { "type": "LineString", "coordinates": [ [ 170.059096227059371, -71.660892757821586 ], [ 170.049478778164001, -71.647103729626423 ] ] } },
{ "type": "Feature", "properties": { "surface": "ice shelf and front" }, "geometry": { "type": "LineString", "coordinates": [ [ 141.357242418800496, -66.843751797109533 ], [ 141.060183449767891, -66.78504890129004 ] ] } },
{ "type": "Feature", "properties": { "surface": "ice shelf and front" }, "geometry": { "type": "LineString", "coordinates": [ [ 169.711605851610443, -71.507056590404886 ], [ 169.654988739458247, -71.510896833446409 ] ] } },
{ "type": "Feature", "properties": { "surface": "ice shelf and front" }, "geometry": { "type": "LineString", "coordinates": [ [ 170.349618106977999, -71.544581804584041 ], [ 170.353058190556339, -71.52526760616577 ] ] } },
{ "type": "Feature", "properties": { "surface": "ice shelf and front" }, "geometry": { "type": "LineString", "coordinates": [ [ 169.31179306371692, -71.43326467983438 ], [ 169.293823042497195, -71.418513532170522 ] ] } },
{ "type": "Feature", "properties": { "surface": "ice shelf and front" }, "geometry": { "type": "LineString", "coordinates": [ [ 142.342061984537111, -66.964315049076333 ], [ 142.249986325693015, -66.939994132246639 ] ] } },
{ "type": "Feature", "properties": { "surface": "ice shelf and front" }, "geometry": { "type": "LineString", "coordinates": [ [ 169.22675993529424, -71.373547190605294 ], [ 169.260166944474548, -71.378320413531867 ] ] } },
{ "type": "Feature", "properties": { "surface": "ice shelf and front" }, "geometry": { "type": "LineString", "coordinates": [ [ 169.147966339769738, -71.366048758532287 ], [ 169.213922325976938, -71.373251225999766 ] ] } },
{ "type": "Feature", "properties": { "surface": "ice shelf and front" }, "geometry": { "type": "LineString", "coordinates": [ [ 168.981504208989946, -71.335087290604363 ], [ 169.04504254826233, -71.349612158202106 ] ] } },
{ "type": "Feature", "properties": { "surface": "ice shelf and front" }, "geometry": { "type": "LineString", "coordinates": [ [ 146.700363287727328, -67.915055314605553 ], [ 146.487215246368862, -67.867822293287603 ] ] } },
{ "type": "Feature", "properties": { "surface": "ice shelf and front" }, "geometry": { "type": "LineString", "coordinates": [ [ 145.761034698283936, -67.573920309614721 ], [ 145.743811553543424, -67.501903643303919 ], [ 145.460226377296522, -67.528550805061712 ] ] } },
{ "type": "Feature", "properties": { "surface": "ice shelf and front" }, "geometry": { "type": "LineString", "coordinates": [ [ 162.928185635065262, -70.508827164498669 ], [ 163.013221751283453, -70.527326971998519 ] ] } },
{ "type": "Feature", "properties": { "surface": "ice shelf and front" }, "geometry": { "type": "LineString", "coordinates": [ [ 143.872799204829676, -66.986939381366739 ], [ 143.867857836046937, -66.998606792483528 ] ] } },
{ "type": "Feature", "properties": { "surface": "ice shelf and front" }, "geometry": { "type": "LineString", "coordinates": [ [ 164.856095829702014, -70.57969810588132 ], [ 164.480149719142247, -70.522670125276946 ] ] } },
{ "type": "Feature", "properties": { "surface": "ice shelf and front" }, "geometry": { "type": "LineString", "coordinates": [ [ 143.88403422395146, -67.025685980607605 ], [ 144.179015276679223, -67.049072822942819 ] ] } },
{ "type": "Feature", "properties": { "surface": "ice shelf and front" }, "geometry": { "type": "LineString", "coordinates": [ [ 166.691232994986308, -70.800895224549677 ], [ 166.582903297233798, -70.789079714566654 ] ] } },
{ "type": "Feature", "properties": { "surface": "ice shelf and front" }, "geometry": { "type": "LineString", "coordinates": [ [ 167.776202581380687, -70.840631754983932 ], [ 167.804779881875305, -70.845915222843615 ] ] } },
{ "type": "Feature", "properties": { "surface": "ice shelf and front" }, "geometry": { "type": "LineString", "coordinates": [ [ 166.94276819681474, -70.778206882626563 ], [ 166.986005277834209, -70.778239183141892 ] ] } },
{ "type": "Feature", "properties": { "surface": "ice shelf and front" }, "geometry": { "type": "LineString", "coordinates": [ [ 162.822886433998065, -70.446323708246751 ], [ 162.864663369886301, -70.408786762583006 ], [ 162.79338083861461, -70.396283424037989 ] ] } },
{ "type": "Feature", "properties": { "surface": "ice shelf and front" }, "geometry": { "type": "LineString", "coordinates": [ [ 164.057784950981585, -70.549209095900096 ], [ 163.885396667281725, -70.560135196712011 ], [ 163.791557030095476, -70.607350850208647 ], [ 163.826554350569893, -70.648261315450668 ] ] } },
{ "type": "Feature", "properties": { "surface": "ice shelf and front" }, "geometry": { "type": "LineString", "coordinates": [ [ 162.213867020294856, -70.345651498517199 ], [ 162.202444501945934, -70.30933556187594 ], [ 162.081453259069065, -70.304509808238592 ], [ 162.084297953073929, -70.363674051419693 ] ] } },
{ "type": "Feature", "properties": { "surface": "ice shelf and front" }, "geometry": { "type": "LineString", "coordinates": [ [ 158.479679633769791, -69.348525369164207 ], [ 158.54423544233444, -69.304868426307607 ], [ 158.404416818669546, -69.329633707082365 ] ] } },
{ "type": "Feature", "properties": { "surface": "ice shelf and front" }, "geometry": { "type": "LineString", "coordinates": [ [ 156.801582942726782, -69.169984347498414 ], [ 156.369149971079423, -68.940270155313499 ], [ 156.021761470215722, -68.935300324687773 ], [ 156.083480311832488, -69.002420607672519 ], [ 155.959136345598552, -69.031098117352897 ] ] } },
{ "type": "Feature", "properties": { "surface": "ice shelf and front" }, "geometry": { "type": "LineString", "coordinates": [ [ 150.270470469128242, -68.433561851028557 ], [ 149.935087288148651, -68.431261049247297 ] ] } },
{ "type": "Feature", "properties": { "surface": "ice shelf and front" }, "geometry": { "type": "LineString", "coordinates": [ [ 167.417645507013162, -70.785013917151957 ], [ 167.405314797133542, -70.788916283793114 ] ] } },
{ "type": "Feature", "properties": { "surface": "ice shelf and front" }, "geometry": { "type": "LineString", "coordinates": [ [ 166.034332777844952, -70.658959173628077 ], [ 165.955185594322131, -70.681245513469079 ] ] } },
{ "type": "Feature", "properties": { "surface": "ice shelf and front" }, "geometry": { "type": "LineString", "coordinates": [ [ 158.402419462408943, -69.315335173178099 ], [ 158.392364722958916, -69.28328084347207 ] ] } },
{ "type": "Feature", "properties": { "surface": "ice shelf and front" }, "geometry": { "type": "LineString", "coordinates": [ [ 165.135873048840381, -70.568871730524734 ], [ 165.115425639014148, -70.563433968362574 ] ] } },
{ "type": "Feature", "properties": { "surface": "ice shelf and front" }, "geometry": { "type": "LineString", "coordinates": [ [ 162.754128031509765, -70.371969193055293 ], [ 162.724620857470143, -70.327365403064377 ] ] } },
{ "type": "Feature", "properties": { "surface": "ice shelf and front" }, "geometry": { "type": "LineString", "coordinates": [ [ 165.327954289886293, -70.571601975885244 ], [ 165.138577843781889, -70.569689174690737 ] ] } },
{ "type": "Feature", "properties": { "surface": "ice shelf and front" }, "geometry": { "type": "LineString", "coordinates": [ [ 166.242574265549138, -70.600125397378505 ], [ 166.231319064067748, -70.602865595897939 ] ] } },
{ "type": "Feature", "properties": { "surface": "ice shelf and front" }, "geometry": { "type": "LineString", "coordinates": [ [ 160.65881843996749, -70.103920033079433 ], [ 160.491320672215977, -70.042618247692857 ] ] } },
{ "type": "Feature", "properties": { "surface": "ice shelf and front" }, "geometry": { "type": "LineString", "coordinates": [ [ 155.086281225422454, -68.75947752218066 ], [ 154.763216889851066, -68.622988748342266 ] ] } },
{ "type": "Feature", "properties": { "surface": "ice shelf and front" }, "geometry": { "type": "LineString", "coordinates": [ [ 149.698489078515792, -68.365364011216471 ], [ 149.422496228202249, -68.384445881033329 ] ] } },
{ "type": "Feature", "properties": { "surface": "ice shelf and front" }, "geometry": { "type": "LineString", "coordinates": [ [ 166.413483975448173, -70.730602775959852 ], [ 166.42136540951401, -70.709066231142785 ] ] } },
{ "type": "Feature", "properties": { "surface": "ice shelf and front" }, "geometry": { "type": "LineString", "coordinates": [ [ 161.999387621265384, -70.449757723785012 ], [ 161.959067770880097, -70.354430881050121 ], [ 161.889509310212787, -70.373306617808353 ], [ 161.849916292303391, -70.375768387775608 ], [ 161.946104738178946, -70.344868513764467 ], [ 161.91251026572121, -70.282386588326588 ], [ 161.752504430463063, -70.330221314058946 ], [ 161.544298389356072, -70.11981044654776 ], [ 161.123228804069328, -70.153280607819838 ], [ 161.233295321546649, -70.19424179762423 ], [ 161.107588751662661, -70.206039613581609 ], [ 161.230097646014201, -70.22399491720698 ], [ 161.089403627061785, -70.310087986871892 ] ] } },
{ "type": "Feature", "properties": { "surface": "ice shelf and front" }, "geometry": { "type": "LineString", "coordinates": [ [ 160.32615984414204, -70.001834800157511 ], [ 160.557493647790864, -69.94769342087649 ], [ 160.552239760678276, -69.875180223548057 ], [ 160.348907066345987, -69.849807367873922 ] ] } },
{ "type": "Feature", "properties": { "surface": "ice shelf and front" }, "geometry": { "type": "LineString", "coordinates": [ [ 155.54199130651341, -68.961301008065291 ], [ 155.380135589752086, -68.953815078332923 ] ] } },
{ "type": "Feature", "properties": { "surface": "ice shelf and front" }, "geometry": { "type": "LineString", "coordinates": [ [ 159.904024922227535, -69.609108497966687 ], [ 159.586121949437597, -69.473860426029219 ], [ 159.481010509409316, -69.507973556509583 ] ] } },
{ "type": "Feature", "properties": { "surface": "ice shelf and front" }, "geometry": { "type": "LineString", "coordinates": [ [ 155.134834373090882, -68.816576615131282 ], [ 155.166310832765674, -68.863920058557369 ] ] } },
{ "type": "Feature", "properties": { "surface": "ice shelf and front" }, "geometry": { "type": "LineString", "coordinates": [ [ 145.236707615009607, -67.525195265883113 ], [ 146.023008315727964, -67.228079957916435 ], [ 145.471396487692971, -67.219726287837773 ], [ 145.405729156036131, -67.186165341017926 ], [ 145.573318457160013, -67.131240862656583 ], [ 145.263990852481129, -67.044782926984823 ], [ 145.086022307717002, -67.041960949868226 ], [ 145.091786822403691, -67.106641632400894 ], [ 145.017800458490314, -67.079542033359516 ], [ 144.767289127023616, -67.223858084735326 ], [ 144.625444968085986, -67.179704689489384 ] ] } },
{ "type": "Feature", "properties": { "surface": "ice shelf and front" }, "geometry": { "type": "LineString", "coordinates": [ [ 150.737002507777987, -68.391187226141497 ], [ 150.322442436759786, -68.439798540169335 ] ] } },
{ "type": "Feature", "properties": { "surface": "ice shelf and front" }, "geometry": { "type": "LineString", "coordinates": [ [ 156.933377806000408, -69.177333131979239 ], [ 156.963746236430921, -69.101790026922941 ], [ 156.887413990353338, -69.081598512480639 ], [ 156.802107161805907, -69.170041221508242 ] ] } },
{ "type": "Feature", "properties": { "surface": "ice shelf and front" }, "geometry": { "type": "LineString", "coordinates": [ [ 159.237857187740644, -69.432261925214888 ], [ 159.006475215391561, -69.322447031970455 ], [ 158.943008219067082, -69.385088752650674 ] ] } },
{ "type": "Feature", "properties": { "surface": "ice shelf and front" }, "geometry": { "type": "LineString", "coordinates": [ [ 157.490079887538911, -69.266613396604853 ], [ 157.251339536651585, -68.978712061642184 ], [ 157.032439297248516, -69.015454903603157 ], [ 157.154591147375413, -69.153305420431721 ] ] } },
{ "type": "Feature", "properties": { "surface": "ice shelf and front" }, "geometry": { "type": "LineString", "coordinates": [ [ 153.663305976642505, -68.34258440112292 ], [ 153.377406111812377, -68.402074921070351 ], [ 153.468735582417054, -68.330708173762588 ], [ 153.092899939406919, -68.185474701319748 ], [ 151.904297320490599, -68.253052422943156 ], [ 151.952259595225826, -68.317057157171604 ], [ 151.874081513101572, -68.344221571532998 ], [ 151.895343571342977, -68.433209592861616 ], [ 151.642364311654973, -68.508661179477812 ], [ 151.616279373532421, -68.600559153611499 ], [ 151.065299821029555, -68.572774556545269 ] ] } },
{ "type": "Feature", "properties": { "surface": "ice shelf and front" }, "geometry": { "type": "LineString", "coordinates": [ [ 154.338431473840558, -68.442231761029674 ], [ 154.427004292021252, -68.456733490653605 ] ] } },
{ "type": "Feature", "properties": { "surface": "ice shelf and front" }, "geometry": { "type": "LineString", "coordinates": [ [ 160.137651441463134, -69.720773117143054 ], [ 159.98454135917089, -69.636598127425557 ] ] } },
{ "type": "Feature", "properties": { "surface": "ice shelf and front" }, "geometry": { "type": "LineString", "coordinates": [ [ 100.892876045023115, -65.984021034635816 ], [ 100.95211441653862, -65.978948777272805 ] ] } },
{ "type": "Feature", "properties": { "surface": "ice shelf and front" }, "geometry": { "type": "LineString", "coordinates": [ [ 101.024376329958415, -65.976713686759425 ], [ 101.062220193242595, -65.973900332041765 ] ] } },
{ "type": "Feature", "properties": { "surface": "ice shelf and front" }, "geometry": { "type": "LineString", "coordinates": [ [ 146.8029274969158, -67.924468043066526 ], [ 146.715127240721841, -67.920549088377498 ] ] } },
{ "type": "Feature", "properties": { "surface": "ice shelf and front" }, "geometry": { "type": "LineString", "coordinates": [ [ 148.711949682182706, -68.422592054367442 ], [ 148.318339190903572, -68.413484283871924 ] ] } },
{ "type": "Feature", "properties": { "surface": "ice shelf and front" }, "geometry": { "type": "LineString", "coordinates": [ [ 128.753923651542721, -67.035779162324587 ], [ 127.947681327871678, -67.035019243610122 ] ] } },
{ "type": "Feature", "properties": { "surface": "ice shelf and front" }, "geometry": { "type": "LineString", "coordinates": [ [ 100.619048301102268, -66.042766395947481 ], [ 100.680716813007223, -66.019397207950277 ] ] } },
{ "type": "Feature", "properties": { "surface": "ice shelf and front" }, "geometry": { "type": "LineString", "coordinates": [ [ 100.485397835324591, -66.271064380646891 ], [ 100.478310302258322, -66.260979802916907 ] ] } },
{ "type": "Feature", "properties": { "surface": "ice shelf and front" }, "geometry": { "type": "LineString", "coordinates": [ [ 103.892954430492637, -65.975265666023247 ], [ 103.469623417948071, -65.965523442560269 ] ] } },
{ "type": "Feature", "properties": { "surface": "ice shelf and front" }, "geometry": { "type": "LineString", "coordinates": [ [ 103.415142326315845, -65.95882039963854 ], [ 103.311658866408763, -65.934601190591096 ] ] } },
{ "type": "Feature", "properties": { "surface": "ice shelf and front" }, "geometry": { "type": "LineString", "coordinates": [ [ 103.216043937568742, -65.926329274498258 ], [ 103.047115783121953, -65.889066433604327 ] ] } },
{ "type": "Feature", "properties": { "surface": "ice shelf and front" }, "geometry": { "type": "LineString", "coordinates": [ [ 114.458900986622439, -66.450867473193767 ], [ 114.427725150636761, -66.417705020394322 ] ] } },
{ "type": "Feature", "properties": { "surface": "ice shelf and front" }, "geometry": { "type": "LineString", "coordinates": [ [ -72.257133841212777, -69.599314052388735 ], [ -72.211850926433968, -69.581361622287446 ] ] } },
{ "type": "Feature", "properties": { "surface": "ice shelf and front" }, "geometry": { "type": "LineString", "coordinates": [ [ -61.774889337057161, -65.578340725731564 ], [ -61.837220152289881, -65.643237969970386 ], [ -61.725432294463815, -65.642945647954093 ], [ -61.451375934822941, -65.860097030232652 ], [ -61.364007588879637, -65.832622838025088 ], [ -61.345560689323705, -65.919547468746629 ] ] } },
{ "type": "Feature", "properties": { "surface": "ice shelf and front" }, "geometry": { "type": "LineString", "coordinates": [ [ -71.304194846105304, -70.26625319614908 ], [ -71.374218272291102, -70.25645422991964 ] ] } },
{ "type": "Feature", "properties": { "surface": "ice shelf and front" }, "geometry": { "type": "LineString", "coordinates": [ [ -74.377115995350678, -71.598664142001184 ], [ -74.504431486299595, -71.650482775484292 ] ] } },
{ "type": "Feature", "properties": { "surface": "ice shelf and front" }, "geometry": { "type": "LineString", "coordinates": [ [ -71.37975038448424, -70.257408234355452 ], [ -71.411311474715916, -70.271035336814123 ] ] } },
{ "type": "Feature", "properties": { "surface": "ice shelf and front" }, "geometry": { "type": "LineString", "coordinates": [ [ -89.424649863239665, -72.645690362478774 ], [ -90.094651718907215, -72.526000862948706 ], [ -90.480376890084528, -72.647126213119563 ], [ -90.607165658047123, -72.766822586333376 ], [ -90.762590401392316, -72.757304769538948 ] ] } },
{ "type": "Feature", "properties": { "surface": "ice shelf and front" }, "geometry": { "type": "LineString", "coordinates": [ [ -87.359372381706578, -72.92499987341381 ], [ -88.103824970574593, -72.846945055039271 ] ] } },
{ "type": "Feature", "properties": { "surface": "ice shelf and front" }, "geometry": { "type": "LineString", "coordinates": [ [ -83.473525906444593, -73.68828227447375 ], [ -83.406314767327828, -73.649254898923985 ], [ -83.604576936573054, -73.573442941193306 ], [ -83.769101467087523, -73.606298913550134 ] ] } },
{ "type": "Feature", "properties": { "surface": "ice shelf and front" }, "geometry": { "type": "LineString", "coordinates": [ [ -82.263722144006422, -73.839768633613303 ], [ -81.983599598062071, -73.8413992789189 ] ] } },
{ "type": "Feature", "properties": { "surface": "ice shelf and front" }, "geometry": { "type": "LineString", "coordinates": [ [ -80.369813978833974, -73.32918597794442 ], [ -80.585375748298219, -73.345108606880629 ] ] } },
{ "type": "Feature", "properties": { "surface": "ice shelf and front" }, "geometry": { "type": "LineString", "coordinates": [ [ -85.828449494342806, -73.05506190891083 ], [ -86.558502083080015, -72.931977746343975 ], [ -87.336708124831503, -72.932690849354074 ] ] } },
{ "type": "Feature", "properties": { "surface": "ice shelf and front" }, "geometry": { "type": "LineString", "coordinates": [ [ -85.766949997866092, -73.093160630499256 ], [ -85.797989232964568, -73.070387680549644 ] ] } },
{ "type": "Feature", "properties": { "surface": "ice shelf and front" }, "geometry": { "type": "LineString", "coordinates": [ [ -85.504688512654781, -73.348270032294266 ], [ -85.404203370976148, -73.248373336940759 ], [ -85.841502676404374, -73.173527392702084 ], [ -85.791681268879955, -73.108876384200073 ] ] } },
{ "type": "Feature", "properties": { "surface": "ice shelf and front" }, "geometry": { "type": "LineString", "coordinates": [ [ -85.303400121845755, -73.45786250154714 ], [ -85.432834079945664, -73.417943054126482 ] ] } },
{ "type": "Feature", "properties": { "surface": "ice shelf and front" }, "geometry": { "type": "LineString", "coordinates": [ [ -71.828503388892784, -73.20455915490821 ], [ -71.794150704526402, -73.192024379965119 ] ] } },
{ "type": "Feature", "properties": { "surface": "ice shelf and front" }, "geometry": { "type": "LineString", "coordinates": [ [ -71.627059259354397, -73.115078553137963 ], [ -71.539816222539059, -73.184471379142167 ], [ -71.689006261217472, -73.19136473879864 ] ] } },
{ "type": "Feature", "properties": { "surface": "ice shelf and front" }, "geometry": { "type": "LineString", "coordinates": [ [ -71.614625056284694, -73.103589740953467 ], [ -71.626170032861282, -73.104926980881586 ] ] } },
{ "type": "Feature", "properties": { "surface": "ice shelf and front" }, "geometry": { "type": "LineString", "coordinates": [ [ -78.239792145233281, -73.32697347760606 ], [ -78.725699244156246, -73.404269109407309 ] ] } },
{ "type": "Feature", "properties": { "surface": "ice shelf and front" }, "geometry": { "type": "LineString", "coordinates": [ [ -71.520725421410958, -73.086865367657765 ], [ -71.600725574794254, -73.10404817647958 ] ] } },
{ "type": "Feature", "properties": { "surface": "ice shelf and front" }, "geometry": { "type": "LineString", "coordinates": [ [ -73.883918102760745, -73.126537922434267 ], [ -74.390261950966135, -73.119691699102532 ] ] } },
{ "type": "Feature", "properties": { "surface": "ice shelf and front" }, "geometry": { "type": "LineString", "coordinates": [ [ -73.514072919579604, -72.016996810069827 ], [ -72.976216354313507, -72.125274396862451 ] ] } },
{ "type": "Feature", "properties": { "surface": "ice shelf and front" }, "geometry": { "type": "LineString", "coordinates": [ [ -72.11168983257474, -73.205717196373939 ], [ -73.184696844903087, -73.085649179454961 ], [ -73.537046283298352, -73.13544788995938 ] ] } },
{ "type": "Feature", "properties": { "surface": "ice shelf and front" }, "geometry": { "type": "LineString", "coordinates": [ [ -74.471738105667498, -70.648946507576866 ], [ -74.733364106690246, -70.6661441779911 ] ] } },
{ "type": "Feature", "properties": { "surface": "ice shelf and front" }, "geometry": { "type": "LineString", "coordinates": [ [ -72.288294378744823, -72.6606313757094 ], [ -72.193267614368963, -72.717476893962825 ], [ -72.327801490308801, -72.688960190309146 ], [ -72.504197591025218, -72.778883763315463 ], [ -72.16709895415822, -72.941376893733377 ], [ -71.756500642961598, -72.934224465953051 ], [ -71.579328862216386, -73.018410276771164 ] ] } },
{ "type": "Feature", "properties": { "surface": "ice shelf and front" }, "geometry": { "type": "LineString", "coordinates": [ [ -72.612281369907663, -72.596332922978945 ], [ -72.50972677860014, -72.603341017308722 ] ] } },
{ "type": "Feature", "properties": { "surface": "ice shelf and front" }, "geometry": { "type": "LineString", "coordinates": [ [ -74.15710063841864, -70.588638525614542 ], [ -74.250804340922201, -70.609323832729842 ] ] } },
{ "type": "Feature", "properties": { "surface": "ice shelf and front" }, "geometry": { "type": "LineString", "coordinates": [ [ -75.111789893608659, -71.771328725334087 ], [ -75.177078913076656, -71.799210483065906 ] ] } },
{ "type": "Feature", "properties": { "surface": "ice shelf and front" }, "geometry": { "type": "LineString", "coordinates": [ [ -73.672088468804461, -71.378191702580409 ], [ -73.996969698387034, -71.421154336596715 ] ] } },
{ "type": "Feature", "properties": { "surface": "ice shelf and front" }, "geometry": { "type": "LineString", "coordinates": [ [ -72.96522369068677, -71.218761447287164 ], [ -73.169651226860481, -71.32495091096969 ] ] } },
{ "type": "Feature", "properties": { "surface": "ice shelf and front" }, "geometry": { "type": "LineString", "coordinates": [ [ -71.972660845762107, -69.696787434119528 ], [ -71.733758248220809, -69.660704784366928 ] ] } },
{ "type": "Feature", "properties": { "surface": "ice shelf and front" }, "geometry": { "type": "LineString", "coordinates": [ [ -73.542520349041439, -70.729153225438239 ], [ -72.502942895364825, -70.998478458752615 ], [ -72.603136623246215, -71.037410534832958 ] ] } },
{ "type": "Feature", "properties": { "surface": "ice shelf and front" }, "geometry": { "type": "LineString", "coordinates": [ [ -66.854898906730355, -69.095004645880451 ], [ -66.917886547285903, -69.052101698998939 ] ] } },
{ "type": "Feature", "properties": { "surface": "ice shelf and front" }, "geometry": { "type": "LineString", "coordinates": [ [ -68.42536398441645, -70.090160068745817 ], [ -69.025959573952534, -70.173677300400314 ] ] } },
{ "type": "Feature", "properties": { "surface": "ice shelf and front" }, "geometry": { "type": "LineString", "coordinates": [ [ -49.518913719569454, -77.34191301354312 ], [ -49.892121212096107, -77.128963019232273 ], [ -50.902411926767499, -76.905705272871174 ], [ -51.231635640063061, -76.725885275922295 ], [ -51.470501774570984, -76.837539980579294 ], [ -51.339583530260924, -76.745554569667505 ], [ -51.973085876583788, -76.690464263551249 ], [ -52.21413970627772, -76.884431187576766 ], [ -52.044168065434818, -76.69635292924815 ], [ -53.217484916173767, -76.289438887671224 ], [ -54.176856320484255, -76.489602420311058 ], [ -53.832287823605682, -76.360492890934552 ], [ -54.084197150930109, -76.309899809868625 ], [ -53.816490786069501, -76.357399043686314 ], [ -53.285303661895391, -76.262662634822746 ], [ -55.153917231318438, -75.810268781040421 ], [ -56.015842190842704, -75.669793350990147 ], [ -56.863074607998939, -75.827208041488134 ], [ -57.589580408325425, -75.683914327100211 ] ] } },
{ "type": "Feature", "properties": { "surface": "ice shelf and front" }, "geometry": { "type": "LineString", "coordinates": [ [ -72.125732099765969, -70.042299184638338 ], [ -72.094855446022407, -70.1191221913096 ], [ -72.270562740112382, -70.177731550827545 ] ] } },
{ "type": "Feature", "properties": { "surface": "ice shelf and front" }, "geometry": { "type": "LineString", "coordinates": [ [ -30.572631949070718, -76.80622496859462 ], [ -30.483363569138316, -76.761639652329478 ] ] } },
{ "type": "Feature", "properties": { "surface": "ice shelf and front" }, "geometry": { "type": "LineString", "coordinates": [ [ -61.303009696027303, -69.849110128145824 ], [ -61.16751182044564, -69.808761517731796 ], [ -61.249148858142888, -69.802438980449935 ], [ -61.191794884613579, -69.792113390787748 ], [ -61.326896553128464, -69.598329507095031 ], [ -61.349376327740082, -69.481634305385782 ], [ -61.334386739630702, -69.423285685155307 ], [ -61.283001805138554, -69.369380655265743 ], [ -61.339091965079668, -69.481596932294252 ], [ -61.291119096968941, -69.513677208978905 ], [ -61.155805789393611, -69.272127981844662 ], [ -60.894549456688075, -69.135431230377478 ], [ -60.956359803910964, -69.079515755161324 ] ] } },
{ "type": "Feature", "properties": { "surface": "ice shelf and front" }, "geometry": { "type": "LineString", "coordinates": [ [ -60.652359148403377, -70.510333478717584 ], [ -60.599059699953528, -70.437688310879977 ], [ -60.69603778308079, -70.339770314535343 ], [ -60.99059724318883, -70.265657819034587 ], [ -61.082971616858352, -70.095635969627082 ], [ -61.277702101199822, -70.095075931149324 ], [ -61.197828491501951, -69.987655650678605 ] ] } },
{ "type": "Feature", "properties": { "surface": "ice shelf and front" }, "geometry": { "type": "LineString", "coordinates": [ [ -60.657367228739261, -70.911565397064948 ], [ -60.546715164858021, -70.676959956563991 ] ] } },
{ "type": "Feature", "properties": { "surface": "ice shelf and front" }, "geometry": { "type": "LineString", "coordinates": [ [ -60.210337391176935, -72.173456908378057 ], [ -60.587996231185883, -71.933123915067682 ], [ -60.742507872254222, -71.524809909122425 ], [ -60.772624698875369, -71.404205531844951 ], [ -60.633557374230975, -71.335711233538674 ], [ -60.585284248047543, -71.069441975049912 ] ] } },
{ "type": "Feature", "properties": { "surface": "ice shelf and front" }, "geometry": { "type": "LineString", "coordinates": [ [ -59.874018575506319, -72.563775310093618 ], [ -60.22597794840474, -72.359998507887227 ], [ -60.174209563395443, -72.26002669550499 ] ] } },
{ "type": "Feature", "properties": { "surface": "ice shelf and front" }, "geometry": { "type": "LineString", "coordinates": [ [ -60.745921517535599, -74.243040526191848 ], [ -61.123243795583342, -74.156156776062673 ] ] } },
{ "type": "Feature", "properties": { "surface": "ice shelf and front" }, "geometry": { "type": "LineString", "coordinates": [ [ -60.057666154330079, -72.872866837455589 ], [ -59.919341161262864, -72.854557991855302 ], [ -59.870124754443658, -72.753569342884802 ], [ -59.932098672097212, -72.738257046721742 ], [ -59.818476807446345, -72.710998430439076 ], [ -59.874018575506319, -72.563775310093618 ] ] } },
{ "type": "Feature", "properties": { "surface": "ice shelf and front" }, "geometry": { "type": "LineString", "coordinates": [ [ -61.80022460719951, -74.748699492064787 ], [ -61.691942182434147, -74.699583729195353 ], [ -61.588330675217151, -74.754055715864382 ], [ -61.596136541778392, -74.622830054677308 ], [ -61.421504217550719, -74.655285445210097 ], [ -61.318479760786587, -74.565726978786955 ], [ -61.551664677075301, -74.558655366996817 ], [ -61.448427318214669, -74.538160751197239 ] ] } },
{ "type": "Feature", "properties": { "surface": "ice shelf and front" }, "geometry": { "type": "LineString", "coordinates": [ [ -60.800868700308655, -73.577674227773556 ], [ -60.745655549466505, -73.524119390538743 ], [ -60.610182263078656, -73.606600989025409 ], [ -60.407567471080775, -73.553824446913723 ], [ -60.377949634391136, -73.455807566376748 ], [ -60.134125615624257, -73.351684383366305 ], [ -60.185760190511637, -73.315670734069911 ] ] } },
{ "type": "Feature", "properties": { "surface": "ice shelf and front" }, "geometry": { "type": "LineString", "coordinates": [ [ -60.798396522210375, -73.60765914212152 ], [ -60.665110996015208, -73.610796411916752 ], [ -60.742021726987453, -73.688600614818739 ] ] } },
{ "type": "Feature", "properties": { "surface": "ice shelf and front" }, "geometry": { "type": "LineString", "coordinates": [ [ -60.941902460614585, -74.429689480718721 ], [ -60.871251661287459, -74.402678815615019 ], [ -60.9302492756769, -74.385699869918724 ] ] } },
{ "type": "Feature", "properties": { "surface": "ice shelf and front" }, "geometry": { "type": "LineString", "coordinates": [ [ -61.073413724000844, -74.072157183609093 ], [ -60.555851915967793, -74.069727666949305 ], [ -60.743828038695277, -73.988469217348069 ], [ -60.705788718798424, -73.929120953725203 ], [ -60.915833741602135, -73.900599797614163 ] ] } },
{ "type": "Feature", "properties": { "surface": "ice shelf and front" }, "geometry": { "type": "LineString", "coordinates": [ [ -33.479916539011555, -77.291867446318207 ], [ -33.13424159810409, -77.259998669570081 ] ] } },
{ "type": "Feature", "properties": { "surface": "ice shelf and front" }, "geometry": { "type": "LineString", "coordinates": [ [ -35.000387860573056, -77.818709927295885 ], [ -35.237352301288908, -77.778872376032126 ], [ -35.091013514293522, -77.705136709406702 ], [ -34.739640343254479, -77.711862093721194 ] ] } },
{ "type": "Feature", "properties": { "surface": "ice shelf and front" }, "geometry": { "type": "LineString", "coordinates": [ [ -44.143117462523207, -78.147105265750739 ], [ -43.648688227125071, -78.105027562663125 ], [ -44.284711260293193, -78.084366417791443 ], [ -41.8686718338597, -77.768474703809574 ], [ -40.356628619252852, -77.792531823043461 ] ] } },
{ "type": "Feature", "properties": { "surface": "ice shelf and front" }, "geometry": { "type": "LineString", "coordinates": [ [ -72.238111993085411, -69.565644355761819 ], [ -72.214912448735532, -69.566626182329586 ] ] } },
{ "type": "Feature", "properties": { "surface": "ice shelf and front" }, "geometry": { "type": "LineString", "coordinates": [ [ -72.852630796697682, -71.082250600152136 ], [ -72.864961305456475, -71.097270953068673 ] ] } },
{ "type": "Feature", "properties": { "surface": "ice shelf and front" }, "geometry": { "type": "LineString", "coordinates": [ [ -60.895628956711349, -68.685589398050894 ], [ -61.370604341006612, -68.3611435428665 ], [ -61.475429669294563, -67.658627489347879 ], [ -61.381684668686397, -67.432503200282369 ], [ -61.137722198906673, -67.219547383363945 ], [ -60.821501272887481, -67.197294622154814 ], [ -60.210134149913323, -66.903887831922432 ] ] } },
{ "type": "Feature", "properties": { "surface": "ice shelf and front" }, "geometry": { "type": "LineString", "coordinates": [ [ -59.824382900894271, -65.156659120601233 ], [ -59.9185242553094, -65.162505160156471 ] ] } },
{ "type": "Feature", "properties": { "surface": "ice shelf and front" }, "geometry": { "type": "LineString", "coordinates": [ [ -59.829512578431967, -65.109342762089582 ], [ -60.043098372584069, -65.047844458724484 ] ] } },
{ "type": "Feature", "properties": { "surface": "ice shelf and front" }, "geometry": { "type": "LineString", "coordinates": [ [ -66.844255716281424, -67.24633917915051 ], [ -66.801362233332469, -67.263069964380961 ] ] } },
{ "type": "Feature", "properties": { "surface": "ice shelf and front" }, "geometry": { "type": "LineString", "coordinates": [ [ -27.935851702184266, -76.251213870106866 ], [ -27.722897539370084, -76.224008527370145 ] ] } },
{ "type": "Feature", "properties": { "surface": "ice shelf and front" }, "geometry": { "type": "LineString", "coordinates": [ [ -20.637884271564527, -73.593249078955409 ], [ -20.720384618771142, -73.562605053936693 ], [ -20.56235648467274, -73.547921271131287 ], [ -20.655657148564362, -73.487322611759069 ], [ -20.517575418290896, -73.274400339121556 ], [ -19.987126858384684, -73.022319841683625 ], [ -19.956263689769369, -72.921098529287917 ], [ -19.778926769280993, -72.941801837509672 ], [ -19.896420457860284, -72.912638306424284 ], [ -19.740519492489355, -72.828245463722965 ], [ -19.294675417179068, -72.816313131351393 ], [ -19.188367101450382, -72.985357894857387 ], [ -19.359175147382349, -73.075448554278282 ], [ -19.167670271668545, -73.002548042693263 ], [ -19.19553400554884, -72.830448337743988 ], [ -19.106369957915643, -72.811246863266405 ], [ -19.443495920422922, -72.747717949982032 ], [ -19.310594010908556, -72.684515074011259 ], [ -18.351218846847779, -72.574128281579718 ], [ -18.058074712527972, -72.659619079916226 ], [ -17.875977253714268, -72.619876676316494 ], [ -17.944127651968547, -72.65957167230107 ], [ -17.815592096138886, -72.662792227225339 ], [ -17.864686943413737, -72.689464741348473 ], [ -17.801442075261079, -72.749056186138759 ], [ -17.690925046122715, -72.71354621907598 ] ] } },
{ "type": "Feature", "properties": { "surface": "ice shelf and front" }, "geometry": { "type": "LineString", "coordinates": [ [ -11.662773564184933, -71.274973066178219 ], [ -11.105898727977422, -70.992105309439538 ], [ -10.456110617771362, -70.999133444935538 ] ] } },
{ "type": "Feature", "properties": { "surface": "ice shelf and front" }, "geometry": { "type": "LineString", "coordinates": [ [ -12.861277336749403, -71.996797561564691 ], [ -12.764106820168006, -71.950970797073595 ], [ -12.950515577027582, -71.945268386745411 ], [ -12.566254028024638, -71.855427959348972 ], [ -13.005408430833285, -71.883952873032399 ], [ -12.005444892618286, -71.669943129848875 ] ] } },
{ "type": "Feature", "properties": { "surface": "ice shelf and front" }, "geometry": { "type": "LineString", "coordinates": [ [ -9.993680511284719, -70.918069159179552 ], [ -9.473908495022567, -70.718128293027959 ], [ -8.920282750644594, -70.619363542578625 ], [ -8.752092645198745, -70.509942482445297 ], [ -8.186567509187276, -70.502386673541523 ], [ -8.228929890928255, -70.541550526329658 ], [ -8.129047684717431, -70.532492924970342 ], [ -8.161880265865525, -70.627370557703713 ], [ -8.078453285696215, -70.671231613434713 ] ] } },
{ "type": "Feature", "properties": { "surface": "ice shelf and front" }, "geometry": { "type": "LineString", "coordinates": [ [ -16.352263073312958, -72.456732135109689 ], [ -16.447750576858926, -72.405384215291917 ], [ -15.761469662520078, -72.257667220457066 ], [ -15.382512491303116, -72.265192146805177 ], [ -15.551929207814444, -72.240472750294145 ], [ -15.348040768373782, -72.154065520497767 ], [ -15.401731114771033, -72.123672804838961 ], [ -13.416130607363847, -71.945898134391342 ], [ -13.262366034074747, -72.032820202058403 ], [ -12.92332455204058, -72.010571589964897 ] ] } },
{ "type": "Feature", "properties": { "surface": "ice shelf and front" }, "geometry": { "type": "LineString", "coordinates": [ [ -7.751670716858817, -70.69160680212579 ], [ -7.108990302313386, -70.475137672087783 ], [ -6.72006524558051, -70.490717819208243 ], [ -6.72308658342163, -70.435558003956984 ], [ -6.527758091077488, -70.407129868714264 ], [ -6.278151084340448, -70.461368210604448 ] ] } },
{ "type": "Feature", "properties": { "surface": "ice shelf and front" }, "geometry": { "type": "LineString", "coordinates": [ [ -4.820926699526106, -70.290072154918803 ], [ -4.567811778903938, -70.268199453439607 ], [ -4.528388524904811, -70.301639133750228 ], [ -4.627695339339017, -70.31905711669144 ], [ -4.284726257498918, -70.379010396246812 ], [ -4.386797277825167, -70.39572167147432 ], [ -3.427394294099213, -70.401169600403122 ], [ -3.523305721316909, -70.434561446367979 ], [ -3.480538495214711, -70.477658205309865 ] ] } },
{ "type": "Feature", "properties": { "surface": "ice shelf and front" }, "geometry": { "type": "LineString", "coordinates": [ [ -1.849456290155792, -70.159282460097202 ], [ -1.336434106739717, -70.036966737484022 ], [ -1.215429429165123, -70.091679486933444 ], [ -1.155281221413079, -70.06769088961201 ], [ -1.361699707091435, -69.940408391029678 ], [ -1.253876109131706, -69.925079264148479 ], [ -1.578148081167885, -69.902461057024155 ], [ -1.57093356571538, -69.835282841505617 ], [ -1.508273085818624, -69.819693136372919 ], [ -1.414714820681146, -69.829878772620333 ], [ -1.34963798163513, -69.815882348542388 ], [ -1.581784122337336, -69.757664214366983 ], [ -1.440576488036706, -69.620784126279062 ], [ -0.298300268180436, -69.487972729629945 ], [ -0.009709183395714, -69.520692203679658 ], [ 0.052941752145648, -69.607226920293101 ] ] } },
{ "type": "Feature", "properties": { "surface": "ice shelf and front" }, "geometry": { "type": "LineString", "coordinates": [ [ 0.052941752145648, -69.607226920293101 ], [ 0.139020612054639, -69.761938131856283 ], [ 0.220352589093636, -69.704099663755954 ], [ 0.361545539130291, -69.81043521339781 ], [ 0.217508032285937, -70.034226713461848 ], [ 0.498293642033447, -69.942117235826686 ], [ 0.373287324536059, -70.110616045580286 ], [ 0.750691700570235, -69.900240388450101 ], [ 1.127758434666906, -70.018198211117522 ], [ 0.997607952716505, -70.057232685624484 ] ] } },
{ "type": "Feature", "properties": { "surface": "ice shelf and front" }, "geometry": { "type": "LineString", "coordinates": [ [ -2.805673989995904, -70.302825269342776 ], [ -2.246342702409882, -70.18664193451599 ] ] } },
{ "type": "Feature", "properties": { "surface": "ice shelf and front" }, "geometry": { "type": "LineString", "coordinates": [ [ -2.038904073380734, -70.185030365831722 ], [ -1.905974535621553, -70.175396096876085 ] ] } },
{ "type": "Feature", "properties": { "surface": "ice shelf and front" }, "geometry": { "type": "LineString", "coordinates": [ [ -66.945684125085577, -67.226394652847532 ], [ -66.894942223492379, -67.231703849213403 ] ] } },
{ "type": "Feature", "properties": { "surface": "ice shelf and front" }, "geometry": { "type": "LineString", "coordinates": [ [ -60.377649570964536, -64.988253289306627 ], [ -60.091642454451922, -64.967840661628927 ] ] } },
{ "type": "Feature", "properties": { "surface": "ice shelf and front" }, "geometry": { "type": "LineString", "coordinates": [ [ -60.021598198789533, -65.147307287505242 ], [ -60.04024311331419, -65.124895441955914 ] ] } },
{ "type": "Feature", "properties": { "surface": "ice shelf and front" }, "geometry": { "type": "LineString", "coordinates": [ [ -60.130186381480243, -65.094196776595368 ], [ -60.193724761069788, -65.081678076298303 ] ] } },
{ "type": "Feature", "properties": { "surface": "ice shelf and front" }, "geometry": { "type": "LineString", "coordinates": [ [ -72.412793499052924, -69.68283910335623 ], [ -72.311624975397621, -69.712353476389723 ] ] } },
{ "type": "Feature", "properties": { "surface": "ice shelf and front" }, "geometry": { "type": "LineString", "coordinates": [ [ -60.394189594723073, -65.067960757301122 ], [ -60.310390374011057, -65.061602445097435 ] ] } },
{ "type": "Feature", "properties": { "surface": "ice shelf and front" }, "geometry": { "type": "LineString", "coordinates": [ [ -60.411057318524001, -64.987215266612012 ], [ -60.760397544119286, -64.942812174124001 ] ] } },
{ "type": "Feature", "properties": { "surface": "ice shelf and front" }, "geometry": { "type": "LineString", "coordinates": [ [ -60.814206637421272, -64.936786718518462 ], [ -60.895221801317625, -64.9047026536918 ] ] } },
{ "type": "Feature", "properties": { "surface": "ice shelf and front" }, "geometry": { "type": "LineString", "coordinates": [ [ -60.070736875392669, -64.977002693649411 ], [ -60.082134895027075, -65.010398279878359 ] ] } },
{ "type": "Feature", "properties": { "surface": "ice shelf and front" }, "geometry": { "type": "LineString", "coordinates": [ [ -60.695462681728202, -65.096794155805412 ], [ -61.074042307014388, -65.034891181780139 ] ] } },
{ "type": "Feature", "properties": { "surface": "ice shelf and front" }, "geometry": { "type": "LineString", "coordinates": [ [ -71.481061890133859, -73.054653387858934 ], [ -71.491790353764628, -73.074398062788973 ] ] } },
{ "type": "Feature", "properties": { "surface": "ice shelf and front" }, "geometry": { "type": "LineString", "coordinates": [ [ -72.195856963568616, -69.711495896270861 ], [ -72.11512045462085, -69.746952137414112 ], [ -72.158420888154325, -69.784595245317675 ] ] } },
{ "type": "Feature", "properties": { "surface": "ice shelf and front" }, "geometry": { "type": "LineString", "coordinates": [ [ -72.260657618316031, -69.704505241296786 ], [ -72.197938245086135, -69.711502755943187 ] ] } },
{ "type": "Feature", "properties": { "surface": "ice shelf and front" }, "geometry": { "type": "LineString", "coordinates": [ [ -71.574829655957586, -73.040893343697959 ], [ -71.485623238651471, -73.052633024167378 ] ] } },
{ "type": "Feature", "properties": { "surface": "ice shelf and front" }, "geometry": { "type": "LineString", "coordinates": [ [ -61.226664479731696, -65.931412366505242 ], [ -61.0300820500509, -65.918129548797253 ] ] } },
{ "type": "Feature", "properties": { "surface": "ice shelf and front" }, "geometry": { "type": "LineString", "coordinates": [ [ -66.929424272992378, -69.042817762108896 ], [ -66.93894379027634, -69.045478071077724 ] ] } },
{ "type": "Feature", "properties": { "surface": "ice shelf and front" }, "geometry": { "type": "LineString", "coordinates": [ [ -71.348651916179719, -70.283124760372985 ], [ -71.314563170525759, -70.268789109207475 ] ] } },
{ "type": "Feature", "properties": { "surface": "ice shelf and front" }, "geometry": { "type": "LineString", "coordinates": [ [ -78.365985178642489, -72.987882704912479 ], [ -77.374708321358014, -72.97645273936368 ], [ -77.455818996175225, -73.088925766070858 ], [ -77.329446694680726, -73.156126860511876 ], [ -77.414581868106879, -73.20080390582801 ], [ -77.399536072092346, -73.210807090811642 ], [ -77.295943003531775, -73.221856563881815 ], [ -77.268711097123145, -73.226545884659373 ], [ -77.248219292945805, -73.234382198258601 ], [ -77.63300998793035, -73.305164026939494 ] ] } },
{ "type": "Feature", "properties": { "surface": "ice shelf and front" }, "geometry": { "type": "LineString", "coordinates": [ [ -75.775908973590361, -72.892090472879218 ], [ -76.241615966186288, -72.704397603458403 ], [ -76.533932630287524, -72.698478415722889 ], [ -76.423282664076865, -72.591803593076676 ], [ -76.466691796316738, -72.547134825289291 ], [ -76.836701369556764, -72.610085863515849 ], [ -76.798058730529263, -72.669559329716023 ], [ -77.381112106903942, -72.600177713388717 ] ] } },
{ "type": "Feature", "properties": { "surface": "ice shelf and front" }, "geometry": { "type": "LineString", "coordinates": [ [ -21.922170784052973, -74.103796291177375 ], [ -21.843260223046769, -74.137232602474668 ], [ -22.143939378917164, -74.198477571972433 ], [ -22.084822300831309, -74.238391346857114 ], [ -22.143088646812263, -74.277138565341517 ], [ -22.828685544982015, -74.031156369283693 ], [ -23.247549344874283, -74.078792845573133 ], [ -23.461877436093221, -73.861200284272158 ] ] } },
{ "type": "Feature", "properties": { "surface": "ice shelf and front" }, "geometry": { "type": "LineString", "coordinates": [ [ -60.428695447631839, -65.076782693448266 ], [ -60.695462681728202, -65.096794155805412 ] ] } },
{ "type": "Feature", "properties": { "surface": "ice shelf and front" }, "geometry": { "type": "LineString", "coordinates": [ [ -26.830001764197579, -76.13148233179237 ], [ -27.002957906017048, -76.09355484941679 ], [ -26.631347992587095, -76.09160627330283 ] ] } },
{ "type": "Feature", "properties": { "surface": "ice shelf and front" }, "geometry": { "type": "LineString", "coordinates": [ [ -25.114015037544107, -74.979379786849407 ], [ -24.497571204126416, -75.095545921484273 ], [ -24.836703542509618, -75.17114356869709 ], [ -24.954104607172628, -75.27033037732717 ], [ -26.36893068265675, -75.450196421266128 ], [ -26.166733836123584, -75.587391916785776 ], [ -26.134348626234093, -75.753138242556886 ] ] } },
{ "type": "Feature", "properties": { "surface": "ice shelf and front" }, "geometry": { "type": "LineString", "coordinates": [ [ -2.159346784812322, -70.188923395091862 ], [ -2.084050627642603, -70.184120873520499 ] ] } },
{ "type": "Feature", "properties": { "surface": "ice shelf and front" }, "geometry": { "type": "LineString", "coordinates": [ [ -5.968289877916622, -70.412632885622287 ], [ -4.820926699526106, -70.290072154918803 ] ] } },
{ "type": "Feature", "properties": { "surface": "ice shelf and front" }, "geometry": { "type": "LineString", "coordinates": [ [ -17.690925046122715, -72.71354621907598 ], [ -17.613736653456055, -72.699264651532005 ], [ -17.740152887457388, -72.668615528136641 ], [ -17.606612824261031, -72.666981697488282 ], [ -17.757958472160446, -72.632569847679065 ], [ -17.590975430128665, -72.651030026797969 ], [ -17.740647685822754, -72.617029297349319 ], [ -17.405065312475607, -72.601831547927034 ], [ -17.669330469730173, -72.58945836995531 ], [ -17.507890454801867, -72.493887052624174 ], [ -16.601928868804574, -72.465776454196842 ], [ -16.524307132652044, -72.528249586725124 ] ] } },
{ "type": "Feature", "properties": { "surface": "ice shelf and front" }, "geometry": { "type": "LineString", "coordinates": [ [ -57.589580408325425, -75.683914327100211 ], [ -60.371779068422825, -75.211163437900112 ], [ -61.726286745780719, -74.872300826599712 ], [ -61.702515369308529, -74.966736027568345 ], [ -61.317228146776117, -75.104877777713938 ], [ -61.80726172206186, -75.000348538785161 ], [ -61.873116212017024, -74.956662266974362 ], [ -61.784924603914604, -74.898193662401411 ], [ -61.824618657133207, -74.817624899902469 ] ] } },
{ "type": "Feature", "properties": { "surface": "ice shelf and front" }, "geometry": { "type": "LineString", "coordinates": [ [ -47.470156202029713, -77.783414788701677 ], [ -47.420275568732443, -77.774443717278089 ], [ -48.013841152178941, -77.66501463556763 ], [ -47.59582652917598, -77.785104958264967 ], [ -48.456204248000589, -77.715052253604782 ], [ -48.185968674453122, -77.795219220727247 ], [ -48.381596585681663, -77.78574652874029 ], [ -48.64081294588798, -77.716330480932641 ], [ -48.489033614142109, -77.679383440000507 ], [ -49.307458021806433, -77.514324136805897 ], [ -49.518913719569454, -77.34191301354312 ] ] } },
{ "type": "Feature", "properties": { "surface": "ice shelf and front" }, "geometry": { "type": "LineString", "coordinates": [ [ -40.356628619252852, -77.792531823043461 ], [ -39.660147526422165, -77.935778150717212 ], [ -38.613755818483433, -77.965614235587992 ] ] } },
{ "type": "Feature", "properties": { "surface": "ice shelf and front" }, "geometry": { "type": "LineString", "coordinates": [ [ -38.613755818483433, -77.965614235587992 ], [ -36.010012199283679, -78.133277930897691 ], [ -35.917168235047704, -78.203244542312675 ] ] } },
{ "type": "Feature", "properties": { "surface": "ice shelf and front" }, "geometry": { "type": "LineString", "coordinates": [ [ -25.825122900829111, -73.888683927752794 ], [ -26.097355408455922, -74.039586232932336 ], [ -25.712247214504725, -74.187143391864197 ], [ -25.631558519443299, -74.357762739154794 ], [ -26.067085998243485, -74.483691871795472 ], [ -25.731294782102751, -74.503953849942604 ], [ -25.823237229141093, -74.599337065069605 ], [ -25.608980255604525, -74.657158149627634 ], [ -25.70524214106506, -74.681693497797028 ], [ -25.636431397347462, -74.706313752953847 ], [ -25.079696869636905, -74.70837793441008 ], [ -25.276484762065373, -74.716277239807198 ], [ -25.171944383063064, -74.751307230679117 ], [ -25.25235375773061, -74.776599624385057 ], [ -25.258040986447803, -74.877508991367364 ], [ -25.114015037544107, -74.979379786849407 ] ] } },
{ "type": "Feature", "properties": { "surface": "ice shelf and front" }, "geometry": { "type": "LineString", "coordinates": [ [ -23.461877436093221, -73.861200284272158 ], [ -23.690119369679291, -73.826685965081822 ], [ -23.87307653533782, -73.890654518806755 ], [ -23.84761545101647, -73.760625420554319 ], [ -24.069381812444266, -73.74802451662606 ], [ -25.825122900829111, -73.888683927752794 ] ] } },
{ "type": "Feature", "properties": { "surface": "ice shelf and front" }, "geometry": { "type": "LineString", "coordinates": [ [ -26.134348626234093, -75.753138242556886 ], [ -26.374790702685406, -75.939615302449525 ], [ -26.703685560134481, -76.038917964302513 ], [ -26.605323096797587, -76.054983221622351 ] ] } },
{ "type": "Feature", "properties": { "surface": "ice shelf and front" }, "geometry": { "type": "LineString", "coordinates": [ [ -72.621339795436597, -71.038308397153926 ], [ -72.637283882764265, -71.043602259554831 ] ] } },
{ "type": "Feature", "properties": { "surface": "ice shelf and front" }, "geometry": { "type": "LineString", "coordinates": [ [ -72.664213343003809, -71.042949313986384 ], [ -72.667211334386948, -71.048627140818851 ] ] } },
{ "type": "Feature", "properties": { "surface": "ice shelf and front" }, "geometry": { "type": "LineString", "coordinates": [ [ -72.681872354092476, -71.048824757528678 ], [ -72.761305731829225, -71.067301779596221 ] ] } },
{ "type": "Feature", "properties": { "surface": "ice shelf and front" }, "geometry": { "type": "LineString", "coordinates": [ [ -72.879626726918048, -71.099162887900775 ], [ -72.954411120216662, -71.096117159130173 ] ] } },
{ "type": "Feature", "properties": { "surface": "ice shelf and front" }, "geometry": { "type": "LineString", "coordinates": [ [ -73.841025480969947, -70.581305989603038 ], [ -72.757863942708425, -70.432295486078175 ], [ -72.438695416735499, -70.345709582503886 ], [ -72.440531860141036, -70.275431838481438 ], [ -72.272316434120654, -70.181361129540122 ] ] } },
{ "type": "Feature", "properties": { "surface": "ice shelf and front" }, "geometry": { "type": "LineString", "coordinates": [ [ -71.926550487632426, -69.958586950870838 ], [ -72.122378337605525, -70.030987778799968 ] ] } },
{ "type": "Feature", "properties": { "surface": "ice shelf and front" }, "geometry": { "type": "LineString", "coordinates": [ [ -72.153082528886316, -69.787884827819042 ], [ -71.929121242401905, -69.933864143330979 ] ] } },
{ "type": "Feature", "properties": { "surface": "ice shelf and front" }, "geometry": { "type": "LineString", "coordinates": [ [ -72.303693503072921, -69.709231798727728 ], [ -72.263387664931727, -69.704795697135324 ] ] } },
{ "type": "Feature", "properties": { "surface": "ice shelf and front" }, "geometry": { "type": "LineString", "coordinates": [ [ -72.976216354313507, -72.125274396862451 ], [ -72.576918449982102, -72.27373165693345 ] ] } },
{ "type": "Feature", "properties": { "surface": "ice shelf and front" }, "geometry": { "type": "LineString", "coordinates": [ [ -74.65023657169607, -70.011322315436104 ], [ -74.579795459047546, -69.981162475249405 ] ] } },
{ "type": "Feature", "properties": { "surface": "ice shelf and front" }, "geometry": { "type": "LineString", "coordinates": [ [ -74.559581416244939, -69.892720612417236 ], [ -74.578502506887759, -69.861938488921339 ] ] } },
{ "type": "Feature", "properties": { "surface": "ice shelf and front" }, "geometry": { "type": "LineString", "coordinates": [ [ -60.644347404879412, -66.058963992355501 ], [ -60.699647620994519, -66.081550568204378 ] ] } },
{ "type": "Feature", "properties": { "surface": "ice shelf and front" }, "geometry": { "type": "LineString", "coordinates": [ [ -60.956359803910964, -69.079515755161324 ], [ -61.094143616267687, -68.854083657316949 ], [ -60.850148517963135, -68.774483969357021 ] ] } },
{ "type": "Feature", "properties": { "surface": "ice shelf and front" }, "geometry": { "type": "LineString", "coordinates": [ [ -60.108870122471835, -66.838325457492729 ], [ -60.056738381409843, -66.830812085713561 ], [ -60.125092828712525, -66.814445775181127 ], [ -60.061625563264393, -66.821516699806239 ], [ -60.132717282303034, -66.804954101859167 ], [ -60.145120252540039, -66.799315977750069 ], [ -60.026217582833041, -66.82066998880444 ], [ -60.081433771222102, -66.809117719341401 ], [ -60.113337566583986, -66.797517886174603 ], [ -60.130686843290732, -66.787051266372885 ], [ -60.086879443011156, -66.804905086645704 ], [ -60.014573256505741, -66.806768962676188 ], [ -60.332454353448959, -66.655809739311451 ], [ -60.240341061183855, -66.494393169771698 ], [ -60.390114758639101, -66.285766664616645 ], [ -60.688763306702441, -66.124355631650204 ] ] } },
{ "type": "Feature", "properties": { "surface": "ice shelf and front" }, "geometry": { "type": "LineString", "coordinates": [ [ 58.089069031257189, -67.094698645130023 ], [ 58.256331278506323, -67.083632308727914 ] ] } },
{ "type": "Feature", "properties": { "surface": "ice shelf and front" }, "geometry": { "type": "LineString", "coordinates": [ [ 62.552341899100171, -67.638267603627497 ], [ 62.623740205835951, -67.66120158892717 ] ] } },
{ "type": "Feature", "properties": { "surface": "ice shelf and front" }, "geometry": { "type": "LineString", "coordinates": [ [ 58.737587868856004, -67.165995332595543 ], [ 58.760240034477, -67.165406479411246 ] ] } },
{ "type": "Feature", "properties": { "surface": "ice shelf and front" }, "geometry": { "type": "LineString", "coordinates": [ [ 59.30802136327415, -67.345453151078118 ], [ 59.118356453773131, -67.365099130836043 ], [ 59.172285726882606, -67.405762977679416 ], [ 59.097033903469644, -67.435181492951884 ] ] } },
{ "type": "Feature", "properties": { "surface": "ice shelf and front" }, "geometry": { "type": "LineString", "coordinates": [ [ 62.745113895332942, -67.646871721554078 ], [ 62.796745313137848, -67.640876798451416 ] ] } },
{ "type": "Feature", "properties": { "surface": "ice shelf and front" }, "geometry": { "type": "LineString", "coordinates": [ [ 69.622816768400682, -67.989318934840398 ], [ 69.708543648703127, -68.198389257169026 ] ] } },
{ "type": "Feature", "properties": { "surface": "ice shelf and front" }, "geometry": { "type": "LineString", "coordinates": [ [ 69.74075535534422, -68.219077794497309 ], [ 69.784494084894021, -68.249222429208103 ] ] } },
{ "type": "Feature", "properties": { "surface": "ice shelf and front" }, "geometry": { "type": "LineString", "coordinates": [ [ 59.015500327500099, -67.249506159702534 ], [ 58.987791472250336, -67.263445405647147 ] ] } },
{ "type": "Feature", "properties": { "surface": "ice shelf and front" }, "geometry": { "type": "LineString", "coordinates": [ [ 74.258980982274323, -69.726052024676761 ], [ 74.351537103608948, -69.749674876486225 ] ] } },
{ "type": "Feature", "properties": { "surface": "ice shelf and front" }, "geometry": { "type": "LineString", "coordinates": [ [ 74.248707280941176, -69.72809477150507 ], [ 74.218639641592347, -69.729970559589177 ] ] } },
{ "type": "Feature", "properties": { "surface": "ice shelf and front" }, "geometry": { "type": "LineString", "coordinates": [ [ 75.802396653003086, -69.54861101190842 ], [ 75.876663010604744, -69.534442509173687 ] ] } },
{ "type": "Feature", "properties": { "surface": "ice shelf and front" }, "geometry": { "type": "LineString", "coordinates": [ [ 74.51177892066498, -69.743553538193893 ], [ 74.463068501673007, -69.747124691372733 ] ] } },
{ "type": "Feature", "properties": { "surface": "ice shelf and front" }, "geometry": { "type": "LineString", "coordinates": [ [ 76.034983116643062, -69.483600630400417 ], [ 76.001367046616792, -69.500260068883705 ] ] } },
{ "type": "Feature", "properties": { "surface": "ice shelf and front" }, "geometry": { "type": "LineString", "coordinates": [ [ 75.776721356059838, -69.549288023932789 ], [ 75.558530173231205, -69.589517740214916 ] ] } },
{ "type": "Feature", "properties": { "surface": "ice shelf and front" }, "geometry": { "type": "LineString", "coordinates": [ [ 51.341869707580997, -66.212743754146558 ], [ 51.341087760943211, -66.21493069413691 ] ] } },
{ "type": "Feature", "properties": { "surface": "ice shelf and front" }, "geometry": { "type": "LineString", "coordinates": [ [ 51.332537560850959, -66.219993373063701 ], [ 51.330778636204897, -66.221268011650722 ] ] } },
{ "type": "Feature", "properties": { "surface": "ice shelf and front" }, "geometry": { "type": "LineString", "coordinates": [ [ 51.354821563855694, -66.214056185056819 ], [ 51.349779510113493, -66.213325105968565 ] ] } },
{ "type": "Feature", "properties": { "surface": "ice shelf and front" }, "geometry": { "type": "LineString", "coordinates": [ [ 49.100155813162267, -67.294759048950581 ], [ 49.090587072984491, -67.289248679572836 ] ] } },
{ "type": "Feature", "properties": { "surface": "ice shelf and front" }, "geometry": { "type": "LineString", "coordinates": [ [ 50.571304037667701, -66.855812154967325 ], [ 50.570693814979883, -66.880820216352646 ] ] } },
{ "type": "Feature", "properties": { "surface": "ice shelf and front" }, "geometry": { "type": "LineString", "coordinates": [ [ 49.111323931306131, -67.293434211800289 ], [ 49.172950053862763, -67.279752676798978 ] ] } },
{ "type": "Feature", "properties": { "surface": "ice shelf and front" }, "geometry": { "type": "LineString", "coordinates": [ [ 78.044465475232172, -68.662422546152982 ], [ 78.010242515421041, -68.665467756803039 ] ] } },
{ "type": "Feature", "properties": { "surface": "ice shelf and front" }, "geometry": { "type": "LineString", "coordinates": [ [ 56.648775767363546, -66.850307718569368 ], [ 56.637352979016008, -66.794449453264065 ] ] } },
{ "type": "Feature", "properties": { "surface": "ice shelf and front" }, "geometry": { "type": "LineString", "coordinates": [ [ 56.643178533645653, -66.793226108081129 ], [ 56.866508849950343, -66.766102168881474 ], [ 56.801035371889775, -66.722647872731088 ] ] } },
{ "type": "Feature", "properties": { "surface": "ice shelf and front" }, "geometry": { "type": "LineString", "coordinates": [ [ 57.26495963378342, -66.644552011477003 ], [ 57.267591598830137, -66.641819031651607 ] ] } },
{ "type": "Feature", "properties": { "surface": "ice shelf and front" }, "geometry": { "type": "LineString", "coordinates": [ [ 64.638822720521418, -67.635810975723757 ], [ 64.565751490451035, -67.626093575058647 ] ] } },
{ "type": "Feature", "properties": { "surface": "ice shelf and front" }, "geometry": { "type": "LineString", "coordinates": [ [ 65.415912375915767, -67.683214632878091 ], [ 65.459906418498463, -67.684336798893568 ] ] } },
{ "type": "Feature", "properties": { "surface": "ice shelf and front" }, "geometry": { "type": "LineString", "coordinates": [ [ 57.26495963378342, -66.644552011477003 ], [ 57.242827086314193, -66.666784542353909 ] ] } },
{ "type": "Feature", "properties": { "surface": "ice shelf and front" }, "geometry": { "type": "LineString", "coordinates": [ [ 57.210850186015463, -66.960252669623742 ], [ 56.956976226002951, -66.904739706663804 ], [ 56.991166321720506, -66.844694696555308 ], [ 56.700398413935758, -66.926261311477575 ] ] } },
{ "type": "Feature", "properties": { "surface": "ice shelf and front" }, "geometry": { "type": "LineString", "coordinates": [ [ 60.093072950590802, -67.407308356252372 ], [ 60.164293278122642, -67.3938791076705 ] ] } },
{ "type": "Feature", "properties": { "surface": "ice shelf and front" }, "geometry": { "type": "LineString", "coordinates": [ [ 77.815604875736256, -69.07678798932254 ], [ 77.477880749106788, -69.108014098983332 ], [ 77.433479807770283, -69.182969074954642 ] ] } },
{ "type": "Feature", "properties": { "surface": "ice shelf and front" }, "geometry": { "type": "LineString", "coordinates": [ [ 60.176031247295036, -67.389480370159006 ], [ 60.658768561974718, -67.421619231664778 ] ] } },
{ "type": "Feature", "properties": { "surface": "ice shelf and front" }, "geometry": { "type": "LineString", "coordinates": [ [ 60.817819289939031, -67.429431101065418 ], [ 60.88142901346481, -67.442145260599588 ] ] } },
{ "type": "Feature", "properties": { "surface": "ice shelf and front" }, "geometry": { "type": "LineString", "coordinates": [ [ 49.183108890960021, -67.27612690270395 ], [ 49.300274859606127, -67.272095380318632 ] ] } },
{ "type": "Feature", "properties": { "surface": "ice shelf and front" }, "geometry": { "type": "LineString", "coordinates": [ [ 61.768139954410351, -67.545611966114166 ], [ 61.91395540785274, -67.546230227370117 ] ] } },
{ "type": "Feature", "properties": { "surface": "ice shelf and front" }, "geometry": { "type": "LineString", "coordinates": [ [ 62.11654186204229, -67.559808120468489 ], [ 62.140284736834111, -67.564976910372053 ] ] } },
{ "type": "Feature", "properties": { "surface": "ice shelf and front" }, "geometry": { "type": "LineString", "coordinates": [ [ 57.427068538263434, -66.990537914646879 ], [ 57.491053149476812, -67.00737533078329 ] ] } },
{ "type": "Feature", "properties": { "surface": "ice shelf and front" }, "geometry": { "type": "LineString", "coordinates": [ [ 73.704897897013794, -69.729992783596018 ], [ 73.72023432564994, -69.709896139173651 ] ] } },
{ "type": "Feature", "properties": { "surface": "ice shelf and front" }, "geometry": { "type": "LineString", "coordinates": [ [ 73.731161021350317, -69.753346069438905 ], [ 73.725027640790316, -69.752691317984969 ] ] } },
{ "type": "Feature", "properties": { "surface": "ice shelf and front" }, "geometry": { "type": "LineString", "coordinates": [ [ 62.150740301250678, -67.56684199600376 ], [ 62.174222207346212, -67.575894497533028 ] ] } },
{ "type": "Feature", "properties": { "surface": "ice shelf and front" }, "geometry": { "type": "LineString", "coordinates": [ [ 62.284498248186615, -67.59006787617453 ], [ 62.351697328546166, -67.597937383257118 ] ] } },
{ "type": "Feature", "properties": { "surface": "ice shelf and front" }, "geometry": { "type": "LineString", "coordinates": [ [ 62.397973977700843, -67.616684927046506 ], [ 62.351697328546166, -67.597937383257118 ] ] } },
{ "type": "Feature", "properties": { "surface": "ice shelf and front" }, "geometry": { "type": "LineString", "coordinates": [ [ 49.885153342038677, -67.121849166546667 ], [ 49.993003097290682, -67.156316930544037 ] ] } },
{ "type": "Feature", "properties": { "surface": "ice shelf and front" }, "geometry": { "type": "LineString", "coordinates": [ [ 57.33260767509487, -66.970234914581269 ], [ 57.323880402710124, -66.994706282768988 ] ] } },
{ "type": "Feature", "properties": { "surface": "ice shelf and front" }, "geometry": { "type": "LineString", "coordinates": [ [ 50.831709697851615, -66.784747720225454 ], [ 50.789192545892988, -66.80847777900496 ] ] } },
{ "type": "Feature", "properties": { "surface": "ice shelf and front" }, "geometry": { "type": "LineString", "coordinates": [ [ 57.288215954173701, -67.001676501354851 ], [ 57.277790759121437, -67.000170512715655 ] ] } },
{ "type": "Feature", "properties": { "surface": "ice shelf and front" }, "geometry": { "type": "LineString", "coordinates": [ [ 55.760877517751467, -66.116257663151245 ], [ 56.029268594881962, -66.240929539363137 ] ] } },
{ "type": "Feature", "properties": { "surface": "ice shelf and front" }, "geometry": { "type": "LineString", "coordinates": [ [ 56.225370536212637, -66.338236718398093 ], [ 56.160961598586908, -66.322239786870853 ] ] } },
{ "type": "Feature", "properties": { "surface": "ice shelf and front" }, "geometry": { "type": "LineString", "coordinates": [ [ 56.339088669838318, -66.399907573384723 ], [ 56.41051278090999, -66.401904679219811 ] ] } },
{ "type": "Feature", "properties": { "surface": "ice shelf and front" }, "geometry": { "type": "LineString", "coordinates": [ [ 56.513382099532514, -66.88649278986685 ], [ 56.510636269021113, -66.897575978053197 ] ] } },
{ "type": "Feature", "properties": { "surface": "ice shelf and front" }, "geometry": { "type": "LineString", "coordinates": [ [ 56.864465556143685, -66.707995723669086 ], [ 56.892034438828603, -66.702982865805254 ] ] } },
{ "type": "Feature", "properties": { "surface": "ice shelf and front" }, "geometry": { "type": "LineString", "coordinates": [ [ 57.308282978187528, -67.002810796898231 ], [ 57.304656694876009, -67.002833305088373 ] ] } },
{ "type": "Feature", "properties": { "surface": "ice shelf and front" }, "geometry": { "type": "LineString", "coordinates": [ [ 57.990464282783179, -67.097010958338018 ], [ 58.05010048124992, -67.108351889312658 ] ] } },
{ "type": "Feature", "properties": { "surface": "ice shelf and front" }, "geometry": { "type": "LineString", "coordinates": [ [ 57.317421270050687, -66.997415761169407 ], [ 57.3175366768751, -67.000934686033588 ] ] } },
{ "type": "Feature", "properties": { "surface": "ice shelf and front" }, "geometry": { "type": "LineString", "coordinates": [ [ 58.412032220372531, -67.183328639556805 ], [ 58.449023061792701, -67.198908825191481 ] ] } },
{ "type": "Feature", "properties": { "surface": "ice shelf and front" }, "geometry": { "type": "LineString", "coordinates": [ [ 49.465681492642929, -67.012251803352626 ], [ 49.345733153638221, -66.955353908110695 ] ] } },
{ "type": "Feature", "properties": { "surface": "ice shelf and front" }, "geometry": { "type": "LineString", "coordinates": [ [ 48.954436610005452, -67.296096929678598 ], [ 48.953524681349272, -67.294911004567595 ] ] } },
{ "type": "Feature", "properties": { "surface": "ice shelf and front" }, "geometry": { "type": "LineString", "coordinates": [ [ 48.793224240669915, -67.223603671057717 ], [ 48.772331942018297, -67.278953232714585 ], [ 48.92921714480908, -67.295254122529016 ] ] } },
{ "type": "Feature", "properties": { "surface": "ice shelf and front" }, "geometry": { "type": "LineString", "coordinates": [ [ 49.046126004435216, -67.290348494808342 ], [ 49.01681066060987, -67.288108404310705 ] ] } },
{ "type": "Feature", "properties": { "surface": "ice shelf and front" }, "geometry": { "type": "LineString", "coordinates": [ [ 51.302237839925176, -66.226187578978369 ], [ 51.30466092645019, -66.224902837292035 ] ] } },
{ "type": "Feature", "properties": { "surface": "ice shelf and front" }, "geometry": { "type": "LineString", "coordinates": [ [ 48.948113652352255, -67.294579981081441 ], [ 48.944004365324766, -67.294433586369138 ] ] } },
{ "type": "Feature", "properties": { "surface": "ice shelf and front" }, "geometry": { "type": "LineString", "coordinates": [ [ 48.98252173465589, -67.290226571636964 ], [ 48.966766232082854, -67.296308360051029 ] ] } },
{ "type": "Feature", "properties": { "surface": "ice shelf and front" }, "geometry": { "type": "LineString", "coordinates": [ [ 51.319838120179874, -66.220681018767579 ], [ 51.323104283938072, -66.22090305442714 ] ] } },
{ "type": "Feature", "properties": { "surface": "ice shelf and front" }, "geometry": { "type": "LineString", "coordinates": [ [ 51.342343360214485, -66.212326331036166 ], [ 51.342282934108944, -66.212379725621787 ] ] } },
{ "type": "Feature", "properties": { "surface": "ice shelf and front" }, "geometry": { "type": "LineString", "coordinates": [ [ 50.770182807095374, -67.084786976743445 ], [ 50.498002030709692, -67.06689307401993 ], [ 50.517706954730151, -66.994610755551847 ] ] } },
{ "type": "Feature", "properties": { "surface": "ice shelf and front" }, "geometry": { "type": "LineString", "coordinates": [ [ 50.822555443398116, -67.092462326703043 ], [ 50.842765540953728, -67.098122568140241 ] ] } },
{ "type": "Feature", "properties": { "surface": "ice shelf and front" }, "geometry": { "type": "LineString", "coordinates": [ [ 50.707888826399298, -67.173281315883088 ], [ 50.617332706155572, -67.194199582085602 ] ] } },
{ "type": "Feature", "properties": { "surface": "ice shelf and front" }, "geometry": { "type": "LineString", "coordinates": [ [ 58.779602324990613, -67.338499702334019 ], [ 58.948890641055399, -67.307192396989123 ] ] } },
{ "type": "Feature", "properties": { "surface": "ice shelf and front" }, "geometry": { "type": "LineString", "coordinates": [ [ 61.345683249137494, -67.541522767303732 ], [ 61.437815280506356, -67.493237444882126 ], [ 61.295384249544561, -67.49045268900538 ] ] } },
{ "type": "Feature", "properties": { "surface": "ice shelf and front" }, "geometry": { "type": "LineString", "coordinates": [ [ 65.051931982080092, -67.67801609097971 ], [ 65.094589209577066, -67.677840688384421 ] ] } },
{ "type": "Feature", "properties": { "surface": "ice shelf and front" }, "geometry": { "type": "LineString", "coordinates": [ [ 73.71292443806108, -69.701891864008275 ], [ 73.715732132968114, -69.681234325505599 ] ] } },
{ "type": "Feature", "properties": { "surface": "ice shelf and front" }, "geometry": { "type": "LineString", "coordinates": [ [ 75.454175022037845, -69.584594376491353 ], [ 75.052205307469379, -69.49022208394797 ], [ 74.894936179503958, -69.579066197369215 ], [ 74.934563389411025, -69.685234915957309 ], [ 74.567764839337656, -69.679973043156707 ], [ 74.53504114221775, -69.749330038806846 ] ] } },
{ "type": "Feature", "properties": { "surface": "ice shelf and front" }, "geometry": { "type": "LineString", "coordinates": [ [ 77.269927262552201, -69.204315865125409 ], [ 77.231227610075848, -69.205459460000071 ] ] } },
{ "type": "Feature", "properties": { "surface": "ice shelf and front" }, "geometry": { "type": "LineString", "coordinates": [ [ 76.804654968242119, -69.261626235594434 ], [ 76.706033291466127, -69.261119555099626 ] ] } },
{ "type": "Feature", "properties": { "surface": "ice shelf and front" }, "geometry": { "type": "LineString", "coordinates": [ [ 78.002961103312614, -68.666274447574295 ], [ 77.959463052689287, -68.671331251095424 ] ] } },
{ "type": "Feature", "properties": { "surface": "ice shelf and front" }, "geometry": { "type": "LineString", "coordinates": [ [ 78.005731036761517, -68.665937533079699 ], [ 78.003275478263063, -68.66625900967793 ] ] } },
{ "type": "Feature", "properties": { "surface": "ice shelf and front" }, "geometry": { "type": "LineString", "coordinates": [ [ 78.1657023467708, -68.649130688987412 ], [ 78.112529528552102, -68.652623442755527 ] ] } },
{ "type": "Feature", "properties": { "surface": "ice shelf and front" }, "geometry": { "type": "LineString", "coordinates": [ [ 77.945093358909659, -68.946436758019914 ], [ 77.915711787673928, -68.927615017642381 ] ] } },
{ "type": "Feature", "properties": { "surface": "ice shelf and front" }, "geometry": { "type": "LineString", "coordinates": [ [ 77.905693621800424, -69.006315514077784 ], [ 77.935034916659859, -68.975525346686581 ] ] } },
{ "type": "Feature", "properties": { "surface": "ice shelf and front" }, "geometry": { "type": "LineString", "coordinates": [ [ 77.930938994201256, -68.67098684655609 ], [ 77.820022006440354, -68.682805602352346 ], [ 78.078828232008732, -68.739938002258569 ] ] } },
{ "type": "Feature", "properties": { "surface": "ice shelf and front" }, "geometry": { "type": "LineString", "coordinates": [ [ 90.750159600357691, -66.696010453073313 ], [ 90.118413010818855, -66.777678864750641 ] ] } },
{ "type": "Feature", "properties": { "surface": "ice shelf and front" }, "geometry": { "type": "LineString", "coordinates": [ [ 91.275288137654726, -66.582233363388355 ], [ 91.17956897925194, -66.571810291000432 ] ] } },
{ "type": "Feature", "properties": { "surface": "ice shelf and front" }, "geometry": { "type": "LineString", "coordinates": [ [ 91.39148373744915, -66.602653788471386 ], [ 91.497863234440402, -66.586715042942132 ] ] } },
{ "type": "Feature", "properties": { "surface": "ice shelf and front" }, "geometry": { "type": "LineString", "coordinates": [ [ 80.687281440471736, -67.902036314971539 ], [ 80.559370759512447, -67.922345706819243 ] ] } },
{ "type": "Feature", "properties": { "surface": "ice shelf and front" }, "geometry": { "type": "LineString", "coordinates": [ [ 82.039414943398512, -67.146163978442786 ], [ 82.65382897580497, -67.171756002536767 ], [ 83.272425093572096, -67.034644823594576 ], [ 83.627336243862388, -67.082872103087681 ], [ 84.400644176940716, -66.97867865971844 ], [ 84.439671972174239, -66.940174344149696 ], [ 83.95765909931518, -66.832332990932713 ], [ 84.432229200459574, -66.725715363060502 ], [ 83.778211016631232, -66.712076171599762 ], [ 83.87048456375328, -66.668520729044687 ], [ 83.848121905133397, -66.600164811995526 ], [ 84.428916716317701, -66.497017890975897 ], [ 84.869859306702836, -66.559337756079913 ], [ 84.974871084536531, -66.639767985287719 ] ] } },
{ "type": "Feature", "properties": { "surface": "ice shelf and front" }, "geometry": { "type": "LineString", "coordinates": [ [ 86.574752527766634, -66.387686627591577 ], [ 86.878856910608178, -66.308757307286996 ], [ 87.430807664787309, -66.359364798081259 ], [ 88.4222239128745, -66.573748016725844 ], [ 88.593045381034131, -66.645987011438677 ], [ 88.532113275321578, -66.704773417499908 ], [ 88.770335352843205, -66.782666523347089 ] ] } },
{ "type": "Feature", "properties": { "surface": "ice shelf and front" }, "geometry": { "type": "LineString", "coordinates": [ [ 40.797404622091598, -68.714688586191301 ], [ 40.705468567277819, -68.723988497511584 ] ] } },
{ "type": "Feature", "properties": { "surface": "ice shelf and front" }, "geometry": { "type": "LineString", "coordinates": [ [ 76.69485401019621, -69.303686084981081 ], [ 76.643000225170951, -69.339906132916354 ] ] } },
{ "type": "Feature", "properties": { "surface": "ice shelf and front" }, "geometry": { "type": "LineString", "coordinates": [ [ 57.278655649864682, -66.998104752708059 ], [ 57.286079067947526, -66.968587927002503 ] ] } },
{ "type": "Feature", "properties": { "surface": "ice shelf and front" }, "geometry": { "type": "LineString", "coordinates": [ [ 76.898830220439464, -69.271613254829731 ], [ 76.891418637201852, -69.233881941796056 ] ] } },
{ "type": "Feature", "properties": { "surface": "ice shelf and front" }, "geometry": { "type": "LineString", "coordinates": [ [ 76.889977274289294, -69.229572609115749 ], [ 76.971859121067908, -69.223347106769182 ] ] } },
{ "type": "Feature", "properties": { "surface": "ice shelf and front" }, "geometry": { "type": "LineString", "coordinates": [ [ 75.524775597343151, -69.590123104983306 ], [ 75.467124538221341, -69.586739311852668 ] ] } },
{ "type": "Feature", "properties": { "surface": "ice shelf and front" }, "geometry": { "type": "LineString", "coordinates": [ [ 62.252452729142476, -67.589190178357327 ], [ 62.286996272315044, -67.593125717817927 ] ] } },
{ "type": "Feature", "properties": { "surface": "ice shelf and front" }, "geometry": { "type": "LineString", "coordinates": [ [ 61.300386304279101, -67.493860394024622 ], [ 61.177561463290232, -67.488976937635826 ] ] } },
{ "type": "Feature", "properties": { "surface": "ice shelf and front" }, "geometry": { "type": "LineString", "coordinates": [ [ 61.294501995293068, -67.491657298904173 ], [ 61.300386304279101, -67.493860394024622 ] ] } },
{ "type": "Feature", "properties": { "surface": "ice shelf and front" }, "geometry": { "type": "LineString", "coordinates": [ [ 38.404124262403037, -69.998260886870526 ], [ 38.256168729855759, -69.80134140386545 ] ] } },
{ "type": "Feature", "properties": { "surface": "ice shelf and front" }, "geometry": { "type": "LineString", "coordinates": [ [ 40.049872247330278, -68.834774409412418 ], [ 39.952092055936944, -68.83320015763509 ] ] } },
{ "type": "Feature", "properties": { "surface": "ice shelf and front" }, "geometry": { "type": "LineString", "coordinates": [ [ 41.180829664802587, -68.560750194912146 ], [ 41.2043687714052, -68.556076866045657 ] ] } },
{ "type": "Feature", "properties": { "surface": "ice shelf and front" }, "geometry": { "type": "LineString", "coordinates": [ [ 42.827866013807522, -68.126906065991435 ], [ 42.893220144579139, -68.099186413769601 ] ] } },
{ "type": "Feature", "properties": { "surface": "ice shelf and front" }, "geometry": { "type": "LineString", "coordinates": [ [ 42.835021632207628, -68.129886056571451 ], [ 42.871956699493282, -68.131895015218319 ] ] } },
{ "type": "Feature", "properties": { "surface": "ice shelf and front" }, "geometry": { "type": "LineString", "coordinates": [ [ 43.512520661292889, -68.061571915443224 ], [ 43.925551944072431, -68.011197990461483 ] ] } },
{ "type": "Feature", "properties": { "surface": "ice shelf and front" }, "geometry": { "type": "LineString", "coordinates": [ [ 44.620619075807653, -67.860043332029576 ], [ 44.48016588418276, -67.887643021706566 ], [ 44.575694490205962, -67.930510964004583 ] ] } },
{ "type": "Feature", "properties": { "surface": "ice shelf and front" }, "geometry": { "type": "LineString", "coordinates": [ [ 45.057157777735462, -67.732740587685129 ], [ 45.183503793002984, -67.727980490087972 ] ] } },
{ "type": "Feature", "properties": { "surface": "ice shelf and front" }, "geometry": { "type": "LineString", "coordinates": [ [ 41.05093703426796, -68.622873006218256 ], [ 41.010462909741896, -68.640438644678369 ] ] } },
{ "type": "Feature", "properties": { "surface": "ice shelf and front" }, "geometry": { "type": "LineString", "coordinates": [ [ 41.371253860735891, -68.52435746938076 ], [ 41.239719039952945, -68.548243239868967 ] ] } },
{ "type": "Feature", "properties": { "surface": "ice shelf and front" }, "geometry": { "type": "LineString", "coordinates": [ [ 39.631878287603307, -69.65272035156616 ], [ 39.460907265815614, -69.640984204731595 ] ] } },
{ "type": "Feature", "properties": { "surface": "ice shelf and front" }, "geometry": { "type": "LineString", "coordinates": [ [ 23.707701285550012, -70.260822759171148 ], [ 23.727928651197381, -70.280912170522967 ] ] } },
{ "type": "Feature", "properties": { "surface": "ice shelf and front" }, "geometry": { "type": "LineString", "coordinates": [ [ 38.487962612423928, -70.058484346481393 ], [ 38.54345748193262, -69.757643047416863 ], [ 38.4681977210493, -69.720304734911238 ], [ 38.547415841273136, -69.653364513310791 ], [ 38.798104740104733, -69.701747588611752 ], [ 38.699731304855973, -69.875795139067662 ], [ 38.794154250805065, -70.022694358708591 ] ] } },
{ "type": "Feature", "properties": { "surface": "ice shelf and front" }, "geometry": { "type": "LineString", "coordinates": [ [ 45.618338871532217, -67.761378020964301 ], [ 45.748633828342619, -67.744162695474486 ] ] } },
{ "type": "Feature", "properties": { "surface": "ice shelf and front" }, "geometry": { "type": "LineString", "coordinates": [ [ 46.360608306851965, -67.579772973281806 ], [ 46.242662418898306, -67.652177538736396 ] ] } },
{ "type": "Feature", "properties": { "surface": "ice shelf and front" }, "geometry": { "type": "LineString", "coordinates": [ [ 41.655778220290991, -68.453562903273507 ], [ 41.534391102973679, -68.482288057047938 ] ] } },
{ "type": "Feature", "properties": { "surface": "ice shelf and front" }, "geometry": { "type": "LineString", "coordinates": [ [ 40.916737000023311, -68.693930114356789 ], [ 40.855261177792386, -68.718113122162251 ] ] } },
{ "type": "Feature", "properties": { "surface": "ice shelf and front" }, "geometry": { "type": "LineString", "coordinates": [ [ 41.15582105396431, -68.563697247236959 ], [ 41.171256943645119, -68.562531157764468 ] ] } },
{ "type": "Feature", "properties": { "surface": "ice shelf and front" }, "geometry": { "type": "LineString", "coordinates": [ [ 42.458514088685433, -68.277626754456435 ], [ 42.432171679790358, -68.31870376491473 ] ] } },
{ "type": "Feature", "properties": { "surface": "ice shelf and front" }, "geometry": { "type": "LineString", "coordinates": [ [ 43.123220502546992, -68.061850170000028 ], [ 43.074268223953709, -68.070253384624806 ] ] } },
{ "type": "Feature", "properties": { "surface": "ice shelf and front" }, "geometry": { "type": "LineString", "coordinates": [ [ 42.206350745438165, -68.388309083926245 ], [ 42.07576550120833, -68.415298258700389 ] ] } },
{ "type": "Feature", "properties": { "surface": "ice shelf and front" }, "geometry": { "type": "LineString", "coordinates": [ [ 42.415650487160924, -68.322917044910483 ], [ 42.275621891056332, -68.38168921054428 ] ] } },
{ "type": "Feature", "properties": { "surface": "ice shelf and front" }, "geometry": { "type": "LineString", "coordinates": [ [ 39.712242753386064, -69.647378603071829 ], [ 39.609084906535912, -69.611624142853813 ], [ 39.734908522613509, -69.624181098908991 ] ] } },
{ "type": "Feature", "properties": { "surface": "ice shelf and front" }, "geometry": { "type": "LineString", "coordinates": [ [ 48.564432426912326, -67.532430188505003 ], [ 48.108148121820449, -67.622904867634688 ] ] } },
{ "type": "Feature", "properties": { "surface": "ice shelf and front" }, "geometry": { "type": "LineString", "coordinates": [ [ 43.455184693790947, -68.051040951919873 ], [ 43.360020102292012, -68.042938106744074 ] ] } },
{ "type": "Feature", "properties": { "surface": "ice shelf and front" }, "geometry": { "type": "LineString", "coordinates": [ [ 38.343098344708579, -69.673252453889205 ], [ 38.282910327585924, -69.778887108006529 ] ] } },
{ "type": "Feature", "properties": { "surface": "ice shelf and front" }, "geometry": { "type": "LineString", "coordinates": [ [ 39.780921060449089, -69.37004330298133 ], [ 39.836405173783298, -69.396600588010386 ] ] } },
{ "type": "Feature", "properties": { "surface": "ice shelf and front" }, "geometry": { "type": "LineString", "coordinates": [ [ 44.430483545065499, -67.966341990201812 ], [ 44.492109073898732, -67.952189363975748 ] ] } },
{ "type": "Feature", "properties": { "surface": "ice shelf and front" }, "geometry": { "type": "LineString", "coordinates": [ [ 39.095632958559833, -69.903477709266568 ], [ 39.019170405094876, -69.855681960092028 ], [ 39.182681188142396, -69.876347325119312 ] ] } },
{ "type": "Feature", "properties": { "surface": "ice shelf and front" }, "geometry": { "type": "LineString", "coordinates": [ [ 47.528713157996918, -67.517337590547385 ], [ 47.452897872897651, -67.412077325074947 ] ] } },
{ "type": "Feature", "properties": { "surface": "ice shelf and front" }, "geometry": { "type": "LineString", "coordinates": [ [ 48.023607288861577, -67.622472978822032 ], [ 47.918746010969208, -67.593381084712561 ] ] } },
{ "type": "Feature", "properties": { "surface": "ice shelf and front" }, "geometry": { "type": "LineString", "coordinates": [ [ 11.741891966088156, -70.052517851521401 ], [ 11.857772699083698, -70.045265619376494 ], [ 11.892573915581456, -69.940264934471088 ], [ 12.256751584998462, -70.065878963859973 ] ] } },
{ "type": "Feature", "properties": { "surface": "ice shelf and front" }, "geometry": { "type": "LineString", "coordinates": [ [ 1.429642915540349, -70.055866884137188 ], [ 1.807535674492526, -69.940546958179638 ], [ 2.082164440153576, -69.985784240502554 ], [ 2.062735292678167, -70.098631117441158 ], [ 2.274841982547633, -70.038540394034783 ], [ 2.271416377924883, -70.11381395569633 ], [ 2.444437625661802, -70.161444186961418 ], [ 3.6436036571921, -70.049384509149561 ], [ 4.146554280188662, -70.125379044990567 ], [ 4.057560095228915, -70.286160584577544 ] ] } },
{ "type": "Feature", "properties": { "surface": "ice shelf and front" }, "geometry": { "type": "LineString", "coordinates": [ [ 12.989151861877799, -70.045687310497513 ], [ 12.877775800073389, -69.984303388973856 ], [ 12.991972569630667, -69.911264365938536 ], [ 12.852791317631723, -69.957957061365377 ], [ 12.847203923743489, -69.905219322046463 ], [ 13.045936533304866, -69.779607258102871 ], [ 13.265546148327786, -69.758129899589633 ], [ 13.234634857172969, -69.68135913458471 ], [ 13.59344010978233, -69.73216891395785 ], [ 13.742548223443917, -69.661664529884973 ], [ 13.687753461637787, -69.636121277127899 ], [ 13.882658714895438, -69.619095767460109 ], [ 13.921030977657171, -69.557026533919412 ], [ 13.829774940332888, -69.516974534433174 ], [ 14.223668314296839, -69.452820352791008 ], [ 15.375040612583845, -69.461727112665088 ], [ 15.286926961425291, -69.473731556226781 ], [ 15.515462793725989, -69.512048334065298 ], [ 15.311244986122507, -69.561507769543027 ], [ 15.572405522109985, -69.624021592068488 ], [ 15.376069703201148, -69.64471723351609 ], [ 15.572797898841415, -69.6733436000724 ], [ 15.451761203721267, -69.693254744372524 ], [ 15.581001387266831, -69.707054775284377 ], [ 15.49756725247711, -69.785132822047018 ], [ 15.60342081541536, -69.834846915900286 ] ] } },
{ "type": "Feature", "properties": { "surface": "ice shelf and front" }, "geometry": { "type": "LineString", "coordinates": [ [ 16.607960420934834, -69.731568705058763 ], [ 16.650857259579006, -69.72415668285268 ] ] } },
{ "type": "Feature", "properties": { "surface": "ice shelf and front" }, "geometry": { "type": "LineString", "coordinates": [ [ 17.701073183985866, -69.687157712041682 ], [ 19.134241459831699, -69.963737295131978 ], [ 19.542749908734077, -69.866512891934534 ], [ 20.606141101215091, -69.891154659337388 ] ] } },
{ "type": "Feature", "properties": { "surface": "ice shelf and front" }, "geometry": { "type": "LineString", "coordinates": [ [ 24.630991374975864, -70.313805216407417 ], [ 24.831302721958767, -70.248482943899589 ], [ 25.378639302329105, -70.263933680050201 ], [ 25.67301321053711, -70.141641403091526 ], [ 25.955377594019343, -70.161371852140263 ], [ 25.901498329463603, -70.283424080981277 ] ] } },
{ "type": "Feature", "properties": { "surface": "ice shelf and front" }, "geometry": { "type": "LineString", "coordinates": [ [ 16.730877621930894, -69.712461823711891 ], [ 17.268670117177169, -69.732803691589325 ] ] } },
{ "type": "Feature", "properties": { "surface": "ice shelf and front" }, "geometry": { "type": "LineString", "coordinates": [ [ 38.143253824447214, -69.515889440211112 ], [ 38.392074841060364, -69.62336956415426 ] ] } },
{ "type": "Feature", "properties": { "surface": "ice shelf and front" }, "geometry": { "type": "LineString", "coordinates": [ [ 26.67262186264163, -70.098244059560642 ], [ 26.607577499160101, -70.036298285356267 ], [ 26.713779587364034, -69.99686673763108 ], [ 26.530210611713425, -69.995914052060542 ], [ 26.653665365901301, -69.961571463505848 ], [ 26.446639500218275, -69.97903117469221 ], [ 26.682427306081088, -69.914230823485966 ], [ 26.96288133771052, -69.983834079457878 ], [ 27.122675610319796, -69.936588764722231 ], [ 27.130057740100039, -69.958799770544431 ], [ 27.058323788497475, -69.986117693590401 ], [ 27.042682704806293, -70.013224186989291 ], [ 27.045598082747162, -70.01486559842337 ], [ 27.45750941850639, -69.930819830175153 ], [ 27.718719010278843, -69.974743849433438 ], [ 28.097320292140122, -69.923916502276853 ], [ 28.142079172039519, -69.906207661996973 ], [ 27.98050269753433, -69.86883014251319 ], [ 28.062582518139163, -69.818184656642757 ], [ 28.421566192104638, -69.787048671181509 ] ] } },
{ "type": "Feature", "properties": { "surface": "ice shelf and front" }, "geometry": { "type": "LineString", "coordinates": [ [ 23.86978054720667, -70.311651112100506 ], [ 24.472479618734081, -70.327203850242256 ] ] } },
{ "type": "Feature", "properties": { "surface": "ice shelf and front" }, "geometry": { "type": "LineString", "coordinates": [ [ 34.370599285226255, -68.786343412820514 ], [ 34.936068478467583, -68.753547035852492 ], [ 35.019417984502766, -68.823186892110513 ], [ 34.895462787300936, -68.85031048455069 ], [ 35.014624636661019, -68.956027475746012 ], [ 34.893473802319598, -68.891039561986091 ], [ 34.747121671350342, -68.887358600422331 ], [ 34.735132291221603, -68.891082706639878 ], [ 34.870897908776989, -68.904173751371601 ], [ 35.016501234105228, -69.056137668030985 ], [ 35.492385579802587, -69.10794929875631 ], [ 35.610812660387374, -69.197597964683027 ] ] } },
{ "type": "Feature", "properties": { "surface": "ice shelf and front" }, "geometry": { "type": "LineString", "coordinates": [ [ 5.688705007227421, -70.216192779647557 ], [ 5.533352874402548, -70.07136400523855 ], [ 6.233683425248778, -70.081421904410306 ] ] } },
{ "type": "Feature", "properties": { "surface": "ice shelf and front" }, "geometry": { "type": "LineString", "coordinates": [ [ 35.658971795067878, -69.193610104030171 ], [ 35.818393110649495, -69.141862968424277 ], [ 35.753792346447717, -69.103766642841165 ], [ 36.965273073205047, -69.354063943473676 ], [ 37.622438584099996, -69.330191480473033 ], [ 38.143253824447214, -69.515889440211112 ] ] } },
{ "type": "Feature", "properties": { "surface": "ice shelf and front" }, "geometry": { "type": "LineString", "coordinates": [ [ 7.859033169085364, -70.162132593020601 ], [ 7.987788795714996, -70.007145928180393 ], [ 8.118160837284544, -70.021542125722121 ], [ 7.989834011518716, -69.98355295932798 ], [ 8.149093582889643, -69.969296223046456 ], [ 7.99456557601348, -69.959903636048878 ], [ 8.190248980655189, -69.954300562092087 ], [ 8.138837282709721, -69.936698052956388 ], [ 9.054682964789514, -70.103302659603088 ] ] } },
{ "type": "Feature", "properties": { "surface": "ice shelf and front" }, "geometry": { "type": "LineString", "coordinates": [ [ 9.857081132116244, -70.007280246635816 ], [ 10.195280520833458, -69.890374223664566 ], [ 10.535647131619045, -70.005101318409544 ] ] } },
{ "type": "Feature", "properties": { "surface": "ice shelf and front" }, "geometry": { "type": "LineString", "coordinates": [ [ 10.994200705111579, -70.047782897782042 ], [ 11.096409424145635, -69.991069683948197 ], [ 10.967097390014329, -69.970294019529433 ], [ 11.092824369875173, -69.944256368409739 ], [ 11.375279678774442, -69.995844274793441 ] ] } },
{ "type": "Feature", "properties": { "surface": "ice shelf and front" }, "geometry": { "type": "LineString", "coordinates": [ [ 4.518098687717425, -70.237123297229914 ], [ 5.362408957970366, -70.145138602362607 ], [ 5.485662073056269, -70.247702944176012 ] ] } },
{ "type": "Feature", "properties": { "surface": "ice shelf and front" }, "geometry": { "type": "LineString", "coordinates": [ [ 6.509716988903751, -70.128150940263765 ], [ 6.81015069662827, -70.072342600811055 ], [ 6.737005051046098, -70.008725523198478 ], [ 7.204914190808005, -69.982778281050571 ], [ 7.13668203167455, -70.035906347913496 ], [ 7.257359312940482, -70.021115709975561 ], [ 7.429544004980199, -70.152341549152624 ], [ 7.413877727591834, -70.212852074295157 ] ] } },
{ "type": "Feature", "properties": { "surface": "ice shelf and front" }, "geometry": { "type": "LineString", "coordinates": [ [ 22.807480918125002, -70.063401580335821 ], [ 23.684920783780939, -70.221310994767904 ] ] } },
{ "type": "Feature", "properties": { "surface": "ice shelf and front" }, "geometry": { "type": "LineString", "coordinates": [ [ 28.421566192104638, -69.787048671181509 ], [ 28.361468332249363, -69.743819261804973 ], [ 28.426443761103194, -69.712464112600173 ], [ 28.353324506740599, -69.708293768107126 ], [ 28.477423743203449, -69.660064742209613 ], [ 28.728819677414375, -69.743002675756927 ], [ 29.326390326614227, -69.68386253604757 ], [ 29.217550154133367, -69.624992610539593 ], [ 29.328894142228151, -69.619731087657343 ], [ 29.22643230515245, -69.589892974367388 ], [ 29.363294141782941, -69.512600688988329 ], [ 29.276108106361637, -69.480456182457985 ], [ 29.324120865504042, -69.448988593570959 ], [ 29.2219761004439, -69.479158547925252 ], [ 29.126921546801338, -69.398538804554335 ], [ 29.405466834255694, -69.427455730866015 ], [ 29.950733806664921, -69.20083717762104 ], [ 30.517045793130436, -69.270001029294647 ], [ 30.514345193597709, -69.12427290357202 ], [ 30.764621494181615, -69.108301488322411 ], [ 30.684368804683, -69.077936364256104 ], [ 30.827008484355016, -69.035882369158074 ], [ 31.464697284278142, -69.145949681158029 ], [ 31.60599787068433, -69.081891786591243 ], [ 32.288461799781189, -69.138614697842144 ], [ 32.530983844080573, -69.082096138087664 ] ] } },
{ "type": "Feature", "properties": { "surface": "ice shelf and front" }, "geometry": { "type": "LineString", "coordinates": [ [ 73.978868841784518, -68.827104780999704 ], [ 74.623834495387896, -69.212042310817736 ], [ 74.667903711343399, -69.252617310371022 ], [ 74.52373643635643, -69.195182215390744 ], [ 74.6860957808492, -69.32596208453667 ], [ 73.452794437121952, -69.211837260119111 ], [ 73.248441214876138, -69.251477284015493 ], [ 73.486624919208651, -69.225205431559331 ], [ 74.483295554269503, -69.486191017150858 ], [ 73.838890675424523, -69.479652120232728 ], [ 74.092313455850146, -69.522859651175111 ], [ 73.704304797242727, -69.533347067564122 ], [ 73.884158092012342, -69.556815809304268 ], [ 73.747276402038196, -69.607372395411574 ] ] } },
{ "type": "Feature", "properties": { "surface": "ice shelf and front" }, "geometry": { "type": "LineString", "coordinates": [ [ 76.423589499395646, -69.391454308634408 ], [ 76.501785781290678, -69.397504966638039 ] ] } },
{ "type": "Feature", "properties": { "surface": "ice shelf and front" }, "geometry": { "type": "LineString", "coordinates": [ [ 59.30802136327415, -67.345453151078118 ], [ 59.377080732972559, -67.391252782359487 ] ] } },
{ "type": "Feature", "properties": { "surface": "ice shelf and front" }, "geometry": { "type": "LineString", "coordinates": [ [ 59.514605982625831, -67.460898961388665 ], [ 59.643297290248761, -67.459591627277149 ] ] } },
{ "type": "Feature", "properties": { "surface": "ice shelf and front" }, "geometry": { "type": "LineString", "coordinates": [ [ 81.382206737145069, -67.784482796931911 ], [ 81.341893299187859, -67.517395553285411 ], [ 82.108530308562891, -67.26770966343625 ], [ 81.93144550393211, -67.188863891445408 ], [ 82.039414943398512, -67.146163978442786 ] ] } },
{ "type": "Feature", "properties": { "surface": "ice shelf and front" }, "geometry": { "type": "LineString", "coordinates": [ [ 85.574028028492719, -66.416795496586303 ], [ 86.574752527766634, -66.387686627591577 ] ] } },
{ "type": "Feature", "properties": { "surface": "ice shelf and front" }, "geometry": { "type": "LineString", "coordinates": [ [ 84.974871084536531, -66.639767985287719 ], [ 85.073421209942808, -66.629506867566647 ] ] } },
{ "type": "Feature", "properties": { "surface": "ice shelf and front" }, "geometry": { "type": "LineString", "coordinates": [ [ 85.149156788397434, -66.515492472974003 ], [ 85.482837887840205, -66.430830484115532 ] ] } },
{ "type": "Feature", "properties": { "surface": "ice shelf and front" }, "geometry": { "type": "LineString", "coordinates": [ [ 20.606141101215091, -69.891154659337388 ], [ 21.642807025702229, -69.930413538420169 ], [ 21.990944613531401, -70.056403111284496 ], [ 21.893438929857762, -70.096093661988931 ], [ 22.807480918125002, -70.063401580335821 ] ] } },
{ "type": "Feature", "properties": { "surface": "ice shelf and front" }, "geometry": { "type": "LineString", "coordinates": [ [ 9.358801380014667, -70.091970373489914 ], [ 9.829494431900772, -70.009897907940328 ] ] } },
{ "type": "Feature", "properties": { "surface": "ice shelf and front" }, "geometry": { "type": "LineString", "coordinates": [ [ 11.437338187674136, -69.999135231645255 ], [ 11.450933144208559, -70.005200613961406 ] ] } },
{ "type": "Feature", "properties": { "surface": "ice shelf and front" }, "geometry": { "type": "LineString", "coordinates": [ [ 11.49506930603366, -70.015365711550444 ], [ 11.519554984645268, -70.028061601219235 ] ] } },
{ "type": "Feature", "properties": { "surface": "ice shelf and front" }, "geometry": { "type": "LineString", "coordinates": [ [ 11.668821021542243, -70.049628817941908 ], [ 11.706095212461511, -70.052705948725816 ] ] } },
{ "type": "Feature", "properties": { "surface": "ice shelf and front" }, "geometry": { "type": "LineString", "coordinates": [ [ 12.327805489831974, -70.081895266526715 ], [ 12.425257000759011, -70.080481805658323 ] ] } },
{ "type": "Feature", "properties": { "surface": "ice shelf and front" }, "geometry": { "type": "LineString", "coordinates": [ [ 78.095572935636326, -68.653647282974788 ], [ 78.046962868684432, -68.662544423298442 ] ] } },
{ "type": "Feature", "properties": { "surface": "ice shelf and front" }, "geometry": { "type": "LineString", "coordinates": [ [ 77.952944418635113, -68.672107617173779 ], [ 77.933490457345286, -68.671747543485978 ] ] } },
{ "type": "Feature", "properties": { "surface": "ice shelf and front" }, "geometry": { "type": "LineString", "coordinates": [ [ 70.077331694152534, -68.476586949122108 ], [ 70.257988524761643, -68.490603075388051 ], [ 70.423765676406788, -68.70695919825684 ], [ 71.055967167841061, -68.730956927701257 ], [ 71.286190407026595, -68.608048100844101 ], [ 71.757040723490633, -68.743895328152391 ], [ 72.621610369386019, -68.689392902783311 ], [ 72.911653526914876, -68.712041365679113 ], [ 73.283070902708232, -68.887613277904563 ], [ 73.075361595291071, -68.696489351090534 ], [ 73.438821199390901, -68.607314620243955 ], [ 73.997626572811726, -68.771278694139298 ], [ 73.978868841784518, -68.827104780999704 ] ] } },
{ "type": "Feature", "properties": { "surface": "ice shelf and front" }, "geometry": { "type": "LineString", "coordinates": [ [ -91.662598528394383, -72.607242466746257 ], [ -92.483188012886927, -72.679638835385248 ], [ -92.920899269652068, -72.540844303073342 ], [ -92.97334961754423, -72.541164538410257 ], [ -92.890594866351378, -72.563248354123417 ], [ -92.848411551183389, -72.586692509060882 ], [ -93.11953592310374, -72.565733323572317 ] ] } },
{ "type": "Feature", "properties": { "surface": "ice shelf and front" }, "geometry": { "type": "LineString", "coordinates": [ [ 179.336053414289722, -77.71218333737275 ], [ 177.490030186142263, -77.701381804720555 ], [ 175.532874589731193, -77.475619985602123 ], [ 172.520298312497943, -77.377147389169735 ], [ 170.382714630480848, -77.361606227492743 ], [ 169.487886768457827, -77.412993284029099 ], [ 169.88248480498288, -77.466712550477624 ], [ 169.291323290334219, -77.459629567491206 ] ] } }
]
}
