{
"type": "FeatureCollection",
"name": "add_coastline_grounding_line",
"crs": { "type": "name", "properties": { "name": "urn:ogc:def:crs:OGC:1.3:CRS84" } },
"features": [
{ "type": "Feature", "properties": { "surface": "grounding line" }, "geometry": { "type": "LineString", "coordinates": [ [ -96.10223270527149, -71.987849415941895 ], [ -96.536929457293752, -71.995710484747562 ], [ -96.369896813679148, -72.057100568411585 ], [ -96.980686491407781, -72.214385643294264 ], [ -96.587310647501155, -72.25784250959849 ], [ -95.760576221579598, -72.055321172626861 ] ] } },
{ "type": "Feature", "properties": { "surface": "grounding line" }, "geometry": { "type": "LineString", "coordinates": [ [ -95.542817667313415, -72.173962851176142 ], [ -96.41526574340098, -72.295468302019842 ], [ -96.245135245463288, -72.287158872784062 ] ] } },
{ "type": "Feature", "properties": { "surface": "grounding line" }, "geometry": { "type": "LineString", "coordinates": [ [ -96.2386799922064, -72.285739648790539 ], [ -96.176934293473721, -72.286400157119175 ] ] } },
{ "type": "Feature", "properties": { "surface": "grounding line" }, "geometry": { "type": "LineString", "coordinates": [ [ -111.363845825213446, -74.923362732381676 ], [ -111.488792418672475, -74.909629821622744 ] ] } },
{ "type": "Feature", "properties": { "surface": "grounding line" }, "geometry": { "type": "LineString", "coordinates": [ [ -111.488792418672475, -74.909629821622744 ], [ -111.662490845064809, -74.862998962848977 ], [ -111.592422486019714, -74.744224548008191 ], [ -111.938880918756922, -74.558074951215033 ], [ -111.840042114298129, -74.488761901513953 ], [ -111.375656127299351, -74.46457672120367 ], [ -111.790840147495643, -74.391296386542251 ], [ -111.910675048681355, -74.229293823442845 ] ] } },
{ "type": "Feature", "properties": { "surface": "grounding line" }, "geometry": { "type": "LineString", "coordinates": [ [ -110.127772009793304, -74.602693262123523 ], [ -110.431785582447262, -74.676239013598092 ], [ -110.25879669282871, -74.696083068391545 ], [ -110.261917114851386, -74.762321471925659 ], [ -110.867462159082081, -74.938293457368943 ], [ -111.363845825213446, -74.923362732381676 ] ] } },
{ "type": "Feature", "properties": { "surface": "grounding line" }, "geometry": { "type": "LineString", "coordinates": [ [ -106.804138185030709, -75.456092834110493 ], [ -106.917266845948518, -75.454582214337236 ] ] } },
{ "type": "Feature", "properties": { "surface": "grounding line" }, "geometry": { "type": "LineString", "coordinates": [ [ -104.229067312948175, -75.121465260687032 ], [ -104.355125428479283, -75.134742736495397 ] ] } },
{ "type": "Feature", "properties": { "surface": "grounding line" }, "geometry": { "type": "LineString", "coordinates": [ [ -107.06139373674516, -75.313194274961234 ], [ -107.093601325969743, -75.314003768224893 ] ] } },
{ "type": "Feature", "properties": { "surface": "grounding line" }, "geometry": { "type": "LineString", "coordinates": [ [ -106.998489378833781, -75.315238952570297 ], [ -106.761054992189159, -75.360466003355924 ], [ -106.814819334936715, -75.366302490775155 ] ] } },
{ "type": "Feature", "properties": { "surface": "grounding line" }, "geometry": { "type": "LineString", "coordinates": [ [ -106.838562012741448, -75.372062682782783 ], [ -106.814819334936715, -75.366302490775155 ] ] } },
{ "type": "Feature", "properties": { "surface": "grounding line" }, "geometry": { "type": "LineString", "coordinates": [ [ -106.998489378833781, -75.315238952570297 ], [ -107.06139373674516, -75.313194274961234 ] ] } },
{ "type": "Feature", "properties": { "surface": "grounding line" }, "geometry": { "type": "LineString", "coordinates": [ [ -106.838562012741448, -75.372062682782783 ], [ -106.917266845948518, -75.454582214337236 ] ] } },
{ "type": "Feature", "properties": { "surface": "grounding line" }, "geometry": { "type": "LineString", "coordinates": [ [ -106.708602906300086, -75.448654174443192 ], [ -106.804138185030709, -75.456092834110493 ] ] } },
{ "type": "Feature", "properties": { "surface": "grounding line" }, "geometry": { "type": "LineString", "coordinates": [ [ -105.05063629079288, -75.180664063010227 ], [ -105.659873963492871, -75.215858459069779 ], [ -105.579971314280016, -75.254005432204949 ], [ -106.677528380973044, -75.44626617399372 ] ] } },
{ "type": "Feature", "properties": { "surface": "grounding line" }, "geometry": { "type": "LineString", "coordinates": [ [ -104.411987305492488, -75.149696350049666 ], [ -105.044128417527176, -75.179702758766865 ] ] } },
{ "type": "Feature", "properties": { "surface": "grounding line" }, "geometry": { "type": "LineString", "coordinates": [ [ -104.380058289581385, -75.139648437860458 ], [ -104.400314330484377, -75.145324707079922 ] ] } },
{ "type": "Feature", "properties": { "surface": "grounding line" }, "geometry": { "type": "LineString", "coordinates": [ [ -104.355125428479283, -75.134742736495397 ], [ -104.380058289581385, -75.139648437860458 ] ] } },
{ "type": "Feature", "properties": { "surface": "grounding line" }, "geometry": { "type": "LineString", "coordinates": [ [ -104.400314330484377, -75.145324707079922 ], [ -104.411987305492488, -75.149696350049666 ] ] } },
{ "type": "Feature", "properties": { "surface": "grounding line" }, "geometry": { "type": "LineString", "coordinates": [ [ -105.044128417527176, -75.179702758766865 ], [ -105.05063629079288, -75.180664063010227 ] ] } },
{ "type": "Feature", "properties": { "surface": "grounding line" }, "geometry": { "type": "LineString", "coordinates": [ [ -106.677528380973044, -75.44626617399372 ], [ -106.708602906300086, -75.448654174443192 ] ] } },
{ "type": "Feature", "properties": { "surface": "grounding line" }, "geometry": { "type": "LineString", "coordinates": [ [ -113.114479064053384, -74.690200805621885 ], [ -113.182571409344021, -74.721870422233792 ], [ -113.231666566897687, -74.711891174479462 ], [ -113.180351259332994, -74.694076538289579 ], [ -113.114479064053384, -74.690200805621885 ] ] } },
{ "type": "Feature", "properties": { "surface": "grounding line" }, "geometry": { "type": "LineString", "coordinates": [ [ -111.557547761221599, -75.177662974731234 ], [ -112.035514831101636, -75.124664306365617 ], [ -112.072326658808151, -75.079307556007166 ], [ -111.988998413039482, -75.020126342979665 ], [ -112.056724546900028, -74.988616943103139 ], [ -112.634040833491596, -75.05647277855131 ], [ -112.764930726123382, -74.969688415672053 ], [ -112.636032104995778, -74.907173156847705 ], [ -113.267304754918257, -74.929079909044418 ] ] } },
{ "type": "Feature", "properties": { "surface": "grounding line" }, "geometry": { "type": "LineString", "coordinates": [ [ -110.123115541128442, -74.932365417586766 ], [ -110.191574098115737, -74.948013305572914 ], [ -110.276443481502952, -74.934577941630053 ], [ -110.249084473260879, -74.917907715085533 ], [ -110.123115541128442, -74.932365417586766 ] ] } },
{ "type": "Feature", "properties": { "surface": "grounding line" }, "geometry": { "type": "LineString", "coordinates": [ [ -102.264845870638453, -74.471048399381033 ], [ -102.271878913271692, -74.472533962213092 ] ] } },
{ "type": "Feature", "properties": { "surface": "grounding line" }, "geometry": { "type": "LineString", "coordinates": [ [ -101.088121028958966, -74.703668662283661 ], [ -100.969376517398004, -74.717094057950234 ], [ -101.04162487814321, -74.722471329178603 ] ] } },
{ "type": "Feature", "properties": { "surface": "grounding line" }, "geometry": { "type": "LineString", "coordinates": [ [ -102.132897433983658, -74.465728074627833 ], [ -102.125492362155484, -74.461040104015154 ], [ -102.098211022088194, -74.46499373207179 ], [ -102.103741538884606, -74.468956787380435 ], [ -102.132897433983658, -74.465728074627833 ] ] } },
{ "type": "Feature", "properties": { "surface": "grounding line" }, "geometry": { "type": "LineString", "coordinates": [ [ -102.211946396011939, -74.469360189196365 ], [ -102.205370401164075, -74.470806535706231 ], [ -102.225401517607438, -74.468916045444288 ], [ -102.222092847601928, -74.46793057671745 ], [ -102.211946396011939, -74.469360189196365 ] ] } },
{ "type": "Feature", "properties": { "surface": "grounding line" }, "geometry": { "type": "LineString", "coordinates": [ [ -100.304583129254354, -74.69905434935886 ], [ -100.253638383426278, -74.713098898716297 ], [ -100.378096430788702, -74.717700569254859 ], [ -100.359792236459782, -74.702588386398688 ], [ -100.304583129254354, -74.69905434935886 ] ] } },
{ "type": "Feature", "properties": { "surface": "grounding line" }, "geometry": { "type": "LineString", "coordinates": [ [ -101.707687579261858, -74.471513433774291 ], [ -101.685490421624579, -74.474727285238998 ], [ -101.685938304187701, -74.478503188618021 ], [ -101.694939393082421, -74.478169833959939 ], [ -101.707687579261858, -74.471513433774291 ] ] } },
{ "type": "Feature", "properties": { "surface": "grounding line" }, "geometry": { "type": "LineString", "coordinates": [ [ -101.88921863943294, -74.45903863381055 ], [ -101.894412050857227, -74.461722092664132 ], [ -101.869445079857257, -74.458996133949313 ], [ -101.875043546325884, -74.456696317325708 ], [ -101.88921863943294, -74.45903863381055 ] ] } },
{ "type": "Feature", "properties": { "surface": "grounding line" }, "geometry": { "type": "LineString", "coordinates": [ [ -95.199502003090942, -72.596518877885032 ], [ -95.175647628030077, -72.591742641559023 ] ] } },
{ "type": "Feature", "properties": { "surface": "grounding line" }, "geometry": { "type": "LineString", "coordinates": [ [ -96.055761847674773, -72.290084519146305 ], [ -95.989597456181144, -72.292853292140578 ] ] } },
{ "type": "Feature", "properties": { "surface": "grounding line" }, "geometry": { "type": "LineString", "coordinates": [ [ -95.972889840418034, -72.294051076610501 ], [ -95.954176123677854, -72.294841659029885 ] ] } },
{ "type": "Feature", "properties": { "surface": "grounding line" }, "geometry": { "type": "LineString", "coordinates": [ [ -147.903994558086595, -77.14284995855472 ], [ -147.921741460498197, -77.139866491534917 ], [ -147.876217064018448, -77.140269950457593 ], [ -147.884383834591546, -77.141931602600835 ], [ -147.903994558086595, -77.14284995855472 ] ] } },
{ "type": "Feature", "properties": { "surface": "grounding line" }, "geometry": { "type": "LineString", "coordinates": [ [ -120.370698819386661, -73.824068120081051 ], [ -120.546135386776456, -73.880321319981448 ], [ -120.222878430444851, -73.928187030372115 ], [ -120.276839687621106, -74.018269708266544 ], [ -120.11420241132771, -74.105396837680999 ], [ -119.780231901069612, -74.049213574760586 ], [ -119.783104842467324, -73.825950080044151 ] ] } },
{ "type": "Feature", "properties": { "surface": "grounding line" }, "geometry": { "type": "LineString", "coordinates": [ [ -151.168628682086933, -77.216770057828427 ], [ -150.354553114059826, -77.350406307897188 ], [ -151.484678728137851, -77.291597851958088 ] ] } },
{ "type": "Feature", "properties": { "surface": "grounding line" }, "geometry": { "type": "LineString", "coordinates": [ [ -154.012531311414847, -77.112512681665223 ], [ -154.032791954704578, -77.109253838968229 ] ] } },
{ "type": "Feature", "properties": { "surface": "grounding line" }, "geometry": { "type": "LineString", "coordinates": [ [ -150.708657670794878, -76.693184015528971 ], [ -150.087315361610763, -76.732267265988781 ], [ -150.431172612797695, -76.800194631124057 ] ] } },
{ "type": "Feature", "properties": { "surface": "grounding line" }, "geometry": { "type": "LineString", "coordinates": [ [ -95.52438697810328, -72.214453534125667 ], [ -95.600830914357616, -72.200247665541752 ], [ -95.533455903480757, -72.200428035042449 ] ] } },
{ "type": "Feature", "properties": { "surface": "grounding line" }, "geometry": { "type": "LineString", "coordinates": [ [ -101.419192200728887, -73.606639905560428 ], [ -101.378476769408678, -73.624530547080667 ] ] } },
{ "type": "Feature", "properties": { "surface": "grounding line" }, "geometry": { "type": "LineString", "coordinates": [ [ -121.247164630071723, -73.752250815805553 ], [ -121.33365362700134, -73.757950696376099 ] ] } },
{ "type": "Feature", "properties": { "surface": "grounding line" }, "geometry": { "type": "LineString", "coordinates": [ [ -121.034687147239566, -73.778359931462703 ], [ -121.501601359508655, -73.803472478327578 ], [ -121.358172043958021, -73.76095506793547 ] ] } },
{ "type": "Feature", "properties": { "surface": "grounding line" }, "geometry": { "type": "LineString", "coordinates": [ [ -153.184416705471222, -77.266202805848607 ], [ -153.239866058772122, -77.276160044083596 ], [ -153.168105511749161, -77.270511202306906 ] ] } },
{ "type": "Feature", "properties": { "surface": "grounding line" }, "geometry": { "type": "LineString", "coordinates": [ [ -147.12277938986287, -75.799502407657968 ], [ -147.014379927918696, -75.801809389088234 ], [ -146.939259772785647, -75.820488940130943 ], [ -147.166919955883174, -75.819805447999229 ], [ -147.12277938986287, -75.799502407657968 ] ] } },
{ "type": "Feature", "properties": { "surface": "grounding line" }, "geometry": { "type": "LineString", "coordinates": [ [ -123.233315041847121, -73.820874544957761 ], [ -122.31118316011792, -73.912698054277513 ], [ -122.860066819813127, -74.122724385297161 ], [ -122.75443054367102, -74.21198159264604 ], [ -123.016157100998996, -74.251124510281841 ], [ -122.924618348932754, -74.33016054015367 ], [ -122.117302144630543, -74.432269805480786 ], [ -121.340826277160318, -74.362199109311646 ], [ -121.065715460851692, -74.260200774719877 ], [ -120.9757099266712, -74.139738093065404 ], [ -120.235365436540391, -74.22089725946023 ], [ -119.103541870406858, -74.020235343518777 ], [ -118.911411378114693, -73.910346992300134 ] ] } },
{ "type": "Feature", "properties": { "surface": "grounding line" }, "geometry": { "type": "LineString", "coordinates": [ [ -154.074211732212376, -77.107846684467773 ], [ -154.584157270348129, -77.102025451647506 ] ] } },
{ "type": "Feature", "properties": { "surface": "grounding line" }, "geometry": { "type": "LineString", "coordinates": [ [ -128.182335709297604, -74.331109355088572 ], [ -127.894782326034274, -74.552206298152058 ], [ -127.582212522083111, -74.641625707467426 ], [ -127.217038803454486, -74.583551923289519 ], [ -127.126919238706975, -74.468779756031466 ], [ -128.172014564788725, -74.307103079837447 ] ] } },
{ "type": "Feature", "properties": { "surface": "grounding line" }, "geometry": { "type": "LineString", "coordinates": [ [ -142.976764641843459, -75.393449284891304 ], [ -143.179119782269595, -75.401129228561516 ] ] } },
{ "type": "Feature", "properties": { "surface": "grounding line" }, "geometry": { "type": "LineString", "coordinates": [ [ -150.781403483299329, -76.995160636863744 ], [ -150.312908485441938, -77.093534361192553 ], [ -149.212850745122068, -77.117433014626002 ], [ -149.767694080965356, -76.898565719363788 ] ] } },
{ "type": "Feature", "properties": { "surface": "grounding line" }, "geometry": { "type": "LineString", "coordinates": [ [ -153.148331388256793, -77.270795861971294 ], [ -153.18734277307945, -77.317951075936065 ], [ -152.956192091905962, -77.292601986434278 ] ] } },
{ "type": "Feature", "properties": { "surface": "grounding line" }, "geometry": { "type": "LineString", "coordinates": [ [ -153.190348769801574, -77.257632723596586 ], [ -153.463311033706503, -77.21698360712881 ], [ -153.385183105470759, -77.202363723868217 ] ] } },
{ "type": "Feature", "properties": { "surface": "grounding line" }, "geometry": { "type": "LineString", "coordinates": [ [ -145.806278537453124, -75.506827618181958 ], [ -145.207469856638085, -75.702100621898168 ], [ -146.140131396937335, -75.576352388430379 ] ] } },
{ "type": "Feature", "properties": { "surface": "grounding line" }, "geometry": { "type": "LineString", "coordinates": [ [ -93.11953592310374, -72.565733323572317 ], [ -93.238770983884876, -72.64188939779082 ], [ -93.351331752225377, -72.601080095387672 ] ] } },
{ "type": "Feature", "properties": { "surface": "grounding line" }, "geometry": { "type": "LineString", "coordinates": [ [ -125.53042145184088, -73.558297490209412 ], [ -125.706229721563602, -73.542026327549166 ], [ -125.638514107161058, -73.502791867929361 ] ] } },
{ "type": "Feature", "properties": { "surface": "grounding line" }, "geometry": { "type": "LineString", "coordinates": [ [ -149.631398155074663, -76.428955660166835 ], [ -149.287792367835891, -76.460985971067672 ] ] } },
{ "type": "Feature", "properties": { "surface": "grounding line" }, "geometry": { "type": "LineString", "coordinates": [ [ -100.632330468772551, -71.894783812320924 ], [ -100.790308127269341, -71.934482884891167 ], [ -100.581855669815582, -71.91529664447043 ] ] } },
{ "type": "Feature", "properties": { "surface": "grounding line" }, "geometry": { "type": "LineString", "coordinates": [ [ -98.211273879598622, -71.829624322824529 ], [ -98.312241450436417, -71.884455127563356 ], [ -98.05908534760357, -71.850452836982427 ] ] } },
{ "type": "Feature", "properties": { "surface": "grounding line" }, "geometry": { "type": "LineString", "coordinates": [ [ -94.402067977232093, -72.607923856875445 ], [ -95.26396345804713, -72.662132560291624 ], [ -95.234274375993778, -72.607975353263058 ] ] } },
{ "type": "Feature", "properties": { "surface": "grounding line" }, "geometry": { "type": "LineString", "coordinates": [ [ -95.232502728273332, -72.605872942238349 ], [ -95.22336551741536, -72.60336226285277 ] ] } },
{ "type": "Feature", "properties": { "surface": "grounding line" }, "geometry": { "type": "LineString", "coordinates": [ [ -95.214940069615395, -72.601221821443701 ], [ -95.21080974125563, -72.599832977674694 ] ] } },
{ "type": "Feature", "properties": { "surface": "grounding line" }, "geometry": { "type": "LineString", "coordinates": [ [ -95.932050231691392, -72.295179865742355 ], [ -95.490369210985421, -72.325077365976213 ] ] } },
{ "type": "Feature", "properties": { "surface": "grounding line" }, "geometry": { "type": "LineString", "coordinates": [ [ -98.668067220768492, -72.468527993568443 ], [ -99.438501556543557, -72.481782174854942 ], [ -99.197167200867781, -72.374303813170641 ], [ -100.556924354191793, -72.243745464144581 ] ] } },
{ "type": "Feature", "properties": { "surface": "grounding line" }, "geometry": { "type": "LineString", "coordinates": [ [ -100.573564601202122, -72.243689270154889 ], [ -102.088998917043156, -72.171849436819642 ] ] } },
{ "type": "Feature", "properties": { "surface": "grounding line" }, "geometry": { "type": "LineString", "coordinates": [ [ -95.531199078155623, -72.404103501041931 ], [ -96.105403886181406, -72.452516905931731 ], [ -95.956484286175368, -72.475593461879342 ], [ -96.00871956537182, -72.508056751704345 ], [ -95.93499607468695, -72.546290624854976 ], [ -96.140130560675075, -72.578565442691485 ], [ -96.632240049439545, -72.564465127466931 ], [ -96.703728150149885, -72.493936149318955 ], [ -96.930202620872407, -72.579889623090054 ], [ -97.182702049247027, -72.550787913452709 ], [ -97.1825807410506, -72.496108356374194 ], [ -98.350247162791177, -72.580746572926159 ], [ -98.659169461654372, -72.551179065211656 ], [ -98.56257574096351, -72.49525905071863 ], [ -98.668067220768492, -72.468527993568443 ] ] } },
{ "type": "Feature", "properties": { "surface": "grounding line" }, "geometry": { "type": "LineString", "coordinates": [ [ -98.493408594116829, -71.774861872965772 ], [ -98.50680724938141, -71.855741617216054 ], [ -98.334439737132826, -71.813201260707189 ] ] } },
{ "type": "Feature", "properties": { "surface": "grounding line" }, "geometry": { "type": "LineString", "coordinates": [ [ -101.044668907107138, -71.905723498980947 ], [ -101.248447885418827, -71.909669303322602 ] ] } },
{ "type": "Feature", "properties": { "surface": "grounding line" }, "geometry": { "type": "LineString", "coordinates": [ [ -100.741697959925148, -71.895813256504283 ], [ -100.779954201289073, -71.896275495345094 ] ] } },
{ "type": "Feature", "properties": { "surface": "grounding line" }, "geometry": { "type": "LineString", "coordinates": [ [ -99.41056318251799, -71.968153244358376 ], [ -99.397388865463, -72.077200323940659 ], [ -99.294487760241296, -71.997512325838599 ], [ -98.96879844869126, -72.092496030553264 ], [ -98.677450098173296, -72.081560536634171 ], [ -99.144739925690629, -71.916290470869782 ] ] } },
{ "type": "Feature", "properties": { "surface": "grounding line" }, "geometry": { "type": "LineString", "coordinates": [ [ -97.497749775916859, -71.91370870905601 ], [ -97.622536106720005, -71.948217462898029 ], [ -97.371492802163843, -72.027836108195444 ], [ -97.610698278677617, -72.099147627634352 ], [ -97.424127746214609, -72.18966108758562 ], [ -97.129827021306227, -72.039257626795859 ], [ -97.090987962882792, -71.88470433641433 ] ] } },
{ "type": "Feature", "properties": { "surface": "grounding line" }, "geometry": { "type": "LineString", "coordinates": [ [ -99.966791675303355, -71.930292920921829 ], [ -100.430450433936997, -71.967685378457219 ], [ -99.868608287375082, -71.994164670261583 ], [ -100.108336581338193, -72.095548231918414 ], [ -99.684908994077901, -72.040713342575259 ], [ -99.656718562208781, -71.954870493331924 ] ] } },
{ "type": "Feature", "properties": { "surface": "grounding line" }, "geometry": { "type": "LineString", "coordinates": [ [ -96.731700551209528, -71.872130127275668 ], [ -96.657931308412685, -71.879430262947537 ] ] } },
{ "type": "Feature", "properties": { "surface": "grounding line" }, "geometry": { "type": "LineString", "coordinates": [ [ -96.162518471270303, -72.285969966370388 ], [ -96.071607392204612, -72.287267733399702 ] ] } },
{ "type": "Feature", "properties": { "surface": "grounding line" }, "geometry": { "type": "LineString", "coordinates": [ [ -98.014798803250784, -71.891970701912172 ], [ -98.294199499890055, -71.979439534248527 ], [ -98.233657921941145, -72.042127409125641 ], [ -98.327101038879178, -72.158462315516957 ], [ -98.089902316634479, -72.067476422434041 ], [ -97.801405021672409, -72.154031415109287 ], [ -97.753939273371941, -72.093937026947472 ], [ -97.856762595933546, -72.055979895040238 ], [ -97.826013517251127, -71.945608680485435 ], [ -97.887745541022852, -71.901361578331617 ] ] } },
{ "type": "Feature", "properties": { "surface": "grounding line" }, "geometry": { "type": "LineString", "coordinates": [ [ -126.027916627411358, -73.337212794111394 ], [ -126.104213015434382, -73.351796577846059 ] ] } },
{ "type": "Feature", "properties": { "surface": "grounding line" }, "geometry": { "type": "LineString", "coordinates": [ [ -116.250050946311291, -73.952993421084599 ], [ -116.634123424269603, -74.051773507014531 ], [ -116.498236135143316, -74.076165558880987 ], [ -116.549439140125116, -74.127917872639387 ], [ -117.081671990654101, -74.213345092605806 ], [ -117.407707802682026, -74.181844652233508 ], [ -117.361059775476093, -74.084288457136608 ] ] } },
{ "type": "Feature", "properties": { "surface": "grounding line" }, "geometry": { "type": "LineString", "coordinates": [ [ -124.012532685501824, -73.859804780099765 ], [ -124.213475614743118, -73.922418283919257 ], [ -123.769480688137776, -74.076857350677287 ], [ -123.799026270580725, -74.216117067167943 ], [ -123.911309470293702, -74.263415553287743 ], [ -125.216412744628443, -74.164334951501118 ], [ -125.179347311447785, -74.102634521234833 ], [ -126.461628757431413, -73.842053821501636 ], [ -126.352643580777908, -73.755829941132916 ], [ -126.541254191602306, -73.660269153912068 ], [ -127.207762987972345, -73.728151359355181 ] ] } },
{ "type": "Feature", "properties": { "surface": "grounding line" }, "geometry": { "type": "LineString", "coordinates": [ [ -126.131033281477485, -73.354341909848813 ], [ -126.021910772030083, -73.403656288277176 ], [ -126.112529918136687, -73.461084347946638 ], [ -125.886882000534911, -73.472751774892913 ], [ -125.847233313722754, -73.397504000127213 ] ] } },
{ "type": "Feature", "properties": { "surface": "grounding line" }, "geometry": { "type": "LineString", "coordinates": [ [ -130.935760806777751, -74.441144465097651 ], [ -130.987794253070206, -74.54813458608983 ], [ -131.157623652023858, -74.603348880593657 ], [ -132.01852546088088, -74.504817255674595 ], [ -132.156185609876644, -74.425166435343542 ] ] } },
{ "type": "Feature", "properties": { "surface": "grounding line" }, "geometry": { "type": "LineString", "coordinates": [ [ -125.236054007038106, -73.628019283432906 ], [ -125.472203599030692, -73.752334857231432 ], [ -125.009443518170386, -73.854457481741349 ], [ -124.614642704742494, -73.728032157518868 ] ] } },
{ "type": "Feature", "properties": { "surface": "grounding line" }, "geometry": { "type": "LineString", "coordinates": [ [ -132.448634481955963, -74.395500451818009 ], [ -132.409600754210658, -74.444248309004152 ], [ -132.48164233716642, -74.487862308955457 ], [ -132.84181565155194, -74.429714986385619 ] ] } },
{ "type": "Feature", "properties": { "surface": "grounding line" }, "geometry": { "type": "LineString", "coordinates": [ [ -96.062817916739405, -72.975499957807173 ], [ -96.144484912753214, -72.971745291111944 ], [ -96.184334220634128, -72.955032879171867 ], [ -96.128294787534813, -72.941555875638556 ], [ -96.062817916739405, -72.975499957807173 ] ] } },
{ "type": "Feature", "properties": { "surface": "grounding line" }, "geometry": { "type": "LineString", "coordinates": [ [ -96.380023961638003, -72.996138461625151 ], [ -96.389424429904778, -72.976920912483166 ], [ -96.527972240829556, -73.001048659429941 ], [ -96.462888931516602, -73.012322623764319 ], [ -96.380023961638003, -72.996138461625151 ] ] } },
{ "type": "Feature", "properties": { "surface": "grounding line" }, "geometry": { "type": "LineString", "coordinates": [ [ -96.808660998471737, -73.188609110315227 ], [ -96.838818347133639, -73.187946096820184 ], [ -96.866807884069161, -73.178810005727669 ], [ -96.796712315643546, -73.186425150377517 ], [ -96.808660998471737, -73.188609110315227 ] ] } },
{ "type": "Feature", "properties": { "surface": "grounding line" }, "geometry": { "type": "LineString", "coordinates": [ [ -96.718683383951401, -72.986860434259071 ], [ -96.77882564985461, -72.987580376702041 ], [ -96.794959781416921, -72.991924882297411 ], [ -96.661424711340658, -72.999337939067203 ], [ -96.718683383951401, -72.986860434259071 ] ] } },
{ "type": "Feature", "properties": { "surface": "grounding line" }, "geometry": { "type": "LineString", "coordinates": [ [ -96.929856703964731, -73.167230014221857 ], [ -96.950246641245471, -73.166156726698375 ], [ -96.953045702865779, -73.160536662905002 ], [ -96.919140165194207, -73.159489384558526 ], [ -96.929856703964731, -73.167230014221857 ] ] } },
{ "type": "Feature", "properties": { "surface": "grounding line" }, "geometry": { "type": "LineString", "coordinates": [ [ -97.114959524083872, -73.068181098794071 ], [ -97.133923477922195, -73.067490379420533 ], [ -97.138371961265221, -73.072239292848167 ], [ -97.119698987187405, -73.073621264009816 ], [ -97.114959524083872, -73.068181098794071 ] ] } },
{ "type": "Feature", "properties": { "surface": "grounding line" }, "geometry": { "type": "LineString", "coordinates": [ [ -93.989308278240927, -72.904605445574148 ], [ -93.791500491580237, -72.9279422451541 ], [ -93.736760979897909, -72.91792605068612 ], [ -93.886720256600128, -72.8331160803789 ], [ -94.130024502473987, -72.869619791260078 ], [ -93.989308278240927, -72.904605445574148 ] ] } },
{ "type": "Feature", "properties": { "surface": "grounding line" }, "geometry": { "type": "LineString", "coordinates": [ [ -97.078052243520958, -73.021119311472006 ], [ -97.209835529019145, -73.02050227011145 ], [ -97.23027576716116, -73.028867142826527 ], [ -97.049388386487252, -73.021455687830453 ], [ -97.078052243520958, -73.021119311472006 ] ] } },
{ "type": "Feature", "properties": { "surface": "grounding line" }, "geometry": { "type": "LineString", "coordinates": [ [ -97.62089505238329, -73.042083583077996 ], [ -97.646285646373002, -73.039800988637722 ], [ -97.659385250066777, -73.043911308737137 ], [ -97.615113691124435, -73.044290298426617 ], [ -97.62089505238329, -73.042083583077996 ] ] } },
{ "type": "Feature", "properties": { "surface": "grounding line" }, "geometry": { "type": "LineString", "coordinates": [ [ -97.67632339877396, -73.063090916773902 ], [ -97.668950806572539, -73.073214549677985 ], [ -97.653149158657925, -73.070321642407734 ], [ -97.657387693741825, -73.063833912391232 ], [ -97.67632339877396, -73.063090916773902 ] ] } },
{ "type": "Feature", "properties": { "surface": "grounding line" }, "geometry": { "type": "LineString", "coordinates": [ [ -97.70189302583799, -73.014318805718787 ], [ -97.687203791600922, -73.03469679505865 ], [ -97.573925051068656, -73.026836462045125 ], [ -97.60936184767985, -73.011633878400104 ], [ -97.70189302583799, -73.014318805718787 ] ] } },
{ "type": "Feature", "properties": { "surface": "grounding line" }, "geometry": { "type": "LineString", "coordinates": [ [ -93.427336808329315, -72.997436186688972 ], [ -93.416908551159651, -73.004137837365136 ], [ -93.385627974901269, -73.005064999224871 ], [ -93.41104211449607, -72.994653254610242 ], [ -93.427336808329315, -72.997436186688972 ] ] } },
{ "type": "Feature", "properties": { "surface": "grounding line" }, "geometry": { "type": "LineString", "coordinates": [ [ -93.498592234913176, -73.118916685553259 ], [ -93.514215582080439, -73.117871249003741 ], [ -93.515427640770582, -73.123604157659983 ], [ -93.503988259653738, -73.125726130634661 ], [ -93.498592234913176, -73.118916685553259 ] ] } },
{ "type": "Feature", "properties": { "surface": "grounding line" }, "geometry": { "type": "LineString", "coordinates": [ [ -153.086742345635486, -77.32990721496634 ], [ -153.030372247405097, -77.343184827551056 ], [ -153.249708865321196, -77.363030163249888 ], [ -153.204605047314175, -77.322788247076076 ], [ -153.086742345635486, -77.32990721496634 ] ] } },
{ "type": "Feature", "properties": { "surface": "grounding line" }, "geometry": { "type": "LineString", "coordinates": [ [ -153.563901881949619, -79.679519663545221 ], [ -153.408978295871435, -79.714956993905503 ], [ -153.30614089749065, -79.764220770967682 ], [ -153.741644882188922, -79.69619208156017 ], [ -153.563901881949619, -79.679519663545221 ] ] } },
{ "type": "Feature", "properties": { "surface": "grounding line" }, "geometry": { "type": "LineString", "coordinates": [ [ -127.407241111371235, -74.650878061196067 ], [ -127.383674488437165, -74.656899120372799 ], [ -127.421640300038902, -74.668402178624078 ], [ -127.458555007793137, -74.664262707876375 ], [ -127.407241111371235, -74.650878061196067 ] ] } },
{ "type": "Feature", "properties": { "surface": "grounding line" }, "geometry": { "type": "LineString", "coordinates": [ [ -153.05217601615746, -79.893637544822994 ], [ -152.98222728343535, -79.927309159948422 ], [ -153.186875097951031, -79.906427679004864 ], [ -153.144555564500166, -79.896978934248111 ], [ -153.05217601615746, -79.893637544822994 ] ] } },
{ "type": "Feature", "properties": { "surface": "grounding line" }, "geometry": { "type": "LineString", "coordinates": [ [ -148.091908826508273, -77.021567574239057 ], [ -148.048442959388979, -77.04014185043323 ], [ -148.017305912258507, -77.029289722944313 ], [ -148.064042306836228, -77.01870494193841 ], [ -148.091908826508273, -77.021567574239057 ] ] } },
{ "type": "Feature", "properties": { "surface": "grounding line" }, "geometry": { "type": "LineString", "coordinates": [ [ -92.864480896145025, -73.123403957802552 ], [ -92.876793333015129, -73.1259084433308 ], [ -92.841173890586333, -73.126041626932036 ], [ -92.84736502487128, -73.123651979832104 ], [ -92.864480896145025, -73.123403957802552 ] ] } },
{ "type": "Feature", "properties": { "surface": "grounding line" }, "geometry": { "type": "LineString", "coordinates": [ [ -92.760491256817033, -73.109170209034602 ], [ -92.758747538722929, -73.114561579941181 ], [ -92.743388186349534, -73.10940920358955 ], [ -92.760491256817033, -73.109170209034602 ] ] } },
{ "type": "Feature", "properties": { "surface": "grounding line" }, "geometry": { "type": "LineString", "coordinates": [ [ -92.728470161169653, -73.050586683325619 ], [ -92.70762668509046, -73.043593121362051 ], [ -92.785379511170973, -73.060903070646987 ], [ -92.716474702341785, -73.065701134478871 ], [ -92.728470161169653, -73.050586683325619 ] ] } },
{ "type": "Feature", "properties": { "surface": "grounding line" }, "geometry": { "type": "LineString", "coordinates": [ [ -92.933857799715923, -73.060274282259641 ], [ -92.967392997526517, -73.063987409240042 ], [ -92.968345298824957, -73.069340331498012 ], [ -92.947416991564012, -73.070038848614345 ], [ -92.933857799715923, -73.060274282259641 ] ] } },
{ "type": "Feature", "properties": { "surface": "grounding line" }, "geometry": { "type": "LineString", "coordinates": [ [ -97.817400652447404, -72.671012755217561 ], [ -98.044857346586014, -72.665666615776132 ], [ -98.113080998473322, -72.700056316445014 ], [ -97.916257601772728, -72.713727492722299 ], [ -97.817400652447404, -72.671012755217561 ] ] } },
{ "type": "Feature", "properties": { "surface": "grounding line" }, "geometry": { "type": "LineString", "coordinates": [ [ -93.854208463097365, -72.802129531033614 ], [ -93.888892789182634, -72.801830553970859 ], [ -93.900988235062115, -72.807914317777545 ], [ -93.847746103900761, -72.80898068826653 ], [ -93.854208463097365, -72.802129531033614 ] ] } },
{ "type": "Feature", "properties": { "surface": "grounding line" }, "geometry": { "type": "LineString", "coordinates": [ [ -95.668396374637126, -72.937063264966 ], [ -95.771682972857036, -72.935238886281041 ], [ -95.783554794234703, -72.929887830459933 ], [ -95.653687237323197, -72.93213197190866 ], [ -95.668396374637126, -72.937063264966 ] ] } },
{ "type": "Feature", "properties": { "surface": "grounding line" }, "geometry": { "type": "LineString", "coordinates": [ [ -93.217975669043568, -73.067326605309304 ], [ -93.174172525640159, -73.079159682511275 ], [ -93.285773696565656, -73.070805973840834 ], [ -93.260962541772059, -73.065083690110768 ], [ -93.217975669043568, -73.067326605309304 ] ] } },
{ "type": "Feature", "properties": { "surface": "grounding line" }, "geometry": { "type": "LineString", "coordinates": [ [ -93.306862489686978, -72.978037986776584 ], [ -93.301543397091109, -72.984262570250607 ], [ -93.287892032162844, -72.981425384891068 ], [ -93.293665694805284, -72.977494043468084 ], [ -93.306862489686978, -72.978037986776584 ] ] } },
{ "type": "Feature", "properties": { "surface": "grounding line" }, "geometry": { "type": "LineString", "coordinates": [ [ -93.309626414763059, -72.932367147641386 ], [ -93.304295878974216, -72.92517358103342 ], [ -93.265945473009666, -72.929270484931493 ], [ -93.285439476547097, -72.94887802779796 ], [ -93.309626414763059, -72.932367147641386 ] ] } },
{ "type": "Feature", "properties": { "surface": "grounding line" }, "geometry": { "type": "LineString", "coordinates": [ [ -93.351437279778409, -73.161752462074986 ], [ -93.367342478807217, -73.15534400923967 ], [ -93.382085558277211, -73.162764314320611 ], [ -93.363074404949458, -73.166925175670386 ], [ -93.351437279778409, -73.161752462074986 ] ] } },
{ "type": "Feature", "properties": { "surface": "grounding line" }, "geometry": { "type": "LineString", "coordinates": [ [ -93.386982542523612, -73.044157862026424 ], [ -93.376199448464249, -73.049329386050744 ], [ -93.34244139599555, -73.051441458363712 ], [ -93.356397706272844, -73.042382610863314 ], [ -93.386982542523612, -73.044157862026424 ] ] } },
{ "type": "Feature", "properties": { "surface": "grounding line" }, "geometry": { "type": "LineString", "coordinates": [ [ -93.359387245122122, -73.076847843610835 ], [ -93.38446881295107, -73.070664354205775 ], [ -93.39689740009868, -73.073518120348567 ], [ -93.356219981007115, -73.080737287070647 ], [ -93.359387245122122, -73.076847843610835 ] ] } },
{ "type": "Feature", "properties": { "surface": "grounding line" }, "geometry": { "type": "LineString", "coordinates": [ [ -93.342626415885618, -73.137735284610159 ], [ -93.316970199897838, -73.141620731263245 ], [ -93.436003033435753, -73.141884486222779 ], [ -93.435054156399673, -73.137297540621958 ], [ -93.342626415885618, -73.137735284610159 ] ] } },
{ "type": "Feature", "properties": { "surface": "grounding line" }, "geometry": { "type": "LineString", "coordinates": [ [ -95.834051436337404, -73.150251008761643 ], [ -96.32087134645559, -73.147563222671181 ], [ -96.445705114800688, -73.11949248789692 ], [ -96.143741755951012, -73.112904454480613 ], [ -95.834051436337404, -73.150251008761643 ] ] } },
{ "type": "Feature", "properties": { "surface": "grounding line" }, "geometry": { "type": "LineString", "coordinates": [ [ -99.426278481085035, -72.782538953144979 ], [ -100.157834283647091, -72.742229410549513 ], [ -100.734718587755538, -72.592181316209277 ], [ -100.262034271652126, -72.532845757910152 ], [ -98.89624694054919, -72.627002711053677 ], [ -99.150487897660867, -72.762920277297653 ], [ -99.426278481085035, -72.782538953144979 ] ] } },
{ "type": "Feature", "properties": { "surface": "grounding line" }, "geometry": { "type": "LineString", "coordinates": [ [ -153.53444827089433, -79.793623400615985 ], [ -153.508775202701884, -79.804584252099914 ], [ -153.612920050519534, -79.804178635655404 ], [ -153.600349751614033, -79.792135858096785 ], [ -153.53444827089433, -79.793623400615985 ] ] } },
{ "type": "Feature", "properties": { "surface": "grounding line" }, "geometry": { "type": "LineString", "coordinates": [ [ -156.48190851324452, -81.879892810626174 ], [ -157.110708011929717, -81.899294980981978 ], [ -155.700988999406803, -82.111136991876592 ], [ -154.943510529841603, -82.079760299280096 ], [ -155.594481995402361, -81.977560988315673 ], [ -155.203915996746503, -81.949418280897589 ], [ -156.48190851324452, -81.879892810626174 ] ] } },
{ "type": "Feature", "properties": { "surface": "grounding line" }, "geometry": { "type": "LineString", "coordinates": [ [ -145.850579002272411, -77.245844767936674 ], [ -145.867045745355767, -77.244061994992521 ], [ -145.879861106016165, -77.247497307799989 ], [ -145.842310362801129, -77.247641363539955 ], [ -145.850579002272411, -77.245844767936674 ] ] } },
{ "type": "Feature", "properties": { "surface": "grounding line" }, "geometry": { "type": "LineString", "coordinates": [ [ -162.11858398765898, -83.142529239509457 ], [ -163.202744163308864, -83.093487262933593 ], [ -163.709106605497624, -82.963395370172208 ], [ -163.551050545055375, -82.913122499597009 ], [ -163.854991140365939, -82.851618599497684 ], [ -162.253203964615835, -82.883526957483923 ], [ -161.787007532794945, -82.989326002190012 ], [ -162.11858398765898, -83.142529239509457 ] ] } },
{ "type": "Feature", "properties": { "surface": "grounding line" }, "geometry": { "type": "LineString", "coordinates": [ [ -155.358529959834669, -79.700424465430586 ], [ -154.986868488934391, -79.831969513413014 ], [ -155.937610266678149, -79.792304784844632 ], [ -155.560061754679424, -79.763405437078347 ], [ -155.358529959834669, -79.700424465430586 ] ] } },
{ "type": "Feature", "properties": { "surface": "grounding line" }, "geometry": { "type": "LineString", "coordinates": [ [ -116.999996812616928, -74.312816423502866 ], [ -117.387124334465838, -74.385652483957358 ], [ -117.469794272820195, -74.370222740701621 ], [ -116.963930946183226, -74.27078962856605 ], [ -116.999996812616928, -74.312816423502866 ] ] } },
{ "type": "Feature", "properties": { "surface": "grounding line" }, "geometry": { "type": "LineString", "coordinates": [ [ -157.462927727097195, -81.792587691858074 ], [ -157.507904745774994, -81.795487216639899 ], [ -157.667285146525046, -81.774889832938101 ], [ -157.425304242793601, -81.784875243643228 ], [ -157.462927727097195, -81.792587691858074 ] ] } },
{ "type": "Feature", "properties": { "surface": "grounding line" }, "geometry": { "type": "LineString", "coordinates": [ [ -158.023157565475174, -82.070540095276456 ], [ -158.447502212686771, -81.981787884479189 ], [ -159.015809767166928, -81.797889315782143 ], [ -158.804803549091957, -81.786884090640541 ], [ -157.835307266395262, -82.030952498817157 ], [ -158.071479603706052, -82.086195346935313 ], [ -158.023157565475174, -82.070540095276456 ] ] } },
{ "type": "Feature", "properties": { "surface": "grounding line" }, "geometry": { "type": "LineString", "coordinates": [ [ -148.006921643115874, -77.152767221083906 ], [ -148.038258126823195, -77.166986126783073 ], [ -148.109260634354143, -77.137889647902284 ], [ -148.051373529310439, -77.138165799418616 ], [ -148.006921643115874, -77.152767221083906 ] ] } },
{ "type": "Feature", "properties": { "surface": "grounding line" }, "geometry": { "type": "LineString", "coordinates": [ [ -146.140521821345573, -76.827677698924276 ], [ -146.114094721650986, -76.850088355048072 ], [ -146.21275598788705, -76.836530126764004 ], [ -146.177455588964762, -76.827879054209731 ], [ -146.140521821345573, -76.827677698924276 ] ] } },
{ "type": "Feature", "properties": { "surface": "grounding line" }, "geometry": { "type": "LineString", "coordinates": [ [ -162.910082049424318, -81.267556310365819 ], [ -163.76895375571749, -81.307818436331189 ], [ -163.995113102852287, -81.404688990773721 ], [ -162.335045385260401, -81.561007656098838 ], [ -160.043858102812749, -81.569025933260093 ], [ -161.175996223021457, -81.382240754367686 ], [ -162.910082049424318, -81.267556310365819 ] ] } },
{ "type": "Feature", "properties": { "surface": "grounding line" }, "geometry": { "type": "LineString", "coordinates": [ [ -145.873470030823057, -76.76415626966606 ], [ -145.825063887647815, -76.77109404185093 ], [ -145.919221992289579, -76.792209760123683 ], [ -145.906012930302722, -76.768212318902656 ], [ -145.873470030823057, -76.76415626966606 ] ] } },
{ "type": "Feature", "properties": { "surface": "grounding line" }, "geometry": { "type": "LineString", "coordinates": [ [ -148.043447058786228, -77.122264610330589 ], [ -147.992750674936985, -77.132871110810242 ], [ -148.167821998271933, -77.110208200027941 ], [ -148.153045051929752, -77.108419700469895 ], [ -148.043447058786228, -77.122264610330589 ] ] } },
{ "type": "Feature", "properties": { "surface": "grounding line" }, "geometry": { "type": "LineString", "coordinates": [ [ -154.693829441006471, -79.897478027141773 ], [ -153.948523738036101, -79.994272155698383 ], [ -153.882675345356603, -80.012270791688763 ], [ -155.115500163506027, -79.906113314964628 ], [ -154.693829441006471, -79.897478027141773 ] ] } },
{ "type": "Feature", "properties": { "surface": "grounding line" }, "geometry": { "type": "LineString", "coordinates": [ [ -149.119048248611364, -77.547057194813021 ], [ -149.070558230225316, -77.559950873348185 ], [ -149.14845349939182, -77.584833509971645 ], [ -149.603011395110968, -77.541864170145558 ], [ -149.119048248611364, -77.547057194813021 ] ] } },
{ "type": "Feature", "properties": { "surface": "grounding line" }, "geometry": { "type": "LineString", "coordinates": [ [ -163.389909968718598, -79.784999264404647 ], [ -162.971663313933988, -79.819374423843939 ], [ -162.668093357521286, -79.818607131423818 ], [ -163.689917378298617, -79.724409226066243 ], [ -163.389909968718598, -79.784999264404647 ] ] } },
{ "type": "Feature", "properties": { "surface": "grounding line" }, "geometry": { "type": "LineString", "coordinates": [ [ -146.049132559543921, -77.270295194013912 ], [ -146.099460501121342, -77.265951693610475 ], [ -146.113307404997386, -77.269515621825732 ], [ -146.021808228649689, -77.276536653941449 ], [ -146.049132559543921, -77.270295194013912 ] ] } },
{ "type": "Feature", "properties": { "surface": "grounding line" }, "geometry": { "type": "LineString", "coordinates": [ [ -145.868366106145402, -77.233335532127839 ], [ -145.929758427274123, -77.224933731422539 ], [ -145.947602074769776, -77.239728385882259 ], [ -145.858800464065382, -77.236454021120394 ], [ -145.868366106145402, -77.233335532127839 ] ] } },
{ "type": "Feature", "properties": { "surface": "grounding line" }, "geometry": { "type": "LineString", "coordinates": [ [ -130.587915555340146, -74.757476958815346 ], [ -130.621068987787822, -74.740633432192979 ], [ -130.655299150467698, -74.744239706637941 ], [ -130.625580746078015, -74.766729814083092 ], [ -130.587915555340146, -74.757476958815346 ] ] } },
{ "type": "Feature", "properties": { "surface": "grounding line" }, "geometry": { "type": "LineString", "coordinates": [ [ -147.676844431223941, -76.693715243300488 ], [ -147.656907484045206, -76.686603492812495 ], [ -147.715025301935668, -76.687476489278197 ], [ -147.698991674295939, -76.692278488831775 ], [ -147.676844431223941, -76.693715243300488 ] ] } },
{ "type": "Feature", "properties": { "surface": "grounding line" }, "geometry": { "type": "LineString", "coordinates": [ [ -149.054606248107319, -77.422224002938151 ], [ -148.92620443328687, -77.435541646159393 ], [ -148.820381625238156, -77.458074563931788 ], [ -149.198733617508964, -77.442932214853769 ], [ -149.054606248107319, -77.422224002938151 ] ] } },
{ "type": "Feature", "properties": { "surface": "grounding line" }, "geometry": { "type": "LineString", "coordinates": [ [ -147.596429401956158, -76.599338455186626 ], [ -147.533977890693961, -76.632995648658451 ], [ -147.425488793230471, -76.630588775283016 ], [ -147.691748252051354, -76.559738775416591 ], [ -147.596429401956158, -76.599338455186626 ] ] } },
{ "type": "Feature", "properties": { "surface": "grounding line" }, "geometry": { "type": "LineString", "coordinates": [ [ -163.29282329060095, -78.716785916460381 ], [ -163.296067901454506, -78.786823710304276 ], [ -164.181193503011173, -79.010118647082962 ], [ -164.293880279619117, -79.114219354565677 ], [ -164.273090303495451, -79.241780787932626 ], [ -163.923265017021436, -79.410612015040741 ], [ -161.502396280003467, -79.814724180163068 ], [ -159.600190934151527, -79.853932904565553 ], [ -158.973907677092171, -79.756844679947804 ], [ -159.596433427418248, -79.413740820143161 ], [ -161.255377804089193, -79.018171378356655 ], [ -161.763265191978832, -78.819030264986822 ], [ -163.29282329060095, -78.716785916460381 ] ] } },
{ "type": "Feature", "properties": { "surface": "grounding line" }, "geometry": { "type": "LineString", "coordinates": [ [ -146.685699561378584, -77.332720226164184 ], [ -146.602266667731953, -77.349580528145566 ], [ -146.562473590184595, -77.368544955941516 ], [ -146.71674267557654, -77.335565511120137 ], [ -146.685699561378584, -77.332720226164184 ] ] } },
{ "type": "Feature", "properties": { "surface": "grounding line" }, "geometry": { "type": "LineString", "coordinates": [ [ -146.851213162685809, -76.139893983507434 ], [ -146.661374954655287, -76.254927683814785 ], [ -146.833812426453846, -76.301824776509974 ], [ -147.527378674490507, -76.069262846031037 ], [ -146.851213162685809, -76.139893983507434 ] ] } },
{ "type": "Feature", "properties": { "surface": "grounding line" }, "geometry": { "type": "LineString", "coordinates": [ [ -147.315105893928717, -77.229526599727905 ], [ -147.438432210209868, -77.253962571431259 ], [ -147.608516445111093, -77.18598104391846 ], [ -147.185003833177319, -77.210330660406257 ], [ -147.315105893928717, -77.229526599727905 ] ] } },
{ "type": "Feature", "properties": { "surface": "grounding line" }, "geometry": { "type": "LineString", "coordinates": [ [ -132.28777638132533, -74.5867793394996 ], [ -132.272785173141614, -74.587950505586676 ], [ -132.263243392717129, -74.59674876330476 ], [ -132.292437140755112, -74.59893167035969 ], [ -132.28777638132533, -74.5867793394996 ] ] } },
{ "type": "Feature", "properties": { "surface": "grounding line" }, "geometry": { "type": "LineString", "coordinates": [ [ -146.143966103085631, -77.197225210264023 ], [ -146.12354348069988, -77.218388344219548 ], [ -146.066749347495545, -77.225377209660351 ], [ -146.085232575850739, -77.195439362219375 ], [ -146.209473093030255, -77.179147811832976 ], [ -146.143966103085631, -77.197225210264023 ] ] } },
{ "type": "Feature", "properties": { "surface": "grounding line" }, "geometry": { "type": "LineString", "coordinates": [ [ -148.695077044803014, -77.524162364469788 ], [ -148.663260862842748, -77.529007978900523 ], [ -148.81637531438102, -77.527511313029223 ], [ -148.771288509257886, -77.51964861744105 ], [ -148.695077044803014, -77.524162364469788 ] ] } },
{ "type": "Feature", "properties": { "surface": "grounding line" }, "geometry": { "type": "LineString", "coordinates": [ [ -147.056774103310261, -77.220276178265635 ], [ -147.194348074753748, -77.217997306126307 ], [ -147.23203031583563, -77.234897761641776 ], [ -147.048388743538595, -77.227682168115024 ], [ -147.056774103310261, -77.220276178265635 ] ] } },
{ "type": "Feature", "properties": { "surface": "grounding line" }, "geometry": { "type": "LineString", "coordinates": [ [ -149.295344136085447, -76.887753166713352 ], [ -149.344371458269762, -76.877470545291018 ], [ -149.407782884123151, -76.875583402680235 ], [ -149.308745150982361, -76.903213105695016 ], [ -149.295344136085447, -76.887753166713352 ] ] } },
{ "type": "Feature", "properties": { "surface": "grounding line" }, "geometry": { "type": "LineString", "coordinates": [ [ -149.530835349461768, -77.280065983363244 ], [ -149.237761085252345, -77.297588765713058 ], [ -148.90857050124842, -77.389966153522337 ], [ -149.670935697109343, -77.299710418571053 ], [ -149.530835349461768, -77.280065983363244 ] ] } },
{ "type": "Feature", "properties": { "surface": "grounding line" }, "geometry": { "type": "LineString", "coordinates": [ [ -146.429877210657565, -76.8246993325521 ], [ -146.388820239930681, -76.828528608829203 ], [ -146.362673969580953, -76.83748780031479 ], [ -146.460455392493145, -76.828247256268156 ], [ -146.429877210657565, -76.8246993325521 ] ] } },
{ "type": "Feature", "properties": { "surface": "grounding line" }, "geometry": { "type": "LineString", "coordinates": [ [ -147.962301081177458, -77.069378152278929 ], [ -147.807603590906155, -77.098382854298251 ], [ -147.758475063383884, -77.092247813839847 ], [ -147.895187608935714, -77.034477987320969 ], [ -147.962301081177458, -77.069378152278929 ] ] } },
{ "type": "Feature", "properties": { "surface": "grounding line" }, "geometry": { "type": "LineString", "coordinates": [ [ -146.433062273169327, -76.815496920100486 ], [ -146.462402392680303, -76.808103708124221 ], [ -146.514725395316759, -76.810636073842048 ], [ -146.47598973041778, -76.820196992877484 ], [ -146.433062273169327, -76.815496920100486 ] ] } },
{ "type": "Feature", "properties": { "surface": "grounding line" }, "geometry": { "type": "LineString", "coordinates": [ [ -148.325463789197471, -76.79775929766798 ], [ -148.342838663895748, -76.805778771646004 ], [ -148.260950840779714, -76.817089055973483 ], [ -148.288741726838595, -76.798709959494204 ], [ -148.325463789197471, -76.79775929766798 ] ] } },
{ "type": "Feature", "properties": { "surface": "grounding line" }, "geometry": { "type": "LineString", "coordinates": [ [ -149.296800651361082, -76.913824662486789 ], [ -149.250153969946581, -76.993844018735217 ], [ -149.070601302788447, -77.024091035844449 ], [ -148.436329280864015, -76.972184047071721 ], [ -149.296800651361082, -76.913824662486789 ] ] } },
{ "type": "Feature", "properties": { "surface": "grounding line" }, "geometry": { "type": "LineString", "coordinates": [ [ -147.275960107767958, -76.503264483343315 ], [ -147.387071555979617, -76.567473916038153 ], [ -147.260976581681319, -76.664860246098314 ], [ -146.874076583626845, -76.711929210034612 ], [ -146.951473884841079, -76.636874846952935 ], [ -146.716996153970598, -76.643901101442978 ], [ -147.275960107767958, -76.503264483343315 ] ] } },
{ "type": "Feature", "properties": { "surface": "grounding line" }, "geometry": { "type": "LineString", "coordinates": [ [ -148.435211362055355, -76.718021331673157 ], [ -148.318893640314968, -76.781229965583847 ], [ -148.977757890938051, -76.84617635632253 ], [ -149.578294419554879, -76.758329738225171 ], [ -148.435211362055355, -76.718021331673157 ] ] } },
{ "type": "Feature", "properties": { "surface": "grounding line" }, "geometry": { "type": "LineString", "coordinates": [ [ -149.390536973277477, -76.705402182496229 ], [ -149.365865959177597, -76.722431179511617 ], [ -149.313402337305689, -76.718591740334929 ], [ -149.344437747246104, -76.699121019180936 ], [ -149.390536973277477, -76.705402182496229 ] ] } },
{ "type": "Feature", "properties": { "surface": "grounding line" }, "geometry": { "type": "LineString", "coordinates": [ [ -147.755309503463138, -76.652057554931261 ], [ -147.982885395194387, -76.600666806069995 ], [ -148.006226671519528, -76.578013335879675 ], [ -147.552956490917239, -76.66650273773385 ], [ -147.755309503463138, -76.652057554931261 ] ] } },
{ "type": "Feature", "properties": { "surface": "grounding line" }, "geometry": { "type": "LineString", "coordinates": [ [ -148.887355861831139, -76.690322894213821 ], [ -149.21700256873055, -76.629809595075386 ], [ -148.483360131285536, -76.683654533950843 ], [ -148.8203427600167, -76.707593451728229 ], [ -148.887355861831139, -76.690322894213821 ] ] } },
{ "type": "Feature", "properties": { "surface": "grounding line" }, "geometry": { "type": "LineString", "coordinates": [ [ -153.817419942540596, -77.147193539740215 ], [ -153.81625884557829, -77.145485800753676 ], [ -153.802506484999782, -77.146280724701072 ], [ -153.807004959051852, -77.148029758738886 ], [ -153.817419942540596, -77.147193539740215 ] ] } },
{ "type": "Feature", "properties": { "surface": "grounding line" }, "geometry": { "type": "LineString", "coordinates": [ [ -149.749496714979784, -76.689891369424359 ], [ -149.767678241542427, -76.695418979294431 ], [ -149.793427491845563, -76.690539103098317 ], [ -149.784750634097975, -76.6881410901739 ], [ -149.749496714979784, -76.689891369424359 ] ] } },
{ "type": "Feature", "properties": { "surface": "grounding line" }, "geometry": { "type": "LineString", "coordinates": [ [ -146.275608999921189, -76.873136231325361 ], [ -146.119762806742813, -76.950583471025809 ], [ -146.364728224535384, -76.893443320781586 ], [ -147.053977681381582, -76.995004554677195 ], [ -147.019592863551111, -76.91906642226941 ], [ -147.129643906677927, -76.840882932168469 ], [ -146.275608999921189, -76.873136231325361 ] ] } },
{ "type": "Feature", "properties": { "surface": "grounding line" }, "geometry": { "type": "LineString", "coordinates": [ [ -100.379447937449513, -74.915878295533076 ], [ -99.387519837937575, -74.980819702500938 ], [ -99.436538695017219, -75.045333862303849 ], [ -99.139587401429182, -75.153121948563097 ], [ -99.231842041533071, -75.169250488199282 ], [ -99.146179198359206, -75.274078368974756 ], [ -101.111076355065464, -75.432312011620013 ], [ -102.317970274918665, -75.26622772214877 ], [ -102.04682159476603, -75.208526610917076 ], [ -101.925339327518714, -75.103145497804974 ] ] } },
{ "type": "Feature", "properties": { "surface": "grounding line" }, "geometry": { "type": "LineString", "coordinates": [ [ -148.702831158747273, -76.201953326503627 ], [ -148.589383452765219, -76.231449994285953 ], [ -148.915254622506836, -76.269223352268725 ] ] } },
{ "type": "Feature", "properties": { "surface": "grounding line" }, "geometry": { "type": "LineString", "coordinates": [ [ -148.945143474757799, -76.273308331631483 ], [ -149.301418953075427, -76.288580260597868 ] ] } },
{ "type": "Feature", "properties": { "surface": "grounding line" }, "geometry": { "type": "LineString", "coordinates": [ [ -155.301215366823726, -77.133228243962677 ], [ -155.638775724282254, -77.097953214168186 ] ] } },
{ "type": "Feature", "properties": { "surface": "grounding line" }, "geometry": { "type": "LineString", "coordinates": [ [ -149.287792367835891, -76.460985971067672 ], [ -148.485255888634384, -76.515827718826827 ], [ -147.11802397380248, -76.4269893278978 ], [ -146.519071169484988, -76.546022532233081 ] ] } },
{ "type": "Feature", "properties": { "surface": "grounding line" }, "geometry": { "type": "LineString", "coordinates": [ [ -142.505950701070674, -75.4360513641399 ], [ -142.702196831547553, -75.558819780143494 ], [ -143.322359742144613, -75.531823024388558 ], [ -144.357056387173088, -75.623045217619818 ], [ -144.111281438568824, -75.696233967002527 ], [ -144.217261738342501, -75.726447383470926 ], [ -144.176045026544642, -75.805348146487262 ], [ -145.233547731497566, -75.888469240542562 ], [ -145.171126141871071, -75.907964281176106 ], [ -146.175470035473865, -75.907585648662121 ], [ -146.511627241277836, -76.069291875201685 ], [ -145.496900865894759, -76.335972990806667 ], [ -145.433381230412806, -76.385015454944593 ], [ -145.507352753816917, -76.43541971301552 ], [ -146.27753400655692, -76.42068948028502 ], [ -146.504150299019472, -76.326837658227888 ], [ -146.626914559367208, -76.36804130183782 ], [ -148.374756840379291, -76.085928109050073 ] ] } },
{ "type": "Feature", "properties": { "surface": "grounding line" }, "geometry": { "type": "LineString", "coordinates": [ [ -141.311214757020764, -75.502663655981706 ], [ -141.253389434764728, -75.589156164708868 ], [ -140.821685204864451, -75.682617088835073 ], [ -140.638166709660794, -75.800783136393846 ], [ -141.567667841209101, -75.765691139515411 ], [ -141.918887413701611, -75.485382718786184 ] ] } },
{ "type": "Feature", "properties": { "surface": "grounding line" }, "geometry": { "type": "LineString", "coordinates": [ [ -140.231951037582547, -75.417847405926963 ], [ -140.252640857091791, -75.476412749745421 ], [ -141.048879393695444, -75.493921012523117 ] ] } },
{ "type": "Feature", "properties": { "surface": "grounding line" }, "geometry": { "type": "LineString", "coordinates": [ [ -152.427647757788634, -77.303594728755698 ], [ -152.517088425384287, -77.379814371965182 ], [ -152.46750445949607, -77.406431062736644 ], [ -152.587486236401418, -77.433092943058043 ], [ -152.504317909330069, -77.492265533775026 ], [ -152.579916727094229, -77.520462642264306 ], [ -153.592423626620075, -77.44615989734973 ], [ -153.678161278342174, -77.406945338611479 ], [ -153.312438966300505, -77.345518164645014 ], [ -153.581632449343857, -77.249604498926132 ], [ -154.858829932589543, -77.109324085761244 ] ] } },
{ "type": "Feature", "properties": { "surface": "grounding line" }, "geometry": { "type": "LineString", "coordinates": [ [ -146.517380226018815, -76.547505722780187 ], [ -146.516285448009086, -76.549510978881514 ] ] } },
{ "type": "Feature", "properties": { "surface": "grounding line" }, "geometry": { "type": "LineString", "coordinates": [ [ -146.511362494111637, -76.550014351921277 ], [ -146.114152092584391, -76.679627648968662 ], [ -145.489278836507197, -76.742122713855082 ], [ -145.466612219122851, -76.795111659096492 ], [ -146.016382227676388, -76.839883355875045 ], [ -145.296579731371281, -77.055966428236374 ], [ -146.373642238714808, -77.001571961707526 ], [ -145.299565856647689, -77.217295353458965 ], [ -145.947453408286407, -77.243736206877344 ], [ -145.789197596724904, -77.343987249087547 ], [ -146.069094969772578, -77.376341229211732 ], [ -145.706977423279682, -77.372350428211789 ], [ -145.450118533727476, -77.521588031586603 ], [ -146.405572355653447, -77.506149114303483 ], [ -147.015364735026083, -77.233325989388163 ], [ -147.294715679138477, -77.27175812783716 ], [ -147.174920256531379, -77.359662848764899 ], [ -147.735324907585294, -77.344319774706122 ], [ -147.594138135153145, -77.410061153060894 ], [ -147.665128221392251, -77.429651353646207 ], [ -147.894759384248516, -77.240571472052338 ], [ -148.764253794865994, -77.105068162478759 ], [ -149.052828372346966, -77.221145916370446 ], [ -148.901736967672861, -77.238460290479281 ], [ -149.052550422048853, -77.269744284023162 ], [ -149.051854805545986, -77.332966672645497 ], [ -147.741120388876283, -77.45835992321058 ], [ -148.825329920449434, -77.556808501585124 ], [ -148.637641154447579, -77.670131976548234 ], [ -148.713914447254183, -77.706860276476149 ], [ -149.79117041629047, -77.593618470641502 ], [ -149.827787527997202, -77.647456893840939 ], [ -149.258297508178686, -77.756865303036946 ], [ -149.894902332981474, -77.82124391660075 ], [ -151.51645823494917, -77.499761205558258 ], [ -151.373864600829194, -77.454027472141448 ], [ -151.581635331442897, -77.406013154911633 ] ] } },
{ "type": "Feature", "properties": { "surface": "grounding line" }, "geometry": { "type": "LineString", "coordinates": [ [ -152.029128211684679, -77.389378501307178 ], [ -152.139550579933911, -77.385083254349539 ] ] } },
{ "type": "Feature", "properties": { "surface": "grounding line" }, "geometry": { "type": "LineString", "coordinates": [ [ -136.771983099693927, -74.970443568474863 ], [ -136.701368632275944, -75.044269109068978 ] ] } },
{ "type": "Feature", "properties": { "surface": "grounding line" }, "geometry": { "type": "LineString", "coordinates": [ [ -135.698655523901749, -74.677832797895149 ], [ -135.682278015093232, -74.750895710833177 ], [ -135.940993843317813, -74.723013796390418 ] ] } },
{ "type": "Feature", "properties": { "surface": "grounding line" }, "geometry": { "type": "LineString", "coordinates": [ [ -136.702705615160426, -75.047500000406032 ], [ -136.699990882410873, -75.051425539562487 ] ] } },
{ "type": "Feature", "properties": { "surface": "grounding line" }, "geometry": { "type": "LineString", "coordinates": [ [ -136.700562871737816, -75.053551913167183 ], [ -136.560496870933861, -75.071597556259078 ] ] } },
{ "type": "Feature", "properties": { "surface": "grounding line" }, "geometry": { "type": "LineString", "coordinates": [ [ -136.539863189779993, -75.07873284739874 ], [ -136.533724086726181, -75.080128047534515 ] ] } },
{ "type": "Feature", "properties": { "surface": "grounding line" }, "geometry": { "type": "LineString", "coordinates": [ [ -136.531915416620734, -75.080348672451152 ], [ -136.498246970014122, -75.083187872629921 ] ] } },
{ "type": "Feature", "properties": { "surface": "grounding line" }, "geometry": { "type": "LineString", "coordinates": [ [ -136.470761846659968, -75.085952551108008 ], [ -136.330582003369017, -75.166298259728521 ], [ -137.076881650631066, -75.19559239650512 ], [ -137.589157570538077, -75.078492763109679 ] ] } },
{ "type": "Feature", "properties": { "surface": "grounding line" }, "geometry": { "type": "LineString", "coordinates": [ [ -115.089503791308047, -74.111914438268258 ], [ -115.142462980799451, -74.144093642220923 ], [ -115.076242958336664, -74.242485583461871 ], [ -114.830372653632608, -74.377757745178286 ], [ -114.907657234911795, -74.41140770009352 ], [ -114.854471102540217, -74.487814049761752 ], [ -115.733564256437518, -74.523849634751002 ], [ -115.917476646178699, -74.384021258627129 ], [ -116.116762892076096, -74.428830875626176 ], [ -116.055038259788887, -74.5023076980208 ], [ -116.26893665114207, -74.519801266416792 ], [ -117.819740189469215, -74.52001263349031 ], [ -117.876816297488759, -74.502615272136723 ], [ -117.760182436320306, -74.416299480766583 ], [ -117.910891046267437, -74.391628440184945 ], [ -117.829258590653936, -74.328233897418187 ], [ -117.987590073798359, -74.257603893154226 ], [ -119.056699551906405, -74.41189805993119 ], [ -119.142418379432328, -74.48854291318014 ], [ -118.714349894877117, -74.56408391907749 ], [ -118.902520786799286, -74.607295542079044 ], [ -121.811976479621975, -74.786343260556364 ], [ -122.457923240776822, -74.730612299713655 ], [ -124.010841122173233, -74.801681681122972 ], [ -124.364926860742642, -74.706641382288382 ], [ -126.322536157734604, -74.763752427948219 ], [ -127.258975111765423, -74.678704790242548 ], [ -130.03321126259371, -74.917768111525163 ], [ -130.803756762672492, -74.819558663265056 ], [ -131.582869616822393, -74.84703918472232 ], [ -132.054025735663629, -74.759383587707632 ], [ -132.603134408154602, -74.824909090955359 ], [ -132.849915835872139, -74.772162092483583 ], [ -133.75866133567871, -74.908579398620915 ], [ -134.386919037707315, -74.871443611974115 ], [ -134.595618522636244, -74.77214342838073 ], [ -134.497988185311044, -74.651410079124943 ], [ -134.663296393691439, -74.611427443590742 ] ] } },
{ "type": "Feature", "properties": { "surface": "grounding line" }, "geometry": { "type": "LineString", "coordinates": [ [ -113.986142312145191, -73.960003380844981 ], [ -114.196743705989306, -74.025370832440402 ], [ -113.848338826375894, -74.022567568696658 ] ] } },
{ "type": "Feature", "properties": { "surface": "grounding line" }, "geometry": { "type": "LineString", "coordinates": [ [ -113.267304754918257, -74.929079909044418 ], [ -114.297216718632285, -75.060775857059028 ], [ -113.796123525590218, -74.728897952225225 ], [ -114.336125648507021, -74.704046885692719 ], [ -113.673966560468614, -74.605402624200863 ], [ -113.223792382910659, -74.437451524368839 ], [ -113.779987912714105, -74.465991866811507 ], [ -113.76115970642897, -74.364949734545647 ], [ -113.836791906320101, -74.350522416383086 ], [ -113.683006934881945, -74.301690449717682 ], [ -113.933169589281746, -74.265997331128631 ], [ -113.41287707149246, -74.171628740155626 ] ] } },
{ "type": "Feature", "properties": { "surface": "grounding line" }, "geometry": { "type": "LineString", "coordinates": [ [ -110.713017934020073, -74.27152145702847 ], [ -110.758416918882418, -74.330945169620747 ], [ -110.874378221532837, -74.28774194054607 ] ] } },
{ "type": "Feature", "properties": { "surface": "grounding line" }, "geometry": { "type": "LineString", "coordinates": [ [ -110.265260491480177, -74.37712599379968 ], [ -110.464630463180313, -74.413177224961146 ], [ -110.213875141702459, -74.429861494751677 ] ] } },
{ "type": "Feature", "properties": { "surface": "grounding line" }, "geometry": { "type": "LineString", "coordinates": [ [ -110.138332295094457, -74.480528130135383 ], [ -110.199061062843839, -74.505685267664759 ], [ -110.132855545817321, -74.519732580859795 ] ] } },
{ "type": "Feature", "properties": { "surface": "grounding line" }, "geometry": { "type": "LineString", "coordinates": [ [ -110.461214071391964, -75.203059947647432 ], [ -111.291057068060653, -75.237112529251149 ], [ -111.557547761221599, -75.177662974731234 ] ] } },
{ "type": "Feature", "properties": { "surface": "grounding line" }, "geometry": { "type": "LineString", "coordinates": [ [ -110.444125213500342, -75.201909984307349 ], [ -109.711889726964998, -75.253323785724888 ], [ -109.301170659186013, -75.197706173542684 ] ] } },
{ "type": "Feature", "properties": { "surface": "grounding line" }, "geometry": { "type": "LineString", "coordinates": [ [ -101.696191553713376, -73.336590590167717 ], [ -100.238163864790536, -73.324489035851016 ], [ -99.752964466301776, -73.36981061401319 ], [ -99.72872099616599, -73.478048379859842 ], [ -99.403138693034848, -73.486795386415636 ], [ -99.547924540564651, -73.540230412502268 ], [ -98.989524911975693, -73.582237882540511 ], [ -99.591396354066518, -73.633841052812258 ], [ -99.46596780664548, -73.671113780238059 ], [ -99.543629261811077, -73.703587979835817 ], [ -100.393410198479842, -73.712098150198528 ], [ -100.625848962200791, -73.781608945090611 ], [ -101.173329628100575, -73.773840124594088 ], [ -101.337791635792314, -73.676760293341985 ] ] } },
{ "type": "Feature", "properties": { "surface": "grounding line" }, "geometry": { "type": "LineString", "coordinates": [ [ -101.424252803319192, -74.283976873511079 ], [ -101.271913947208034, -74.289732372361797 ], [ -101.427549786267207, -74.337253939830717 ], [ -101.395442864628137, -74.413407173526423 ], [ -101.452263073467876, -74.43298406815947 ], [ -101.396240253808529, -74.431940208230515 ], [ -101.49790724166661, -74.522649772629009 ], [ -100.080776882155163, -74.468392803915961 ], [ -99.790058809311503, -74.532024631520912 ], [ -100.146697794764052, -74.625730302425652 ], [ -100.010635480966357, -74.659242538098951 ], [ -100.107972928580168, -74.716409819700246 ], [ -99.930476531710482, -74.756803560012315 ], [ -100.089393237076294, -74.811639342819603 ], [ -100.044277236851315, -74.84135577056287 ], [ -100.574315250720431, -74.860918292600132 ] ] } },
{ "type": "Feature", "properties": { "surface": "grounding line" }, "geometry": { "type": "LineString", "coordinates": [ [ -139.999446399983555, -75.283838045136463 ], [ -139.67584075198053, -75.172000999631578 ] ] } },
{ "type": "Feature", "properties": { "surface": "grounding line" }, "geometry": { "type": "LineString", "coordinates": [ [ -101.997028775639876, -74.581232890371908 ], [ -102.003053678142479, -74.582874829625467 ] ] } },
{ "type": "Feature", "properties": { "surface": "grounding line" }, "geometry": { "type": "LineString", "coordinates": [ [ 146.840992305019483, -67.936528954155008 ], [ 146.861413805595106, -67.958099003360246 ] ] } },
{ "type": "Feature", "properties": { "surface": "grounding line" }, "geometry": { "type": "LineString", "coordinates": [ [ 155.086281225422454, -68.75947752218066 ], [ 155.031263725047694, -68.776640146389951 ], [ 155.134834373090882, -68.816576615131282 ] ] } },
{ "type": "Feature", "properties": { "surface": "grounding line" }, "geometry": { "type": "LineString", "coordinates": [ [ 170.189298331182442, -71.674277107660018 ], [ 170.192874807021468, -71.673259421020646 ] ] } },
{ "type": "Feature", "properties": { "surface": "grounding line" }, "geometry": { "type": "LineString", "coordinates": [ [ 135.497650313815882, -66.176400103096839 ], [ 135.496697602815317, -66.180803150524213 ] ] } },
{ "type": "Feature", "properties": { "surface": "grounding line" }, "geometry": { "type": "LineString", "coordinates": [ [ 123.685924478200391, -66.686858052846034 ], [ 123.693896716513251, -66.669504722489791 ] ] } },
{ "type": "Feature", "properties": { "surface": "grounding line" }, "geometry": { "type": "LineString", "coordinates": [ [ 123.626561887898035, -66.712945632569088 ], [ 123.644035195428543, -66.707365303860584 ] ] } },
{ "type": "Feature", "properties": { "surface": "grounding line" }, "geometry": { "type": "LineString", "coordinates": [ [ 170.049478778164001, -71.647103729626423 ], [ 170.047965010224402, -71.64673444859298 ] ] } },
{ "type": "Feature", "properties": { "surface": "grounding line" }, "geometry": { "type": "LineString", "coordinates": [ [ 162.695250090177325, -76.636715523924153 ], [ 162.70279305304652, -76.635041916952929 ] ] } },
{ "type": "Feature", "properties": { "surface": "grounding line" }, "geometry": { "type": "LineString", "coordinates": [ [ 170.059818928155352, -72.594987642074869 ], [ 170.044492564320393, -72.589854436722064 ] ] } },
{ "type": "Feature", "properties": { "surface": "grounding line" }, "geometry": { "type": "LineString", "coordinates": [ [ 170.026255839456212, -72.586414805399329 ], [ 170.034819237625015, -72.572150357527519 ] ] } },
{ "type": "Feature", "properties": { "surface": "grounding line" }, "geometry": { "type": "LineString", "coordinates": [ [ 169.940162176019783, -72.565989112770538 ], [ 169.926693616565359, -72.547457058828286 ] ] } },
{ "type": "Feature", "properties": { "surface": "grounding line" }, "geometry": { "type": "LineString", "coordinates": [ [ 162.283301084881828, -76.953575693846687 ], [ 162.285152135163514, -76.953315325887871 ] ] } },
{ "type": "Feature", "properties": { "surface": "grounding line" }, "geometry": { "type": "LineString", "coordinates": [ [ 162.434692354789405, -76.883548702597054 ], [ 162.425495053341677, -76.88430070324695 ] ] } },
{ "type": "Feature", "properties": { "surface": "grounding line" }, "geometry": { "type": "LineString", "coordinates": [ [ 162.516478629889775, -76.875526704466083 ], [ 162.507342578491574, -76.876003448566848 ] ] } },
{ "type": "Feature", "properties": { "surface": "grounding line" }, "geometry": { "type": "LineString", "coordinates": [ [ 162.463351794632331, -76.879342165517372 ], [ 162.460497915893768, -76.879740027451618 ] ] } },
{ "type": "Feature", "properties": { "surface": "grounding line" }, "geometry": { "type": "LineString", "coordinates": [ [ 162.479600857467176, -76.877275121394931 ], [ 162.472592735068787, -76.878129327680185 ] ] } },
{ "type": "Feature", "properties": { "surface": "grounding line" }, "geometry": { "type": "LineString", "coordinates": [ [ 169.480835830676227, -73.093374975580844 ], [ 169.577998125772638, -73.077645289808316 ] ] } },
{ "type": "Feature", "properties": { "surface": "grounding line" }, "geometry": { "type": "LineString", "coordinates": [ [ 162.20751800802384, -76.994189083432587 ], [ 162.199097113417139, -76.994812899578108 ] ] } },
{ "type": "Feature", "properties": { "surface": "grounding line" }, "geometry": { "type": "LineString", "coordinates": [ [ 169.914464367296802, -72.545023964839231 ], [ 169.914710404345612, -72.543497624129955 ] ] } },
{ "type": "Feature", "properties": { "surface": "grounding line" }, "geometry": { "type": "LineString", "coordinates": [ [ 169.982961073143173, -72.180584345379572 ], [ 169.939708013297206, -72.14548081228871 ] ] } },
{ "type": "Feature", "properties": { "surface": "grounding line" }, "geometry": { "type": "LineString", "coordinates": [ [ 169.807256298601544, -72.551420160576072 ], [ 169.74137609658203, -72.546530065095382 ] ] } },
{ "type": "Feature", "properties": { "surface": "grounding line" }, "geometry": { "type": "LineString", "coordinates": [ [ 162.63106830501323, -75.043514990620622 ], [ 162.622275598371061, -75.041442828997319 ] ] } },
{ "type": "Feature", "properties": { "surface": "grounding line" }, "geometry": { "type": "LineString", "coordinates": [ [ 162.688391090729993, -75.030164144957865 ], [ 162.70364329998651, -75.027989772864245 ] ] } },
{ "type": "Feature", "properties": { "surface": "grounding line" }, "geometry": { "type": "LineString", "coordinates": [ [ 162.719932845825753, -75.027893526276017 ], [ 162.748914020806978, -75.022624485385776 ] ] } },
{ "type": "Feature", "properties": { "surface": "grounding line" }, "geometry": { "type": "LineString", "coordinates": [ [ 162.647698225788105, -75.095968001644266 ], [ 162.6663611508896, -75.085785596751535 ] ] } },
{ "type": "Feature", "properties": { "surface": "grounding line" }, "geometry": { "type": "LineString", "coordinates": [ [ 162.668677190621167, -75.082959729552385 ], [ 162.669501507541213, -75.08208731362383 ] ] } },
{ "type": "Feature", "properties": { "surface": "grounding line" }, "geometry": { "type": "LineString", "coordinates": [ [ 162.672456758749405, -75.078808395441428 ], [ 162.678225579589878, -75.070675621425295 ] ] } },
{ "type": "Feature", "properties": { "surface": "grounding line" }, "geometry": { "type": "LineString", "coordinates": [ [ 162.68344822948805, -75.065118682054688 ], [ 162.636835554861761, -75.044045464196643 ] ] } },
{ "type": "Feature", "properties": { "surface": "grounding line" }, "geometry": { "type": "LineString", "coordinates": [ [ 162.753874952858865, -75.022020913206163 ], [ 162.733511810311342, -74.969861055254484 ] ] } },
{ "type": "Feature", "properties": { "surface": "grounding line" }, "geometry": { "type": "LineString", "coordinates": [ [ 169.911515794945188, -72.540995926244975 ], [ 169.903699970442602, -72.537532828682757 ] ] } },
{ "type": "Feature", "properties": { "surface": "grounding line" }, "geometry": { "type": "LineString", "coordinates": [ [ 169.921781540539314, -72.34511012329186 ], [ 169.923486636016605, -72.344537055032177 ] ] } },
{ "type": "Feature", "properties": { "surface": "grounding line" }, "geometry": { "type": "LineString", "coordinates": [ [ 169.301325385282269, -71.4344233014492 ], [ 169.286677886954379, -71.435491796523237 ] ] } },
{ "type": "Feature", "properties": { "surface": "grounding line" }, "geometry": { "type": "LineString", "coordinates": [ [ 169.401635995968007, -71.473608358353729 ], [ 169.455658718461109, -71.468831051504253 ] ] } },
{ "type": "Feature", "properties": { "surface": "grounding line" }, "geometry": { "type": "LineString", "coordinates": [ [ 162.601004976738636, -76.811882351961103 ], [ 162.611845826451855, -76.788918010245354 ] ] } },
{ "type": "Feature", "properties": { "surface": "grounding line" }, "geometry": { "type": "LineString", "coordinates": [ [ 163.562510257057028, -74.387785997102469 ], [ 163.568704362387166, -74.369672622713352 ] ] } },
{ "type": "Feature", "properties": { "surface": "grounding line" }, "geometry": { "type": "LineString", "coordinates": [ [ 167.252670959806125, -73.515874465660062 ], [ 167.213359399155962, -73.489510547969061 ] ] } },
{ "type": "Feature", "properties": { "surface": "grounding line" }, "geometry": { "type": "LineString", "coordinates": [ [ 163.884917413759212, -74.653706638994535 ], [ 163.89818765713062, -74.645371564001081 ] ] } },
{ "type": "Feature", "properties": { "surface": "grounding line" }, "geometry": { "type": "LineString", "coordinates": [ [ 167.203513017011915, -73.486151459018146 ], [ 167.107077389654336, -73.470075322342126 ] ] } },
{ "type": "Feature", "properties": { "surface": "grounding line" }, "geometry": { "type": "LineString", "coordinates": [ [ 164.835587823058802, -74.210599820965825 ], [ 164.963538682250487, -74.235768934798401 ] ] } },
{ "type": "Feature", "properties": { "surface": "grounding line" }, "geometry": { "type": "LineString", "coordinates": [ [ 164.982772419798664, -74.559125188716862 ], [ 164.905751557745162, -74.563111950220829 ] ] } },
{ "type": "Feature", "properties": { "surface": "grounding line" }, "geometry": { "type": "LineString", "coordinates": [ [ 164.738812252377983, -74.568634414227105 ], [ 164.529461597043195, -74.560300366315744 ] ] } },
{ "type": "Feature", "properties": { "surface": "grounding line" }, "geometry": { "type": "LineString", "coordinates": [ [ 163.920167063500372, -74.639641730713748 ], [ 163.941947122102448, -74.637679505044858 ] ] } },
{ "type": "Feature", "properties": { "surface": "grounding line" }, "geometry": { "type": "LineString", "coordinates": [ [ 163.945870251540413, -74.636784003242141 ], [ 163.942141661391702, -74.633572527278133 ] ] } },
{ "type": "Feature", "properties": { "surface": "grounding line" }, "geometry": { "type": "LineString", "coordinates": [ [ 163.530967146312463, -74.430530223439192 ], [ 163.538840921533591, -74.423002174142439 ] ] } },
{ "type": "Feature", "properties": { "surface": "grounding line" }, "geometry": { "type": "LineString", "coordinates": [ [ 167.221950487066096, -78.629229411853061 ], [ 167.225257390364078, -78.632681656309458 ] ] } },
{ "type": "Feature", "properties": { "surface": "grounding line" }, "geometry": { "type": "LineString", "coordinates": [ [ 167.220194896662633, -78.622999596944666 ], [ 167.220807488703798, -78.626195940433973 ] ] } },
{ "type": "Feature", "properties": { "surface": "grounding line" }, "geometry": { "type": "LineString", "coordinates": [ [ 163.542365326734341, -74.412425983842382 ], [ 163.553554401818474, -74.398273744251171 ] ] } },
{ "type": "Feature", "properties": { "surface": "grounding line" }, "geometry": { "type": "LineString", "coordinates": [ [ 167.217079590540322, -78.616950132446846 ], [ 167.219031812601941, -78.619918646532525 ] ] } },
{ "type": "Feature", "properties": { "surface": "grounding line" }, "geometry": { "type": "LineString", "coordinates": [ [ 167.214256751985602, -78.612654807138796 ], [ 167.217079590540322, -78.616950132446846 ] ] } },
{ "type": "Feature", "properties": { "surface": "grounding line" }, "geometry": { "type": "LineString", "coordinates": [ [ 167.212233271845719, -78.609573799205165 ], [ 167.214256751985602, -78.612654807138796 ] ] } },
{ "type": "Feature", "properties": { "surface": "grounding line" }, "geometry": { "type": "LineString", "coordinates": [ [ 167.203124653856321, -78.603518571309877 ], [ 167.208265813757805, -78.606684779735048 ] ] } },
{ "type": "Feature", "properties": { "surface": "grounding line" }, "geometry": { "type": "LineString", "coordinates": [ [ 167.196170728502892, -78.59815458431413 ], [ 167.199392472345096, -78.600350011331912 ] ] } },
{ "type": "Feature", "properties": { "surface": "grounding line" }, "geometry": { "type": "LineString", "coordinates": [ [ 167.164441011144646, -78.578746173241711 ], [ 167.168951819037034, -78.581861377486206 ] ] } },
{ "type": "Feature", "properties": { "surface": "grounding line" }, "geometry": { "type": "LineString", "coordinates": [ [ 167.154316807596615, -78.57174791760643 ], [ 167.158692772112687, -78.574773815338474 ] ] } },
{ "type": "Feature", "properties": { "surface": "grounding line" }, "geometry": { "type": "LineString", "coordinates": [ [ 167.140429822826377, -78.564041596286586 ], [ 167.145436657426927, -78.566643208040233 ] ] } },
{ "type": "Feature", "properties": { "surface": "grounding line" }, "geometry": { "type": "LineString", "coordinates": [ [ 167.132421074243922, -78.558984818623074 ], [ 167.134899650365526, -78.560205565586102 ] ] } },
{ "type": "Feature", "properties": { "surface": "grounding line" }, "geometry": { "type": "LineString", "coordinates": [ [ 167.127739638474281, -78.554974947564929 ], [ 167.132421074243922, -78.558984818623074 ] ] } },
{ "type": "Feature", "properties": { "surface": "grounding line" }, "geometry": { "type": "LineString", "coordinates": [ [ 162.33702305801225, -76.795801226162851 ], [ 162.453457533969868, -76.778670933636619 ] ] } },
{ "type": "Feature", "properties": { "surface": "grounding line" }, "geometry": { "type": "LineString", "coordinates": [ [ 165.716602918411127, -78.350493691556437 ], [ 165.704735759459282, -78.354161928276227 ] ] } },
{ "type": "Feature", "properties": { "surface": "grounding line" }, "geometry": { "type": "LineString", "coordinates": [ [ 164.322280531385672, -78.032835378401387 ], [ 164.322762382145015, -78.033401107529471 ] ] } },
{ "type": "Feature", "properties": { "surface": "grounding line" }, "geometry": { "type": "LineString", "coordinates": [ [ 165.363214583006169, -78.047040885444517 ], [ 165.376055439145574, -78.034928684731142 ] ] } },
{ "type": "Feature", "properties": { "surface": "grounding line" }, "geometry": { "type": "LineString", "coordinates": [ [ 165.408063795084757, -78.020327078361959 ], [ 165.534665932830677, -78.023564030486554 ] ] } },
{ "type": "Feature", "properties": { "surface": "grounding line" }, "geometry": { "type": "LineString", "coordinates": [ [ 165.725331765263462, -78.34827195757488 ], [ 165.679562765272209, -78.270785279926187 ], [ 165.334784716561757, -78.207049747612032 ], [ 165.397332686044933, -78.182314592903111 ] ] } },
{ "type": "Feature", "properties": { "surface": "grounding line" }, "geometry": { "type": "LineString", "coordinates": [ [ 163.833995488829117, -74.675908062468608 ], [ 163.848201898561825, -74.668926433349824 ] ] } },
{ "type": "Feature", "properties": { "surface": "grounding line" }, "geometry": { "type": "LineString", "coordinates": [ [ 163.869717255650812, -74.659156330847736 ], [ 163.876186113909512, -74.65640656701072 ] ] } },
{ "type": "Feature", "properties": { "surface": "grounding line" }, "geometry": { "type": "LineString", "coordinates": [ [ 163.645374861800832, -74.528566921607876 ], [ 163.642328769133456, -74.516024522958531 ] ] } },
{ "type": "Feature", "properties": { "surface": "grounding line" }, "geometry": { "type": "LineString", "coordinates": [ [ 163.642330953688088, -74.51574317920489 ], [ 163.669795018601036, -74.466932869677976 ] ] } },
{ "type": "Feature", "properties": { "surface": "grounding line" }, "geometry": { "type": "LineString", "coordinates": [ [ 163.496303112869185, -74.469576151010784 ], [ 163.498347763196165, -74.461128494943381 ] ] } },
{ "type": "Feature", "properties": { "surface": "grounding line" }, "geometry": { "type": "LineString", "coordinates": [ [ 163.500486281942585, -74.457441461081785 ], [ 163.502792382345291, -74.452591139985628 ] ] } },
{ "type": "Feature", "properties": { "surface": "grounding line" }, "geometry": { "type": "LineString", "coordinates": [ [ 163.521907619358871, -74.440880271892567 ], [ 163.52658761233829, -74.435507614437796 ] ] } },
{ "type": "Feature", "properties": { "surface": "grounding line" }, "geometry": { "type": "LineString", "coordinates": [ [ 169.45839866486628, -71.466666784419587 ], [ 169.458673337555695, -71.466084956471349 ] ] } },
{ "type": "Feature", "properties": { "surface": "grounding line" }, "geometry": { "type": "LineString", "coordinates": [ [ 170.275132845193355, -71.607368637019064 ], [ 170.286110668260704, -71.64090073428099 ] ] } },
{ "type": "Feature", "properties": { "surface": "grounding line" }, "geometry": { "type": "LineString", "coordinates": [ [ 149.744066582860341, -68.40457883775747 ], [ 149.698489078515792, -68.365364011216471 ] ] } },
{ "type": "Feature", "properties": { "surface": "grounding line" }, "geometry": { "type": "LineString", "coordinates": [ [ 149.935087288148651, -68.431261049247297 ], [ 150.270470469128242, -68.433561851028557 ] ] } },
{ "type": "Feature", "properties": { "surface": "grounding line" }, "geometry": { "type": "LineString", "coordinates": [ [ 170.35165936415487, -71.491805388751459 ], [ 170.351563951399953, -71.50216714546616 ] ] } },
{ "type": "Feature", "properties": { "surface": "grounding line" }, "geometry": { "type": "LineString", "coordinates": [ [ 169.915384989673441, -72.344424569597948 ], [ 169.930565390028534, -72.328360005866116 ] ] } },
{ "type": "Feature", "properties": { "surface": "grounding line" }, "geometry": { "type": "LineString", "coordinates": [ [ 169.782193234457253, -72.415807948933505 ], [ 169.641760516645036, -72.393734617319595 ], [ 169.718710635334702, -72.388883726096381 ] ] } },
{ "type": "Feature", "properties": { "surface": "grounding line" }, "geometry": { "type": "LineString", "coordinates": [ [ 169.644076005456526, -73.04082184626472 ], [ 169.647768786984074, -73.039593577222206 ] ] } },
{ "type": "Feature", "properties": { "surface": "grounding line" }, "geometry": { "type": "LineString", "coordinates": [ [ 101.489423453340905, -65.958856579701759 ], [ 101.515909866491029, -65.958457223049052 ] ] } },
{ "type": "Feature", "properties": { "surface": "grounding line" }, "geometry": { "type": "LineString", "coordinates": [ [ 101.551786991036082, -65.959469759795752 ], [ 101.609392249405673, -65.962894203216493 ] ] } },
{ "type": "Feature", "properties": { "surface": "grounding line" }, "geometry": { "type": "LineString", "coordinates": [ [ 164.848397357547924, -74.07650090094161 ], [ 164.828888936250308, -74.076400115839476 ] ] } },
{ "type": "Feature", "properties": { "surface": "grounding line" }, "geometry": { "type": "LineString", "coordinates": [ [ 164.846995518016627, -74.07050068561152 ], [ 164.753032726744237, -74.012164803837024 ] ] } },
{ "type": "Feature", "properties": { "surface": "grounding line" }, "geometry": { "type": "LineString", "coordinates": [ [ 162.731730582581179, -74.970376719752366 ], [ 162.477260092106064, -74.915202602876789 ] ] } },
{ "type": "Feature", "properties": { "surface": "grounding line" }, "geometry": { "type": "LineString", "coordinates": [ [ 162.619783757434192, -75.038406065610204 ], [ 162.625244292854887, -75.032108647360332 ] ] } },
{ "type": "Feature", "properties": { "surface": "grounding line" }, "geometry": { "type": "LineString", "coordinates": [ [ 166.200329025029163, -78.113640459985518 ], [ 166.22430700305182, -78.114943390929227 ] ] } },
{ "type": "Feature", "properties": { "surface": "grounding line" }, "geometry": { "type": "LineString", "coordinates": [ [ 162.6019706965387, -74.853157908218719 ], [ 162.621822292612535, -74.776399864309425 ] ] } },
{ "type": "Feature", "properties": { "surface": "grounding line" }, "geometry": { "type": "LineString", "coordinates": [ [ 99.516502109885252, -65.911888759543714 ], [ 99.505501786672838, -65.90215447758402 ], [ 99.48736739430521, -65.905352269162705 ], [ 99.500341600575496, -65.918537976693628 ], [ 99.516502109885252, -65.911888759543714 ] ] } },
{ "type": "Feature", "properties": { "surface": "grounding line" }, "geometry": { "type": "LineString", "coordinates": [ [ 162.653600621132, -76.821123237659478 ], [ 162.659189085017744, -76.82260979366859 ] ] } },
{ "type": "Feature", "properties": { "surface": "grounding line" }, "geometry": { "type": "LineString", "coordinates": [ [ 162.604863374634306, -76.812518121798419 ], [ 162.623848061173277, -76.81624467097835 ] ] } },
{ "type": "Feature", "properties": { "surface": "grounding line" }, "geometry": { "type": "LineString", "coordinates": [ [ 162.522061841788258, -76.223159217337169 ], [ 162.20970579989131, -76.238832844445781 ] ] } },
{ "type": "Feature", "properties": { "surface": "grounding line" }, "geometry": { "type": "LineString", "coordinates": [ [ 162.460694054100315, -76.778535923287208 ], [ 162.55191398323538, -76.772691566970835 ] ] } },
{ "type": "Feature", "properties": { "surface": "grounding line" }, "geometry": { "type": "LineString", "coordinates": [ [ 162.188687131342846, -76.998154366085359 ], [ 162.071327038062293, -76.9594510446329 ] ] } },
{ "type": "Feature", "properties": { "surface": "grounding line" }, "geometry": { "type": "LineString", "coordinates": [ [ 162.346372056725812, -76.988130154221736 ], [ 162.270070788589607, -76.988188613607349 ] ] } },
{ "type": "Feature", "properties": { "surface": "grounding line" }, "geometry": { "type": "LineString", "coordinates": [ [ 170.022471324827421, -72.564730498766963 ], [ 170.011165601344175, -72.561854132095988 ] ] } },
{ "type": "Feature", "properties": { "surface": "grounding line" }, "geometry": { "type": "LineString", "coordinates": [ [ 169.885638963335566, -72.538607767337211 ], [ 169.88015543568244, -72.539876098470458 ] ] } },
{ "type": "Feature", "properties": { "surface": "grounding line" }, "geometry": { "type": "LineString", "coordinates": [ [ 169.857014539486698, -72.542365035207538 ], [ 169.846531876300674, -72.545014043090546 ] ] } },
{ "type": "Feature", "properties": { "surface": "grounding line" }, "geometry": { "type": "LineString", "coordinates": [ [ 169.839961727071028, -72.547460110498875 ], [ 169.821235645706764, -72.55038963345757 ] ] } },
{ "type": "Feature", "properties": { "surface": "grounding line" }, "geometry": { "type": "LineString", "coordinates": [ [ 164.495666179608975, -78.302064303880854 ], [ 164.722598108016996, -78.310143566818709 ] ] } },
{ "type": "Feature", "properties": { "surface": "grounding line" }, "geometry": { "type": "LineString", "coordinates": [ [ 165.23225535060925, -78.194017692642518 ], [ 165.210909031208757, -78.181763522196078 ] ] } },
{ "type": "Feature", "properties": { "surface": "grounding line" }, "geometry": { "type": "LineString", "coordinates": [ [ 165.683616113357971, -78.361143751543267 ], [ 166.066222883692831, -78.466589220159634 ], [ 167.108478542554423, -78.547047667730965 ] ] } },
{ "type": "Feature", "properties": { "surface": "grounding line" }, "geometry": { "type": "LineString", "coordinates": [ [ 167.227121362538128, -78.660703332852577 ], [ 167.224368965299107, -78.662740192254333 ] ] } },
{ "type": "Feature", "properties": { "surface": "grounding line" }, "geometry": { "type": "LineString", "coordinates": [ [ 167.235523520074253, -78.655356584670997 ], [ 167.233495284654424, -78.656896349657487 ] ] } },
{ "type": "Feature", "properties": { "surface": "grounding line" }, "geometry": { "type": "LineString", "coordinates": [ [ 167.237315057450502, -78.652818920834946 ], [ 167.235523520074253, -78.655356584670997 ] ] } },
{ "type": "Feature", "properties": { "surface": "grounding line" }, "geometry": { "type": "LineString", "coordinates": [ [ 123.117577484874275, -66.738121155900473 ], [ 123.14050953270187, -66.7576370216524 ] ] } },
{ "type": "Feature", "properties": { "surface": "grounding line" }, "geometry": { "type": "LineString", "coordinates": [ [ 123.649056529776345, -66.705816077270256 ], [ 123.680105101859837, -66.691189167406179 ] ] } },
{ "type": "Feature", "properties": { "surface": "grounding line" }, "geometry": { "type": "LineString", "coordinates": [ [ 128.753923651542721, -67.035779162324587 ], [ 128.702712895871002, -67.101104548871774 ] ] } },
{ "type": "Feature", "properties": { "surface": "grounding line" }, "geometry": { "type": "LineString", "coordinates": [ [ 129.238833385706897, -67.012375133348939 ], [ 129.232841502005215, -67.079758770699016 ] ] } },
{ "type": "Feature", "properties": { "surface": "grounding line" }, "geometry": { "type": "LineString", "coordinates": [ [ 132.557737449279387, -66.175147147406975 ], [ 132.410306271800948, -66.203039073614107 ], [ 132.465145856823312, -66.147097175357132 ] ] } },
{ "type": "Feature", "properties": { "surface": "grounding line" }, "geometry": { "type": "LineString", "coordinates": [ [ 130.889307239682608, -66.18473645037308 ], [ 131.028126307622557, -66.198176455690273 ] ] } },
{ "type": "Feature", "properties": { "surface": "grounding line" }, "geometry": { "type": "LineString", "coordinates": [ [ 99.095008187485789, -66.694471329428154 ], [ 99.076789009578363, -66.691909150445355 ], [ 99.065557857023023, -66.700651376503686 ], [ 99.079407684456854, -66.706805228315616 ], [ 99.095008187485789, -66.694471329428154 ] ] } },
{ "type": "Feature", "properties": { "surface": "grounding line" }, "geometry": { "type": "LineString", "coordinates": [ [ 101.666602968427853, -65.971274889454378 ], [ 101.663702277715004, -65.963370753819021 ] ] } },
{ "type": "Feature", "properties": { "surface": "grounding line" }, "geometry": { "type": "LineString", "coordinates": [ [ 100.523722795446304, -66.32513356556376 ], [ 100.476227608228811, -66.319337749651936 ] ] } },
{ "type": "Feature", "properties": { "surface": "grounding line" }, "geometry": { "type": "LineString", "coordinates": [ [ 100.263529601264608, -65.598475028577937 ], [ 100.456195877717519, -65.444320824872818 ], [ 100.67312793245253, -65.391757137558017 ], [ 101.018982671931781, -65.400992575111005 ], [ 101.254581234935628, -65.494130474533108 ] ] } },
{ "type": "Feature", "properties": { "surface": "grounding line" }, "geometry": { "type": "LineString", "coordinates": [ [ 101.255056094194074, -65.548834362817018 ], [ 100.90835828743549, -65.696243382923271 ], [ 100.312874255054339, -65.671165717878964 ] ] } },
{ "type": "Feature", "properties": { "surface": "grounding line" }, "geometry": { "type": "LineString", "coordinates": [ [ 102.850838815336289, -65.23887093097575 ], [ 102.993368254655266, -65.267185508323422 ] ] } },
{ "type": "Feature", "properties": { "surface": "grounding line" }, "geometry": { "type": "LineString", "coordinates": [ [ 121.10596538466605, -66.781555793113327 ], [ 121.121249804074196, -66.832318484653314 ], [ 120.881953728195015, -66.919186946685045 ], [ 120.503658039981019, -66.976956001903474 ], [ 120.519883611980404, -66.880726283086943 ] ] } },
{ "type": "Feature", "properties": { "surface": "grounding line" }, "geometry": { "type": "LineString", "coordinates": [ [ 169.462646076588783, -73.531763021508525 ], [ 169.482729497918911, -73.52991264219007 ] ] } },
{ "type": "Feature", "properties": { "surface": "grounding line" }, "geometry": { "type": "LineString", "coordinates": [ [ 167.426943674596657, -73.523565761964306 ], [ 167.446024074522853, -73.517719329069877 ] ] } },
{ "type": "Feature", "properties": { "surface": "grounding line" }, "geometry": { "type": "LineString", "coordinates": [ [ 168.035234264256331, -73.390108510727416 ], [ 168.083943828840063, -73.391468879625066 ] ] } },
{ "type": "Feature", "properties": { "surface": "grounding line" }, "geometry": { "type": "LineString", "coordinates": [ [ 96.408163660846583, -66.513796202596936 ], [ 96.384033000152797, -66.508206460559762 ], [ 96.369429002709069, -66.515064086823429 ], [ 96.371772621514481, -66.517671700897466 ], [ 96.408163660846583, -66.513796202596936 ] ] } },
{ "type": "Feature", "properties": { "surface": "grounding line" }, "geometry": { "type": "LineString", "coordinates": [ [ 101.61292054175216, -65.963543350552214 ], [ 101.678305947503048, -65.976711101378484 ] ] } },
{ "type": "Feature", "properties": { "surface": "grounding line" }, "geometry": { "type": "LineString", "coordinates": [ [ 97.976975796203931, -66.540936281276515 ], [ 97.997899570153692, -66.539614500513792 ], [ 97.997293565486572, -66.535721728796105 ], [ 97.98343554911952, -66.536327539155707 ], [ 97.976975796203931, -66.540936281276515 ] ] } },
{ "type": "Feature", "properties": { "surface": "grounding line" }, "geometry": { "type": "LineString", "coordinates": [ [ 98.013891326708091, -66.523501848552939 ], [ 98.002325392823536, -66.520045729724586 ], [ 97.993346676501034, -66.526947261598991 ], [ 98.004562584036265, -66.528790795591561 ], [ 98.013891326708091, -66.523501848552939 ] ] } },
{ "type": "Feature", "properties": { "surface": "grounding line" }, "geometry": { "type": "LineString", "coordinates": [ [ 93.716546816820284, -66.616711843613615 ], [ 93.730965816258262, -66.648485598143097 ] ] } },
{ "type": "Feature", "properties": { "surface": "grounding line" }, "geometry": { "type": "LineString", "coordinates": [ [ 101.453346770719932, -66.053483983244789 ], [ 101.585964821475585, -66.019800726663732 ], [ 101.457590498049768, -65.960106872865069 ] ] } },
{ "type": "Feature", "properties": { "surface": "grounding line" }, "geometry": { "type": "LineString", "coordinates": [ [ 107.246688090555693, -66.489186999093121 ], [ 107.282782787677348, -66.491593146336285 ] ] } },
{ "type": "Feature", "properties": { "surface": "grounding line" }, "geometry": { "type": "LineString", "coordinates": [ [ 96.445729376168629, -66.229199715418659 ], [ 96.30236177216797, -66.170524438479859 ], [ 96.46755779778691, -66.047180909568326 ], [ 96.954163538968345, -66.055864873554427 ], [ 97.041051229565284, -66.138687468611607 ], [ 96.974690968859974, -66.200938301589957 ], [ 96.445729376168629, -66.229199715418659 ] ] } },
{ "type": "Feature", "properties": { "surface": "grounding line" }, "geometry": { "type": "LineString", "coordinates": [ [ 97.23281392001654, -66.415907363869422 ], [ 97.069155792539206, -66.406377504694305 ], [ 97.033768754673176, -66.364440456604626 ], [ 97.317786803735018, -66.338428424855792 ], [ 97.428868827956393, -66.42673423149057 ], [ 97.23281392001654, -66.415907363869422 ] ] } },
{ "type": "Feature", "properties": { "surface": "grounding line" }, "geometry": { "type": "LineString", "coordinates": [ [ 97.681114508249578, -66.535553034507757 ], [ 97.671463752430085, -66.534858771866908 ], [ 97.650595270015657, -66.543735465545723 ], [ 97.659835347550299, -66.547164203163334 ], [ 97.681114508249578, -66.535553034507757 ] ] } },
{ "type": "Feature", "properties": { "surface": "grounding line" }, "geometry": { "type": "LineString", "coordinates": [ [ 98.183981942911771, -66.415534350740245 ], [ 98.168249332298558, -66.413601781167145 ], [ 98.158842291199647, -66.420041173002176 ], [ 98.171195427605056, -66.426015893681253 ], [ 98.183981942911771, -66.415534350740245 ] ] } },
{ "type": "Feature", "properties": { "surface": "grounding line" }, "geometry": { "type": "LineString", "coordinates": [ [ 101.748145337363312, -65.769159759203575 ], [ 101.734236255798535, -65.768052127987374 ], [ 101.727037596522337, -65.770115540520564 ], [ 101.740435088184796, -65.774661371012385 ], [ 101.748145337363312, -65.769159759203575 ] ] } },
{ "type": "Feature", "properties": { "surface": "grounding line" }, "geometry": { "type": "LineString", "coordinates": [ [ 101.769880729747726, -65.809751515692355 ], [ 101.752617313381919, -65.809335245236099 ], [ 101.748197379882825, -65.812305382282958 ], [ 101.757730130608991, -65.818001586682271 ], [ 101.769880729747726, -65.809751515692355 ] ] } },
{ "type": "Feature", "properties": { "surface": "grounding line" }, "geometry": { "type": "LineString", "coordinates": [ [ 101.842118158953667, -65.80068367868742 ], [ 101.829225631593346, -65.794092592124898 ], [ 101.819236226891007, -65.796851122195832 ], [ 101.830498160964979, -65.804817049950913 ], [ 101.842118158953667, -65.80068367868742 ] ] } },
{ "type": "Feature", "properties": { "surface": "grounding line" }, "geometry": { "type": "LineString", "coordinates": [ [ 101.778173751590927, -65.768877104119909 ], [ 101.772549634968826, -65.764776424525095 ], [ 101.758129068444376, -65.767316016039331 ], [ 101.765427797042861, -65.773011382092179 ], [ 101.778173751590927, -65.768877104119909 ] ] } },
{ "type": "Feature", "properties": { "surface": "grounding line" }, "geometry": { "type": "LineString", "coordinates": [ [ 101.801047960855513, -65.808767611667889 ], [ 101.783203890799797, -65.80675709516521 ], [ 101.778807429921073, -65.811563428922483 ], [ 101.789439155760817, -65.814966876290569 ], [ 101.801047960855513, -65.808767611667889 ] ] } },
{ "type": "Feature", "properties": { "surface": "grounding line" }, "geometry": { "type": "LineString", "coordinates": [ [ 101.805578577438212, -65.784037014892533 ], [ 101.772196644792558, -65.7838817197635 ], [ 101.761680564196212, -65.787788268718785 ], [ 101.775615612554972, -65.790953951045807 ], [ 101.805578577438212, -65.784037014892533 ] ] } },
{ "type": "Feature", "properties": { "surface": "grounding line" }, "geometry": { "type": "LineString", "coordinates": [ [ 101.871015622320996, -65.798085812687759 ], [ 101.864240900055464, -65.791707935126084 ], [ 101.853187217788218, -65.796542473140065 ], [ 101.853811097001014, -65.801109040805926 ], [ 101.871015622320996, -65.798085812687759 ] ] } },
{ "type": "Feature", "properties": { "surface": "grounding line" }, "geometry": { "type": "LineString", "coordinates": [ [ 101.441397581040817, -65.805753236486026 ], [ 101.428593838603462, -65.8039200914464 ], [ 101.409102638533682, -65.812369632104136 ], [ 101.431923816736287, -65.81420176541549 ], [ 101.441397581040817, -65.805753236486026 ] ] } },
{ "type": "Feature", "properties": { "surface": "grounding line" }, "geometry": { "type": "LineString", "coordinates": [ [ 101.540584829944066, -65.836102342419039 ], [ 101.535004624422101, -65.832223500748611 ], [ 101.51775488371841, -65.839540183870739 ], [ 101.53670825671054, -65.841807148917965 ], [ 101.540584829944066, -65.836102342419039 ] ] } },
{ "type": "Feature", "properties": { "surface": "grounding line" }, "geometry": { "type": "LineString", "coordinates": [ [ 101.617279682598038, -65.887428166507348 ], [ 101.596587969109109, -65.883108715366262 ], [ 101.587126339093473, -65.888825930556038 ], [ 101.597227579605047, -65.897267678840876 ], [ 101.617279682598038, -65.887428166507348 ] ] } },
{ "type": "Feature", "properties": { "surface": "grounding line" }, "geometry": { "type": "LineString", "coordinates": [ [ 101.649049362046227, -65.879396542704157 ], [ 101.63284125914744, -65.875991638573879 ], [ 101.621162634951546, -65.883077880504459 ], [ 101.638473155564299, -65.883979031213769 ], [ 101.649049362046227, -65.879396542704157 ] ] } },
{ "type": "Feature", "properties": { "surface": "grounding line" }, "geometry": { "type": "LineString", "coordinates": [ [ 161.803171939588339, -81.486835122603864 ], [ 161.909771523938247, -81.463559911123895 ], [ 162.037819569039385, -81.48188222794073 ], [ 161.875634054304442, -81.49567277957614 ], [ 161.803171939588339, -81.486835122603864 ] ] } },
{ "type": "Feature", "properties": { "surface": "grounding line" }, "geometry": { "type": "LineString", "coordinates": [ [ 164.982712506914368, -78.253086027254071 ], [ 164.976350041215852, -78.257238169417136 ], [ 164.936049038447607, -78.260260134528878 ], [ 164.96810514151781, -78.249155505563266 ], [ 164.982712506914368, -78.253086027254071 ] ] } },
{ "type": "Feature", "properties": { "surface": "grounding line" }, "geometry": { "type": "LineString", "coordinates": [ [ 108.766059920909356, -66.943217308582575 ], [ 108.860619271070632, -66.970299557401688 ] ] } },
{ "type": "Feature", "properties": { "surface": "grounding line" }, "geometry": { "type": "LineString", "coordinates": [ [ 169.83326542536355, -73.37291359909851 ], [ 169.836470027125699, -73.382653066633623 ] ] } },
{ "type": "Feature", "properties": { "surface": "grounding line" }, "geometry": { "type": "LineString", "coordinates": [ [ 169.719233050793576, -73.331178616054871 ], [ 169.730903263832147, -73.329797868495888 ] ] } },
{ "type": "Feature", "properties": { "surface": "grounding line" }, "geometry": { "type": "LineString", "coordinates": [ [ 169.838756541329047, -72.437947133672608 ], [ 169.815173521922134, -72.435656802754295 ] ] } },
{ "type": "Feature", "properties": { "surface": "grounding line" }, "geometry": { "type": "LineString", "coordinates": [ [ 169.799703478686695, -73.331181373945782 ], [ 169.820218444062164, -73.344938508793803 ] ] } },
{ "type": "Feature", "properties": { "surface": "grounding line" }, "geometry": { "type": "LineString", "coordinates": [ [ 162.556370889303622, -76.84897675291343 ], [ 162.582680190372002, -76.848055104829783 ] ] } },
{ "type": "Feature", "properties": { "surface": "grounding line" }, "geometry": { "type": "LineString", "coordinates": [ [ 140.015231027385767, -66.672922821524111 ], [ 140.011191615175107, -66.675161549524134 ] ] } },
{ "type": "Feature", "properties": { "surface": "grounding line" }, "geometry": { "type": "LineString", "coordinates": [ [ 169.895371937609184, -73.475811753176387 ], [ 169.892785273965558, -73.481325049442788 ] ] } },
{ "type": "Feature", "properties": { "surface": "grounding line" }, "geometry": { "type": "LineString", "coordinates": [ [ 166.494433595701082, -78.154900119762402 ], [ 166.578740841245519, -78.162074873905581 ] ] } },
{ "type": "Feature", "properties": { "surface": "grounding line" }, "geometry": { "type": "LineString", "coordinates": [ [ 169.897441347698901, -73.569913249051268 ], [ 169.897208917197531, -73.573347658133287 ] ] } },
{ "type": "Feature", "properties": { "surface": "grounding line" }, "geometry": { "type": "LineString", "coordinates": [ [ 163.618844896872332, -74.861887252026364 ], [ 163.612253120642578, -74.86470741567851 ] ] } },
{ "type": "Feature", "properties": { "surface": "grounding line" }, "geometry": { "type": "LineString", "coordinates": [ [ 109.173689789036985, -66.891173671335906 ], [ 109.258154059209502, -66.882525157926807 ] ] } },
{ "type": "Feature", "properties": { "surface": "grounding line" }, "geometry": { "type": "LineString", "coordinates": [ [ 166.398440335299057, -78.148862462475165 ], [ 166.473614636713876, -78.151371586157495 ] ] } },
{ "type": "Feature", "properties": { "surface": "grounding line" }, "geometry": { "type": "LineString", "coordinates": [ [ 169.65650250924466, -73.620957819613011 ], [ 169.662811384739655, -73.617686751686136 ] ] } },
{ "type": "Feature", "properties": { "surface": "grounding line" }, "geometry": { "type": "LineString", "coordinates": [ [ 163.6373331078359, -74.918149865456215 ], [ 163.652597935704733, -74.93028598981509 ] ] } },
{ "type": "Feature", "properties": { "surface": "grounding line" }, "geometry": { "type": "LineString", "coordinates": [ [ 166.351182753021334, -78.145289893194374 ], [ 166.372531291801323, -78.147392426464762 ] ] } },
{ "type": "Feature", "properties": { "surface": "grounding line" }, "geometry": { "type": "LineString", "coordinates": [ [ 169.664534477549097, -73.612620258126242 ], [ 169.684656619671301, -73.60395090501585 ] ] } },
{ "type": "Feature", "properties": { "surface": "grounding line" }, "geometry": { "type": "LineString", "coordinates": [ [ 169.31994344675897, -77.463469934738981 ], [ 169.331423642333505, -77.467115388162682 ] ] } },
{ "type": "Feature", "properties": { "surface": "grounding line" }, "geometry": { "type": "LineString", "coordinates": [ [ 169.875406188521737, -73.598563317309967 ], [ 169.866284738646215, -73.618361848694633 ] ] } },
{ "type": "Feature", "properties": { "surface": "grounding line" }, "geometry": { "type": "LineString", "coordinates": [ [ 166.279824744320962, -78.131271563542469 ], [ 166.343664498310176, -78.144627961262088 ] ] } },
{ "type": "Feature", "properties": { "surface": "grounding line" }, "geometry": { "type": "LineString", "coordinates": [ [ 100.470587547367003, -66.30386627882875 ], [ 100.482476905214781, -66.289400159584588 ] ] } },
{ "type": "Feature", "properties": { "surface": "grounding line" }, "geometry": { "type": "LineString", "coordinates": [ [ 169.685691326477126, -73.599133759947534 ], [ 169.673741346542727, -73.590071416977594 ] ] } },
{ "type": "Feature", "properties": { "surface": "grounding line" }, "geometry": { "type": "LineString", "coordinates": [ [ 169.660318530510665, -73.581381331386211 ], [ 169.637800376422462, -73.575861018792352 ] ] } },
{ "type": "Feature", "properties": { "surface": "grounding line" }, "geometry": { "type": "LineString", "coordinates": [ [ 169.631642800357554, -73.573184942687888 ], [ 169.625665339305812, -73.57219659634147 ] ] } },
{ "type": "Feature", "properties": { "surface": "grounding line" }, "geometry": { "type": "LineString", "coordinates": [ [ 169.544616321511512, -73.567237615362743 ], [ 169.522846550427147, -73.573311704940394 ] ] } },
{ "type": "Feature", "properties": { "surface": "grounding line" }, "geometry": { "type": "LineString", "coordinates": [ [ 166.013072689490173, -78.113424591587815 ], [ 166.058847813620474, -78.121250644503675 ] ] } },
{ "type": "Feature", "properties": { "surface": "grounding line" }, "geometry": { "type": "LineString", "coordinates": [ [ 166.063657278311581, -78.119025933154589 ], [ 166.074706168725754, -78.117340127148537 ] ] } },
{ "type": "Feature", "properties": { "surface": "grounding line" }, "geometry": { "type": "LineString", "coordinates": [ [ 169.482882282845765, -73.566370853305216 ], [ 169.469857929715744, -73.544440492783693 ] ] } },
{ "type": "Feature", "properties": { "surface": "grounding line" }, "geometry": { "type": "LineString", "coordinates": [ [ 169.639153461771372, -73.384851223338259 ], [ 169.664917432097866, -73.37713024474553 ] ] } },
{ "type": "Feature", "properties": { "surface": "grounding line" }, "geometry": { "type": "LineString", "coordinates": [ [ 169.767195259312871, -73.326622467767891 ], [ 169.785160755641385, -73.328349806798954 ] ] } },
{ "type": "Feature", "properties": { "surface": "grounding line" }, "geometry": { "type": "LineString", "coordinates": [ [ 169.838383801792361, -73.389403400802465 ], [ 169.871613134931579, -73.446299239854568 ] ] } },
{ "type": "Feature", "properties": { "surface": "grounding line" }, "geometry": { "type": "LineString", "coordinates": [ [ 169.876629157603674, -73.501509022896812 ], [ 169.868830690169062, -73.513192178802427 ] ] } },
{ "type": "Feature", "properties": { "surface": "grounding line" }, "geometry": { "type": "LineString", "coordinates": [ [ 169.857975001040614, -73.52192536435318 ], [ 169.916270614856103, -73.546072033315241 ] ] } },
{ "type": "Feature", "properties": { "surface": "grounding line" }, "geometry": { "type": "LineString", "coordinates": [ [ 163.719357358656197, -74.872560384491592 ], [ 163.628945555556527, -74.841020781517372 ] ] } },
{ "type": "Feature", "properties": { "surface": "grounding line" }, "geometry": { "type": "LineString", "coordinates": [ [ 167.266509553555835, -78.084364589893028 ], [ 167.382960424970094, -78.044355458875842 ] ] } },
{ "type": "Feature", "properties": { "surface": "grounding line" }, "geometry": { "type": "LineString", "coordinates": [ [ 166.350925713819436, -78.288692721281109 ], [ 166.069956012588079, -78.255936712858329 ], [ 166.120309760896845, -78.24509126902737 ] ] } },
{ "type": "Feature", "properties": { "surface": "grounding line" }, "geometry": { "type": "LineString", "coordinates": [ [ 166.143502546294826, -78.241537877396368 ], [ 166.142487282549183, -78.233904557895613 ] ] } },
{ "type": "Feature", "properties": { "surface": "grounding line" }, "geometry": { "type": "LineString", "coordinates": [ [ 163.658890817852125, -74.777185480441943 ], [ 163.633583237773365, -74.798612805474036 ] ] } },
{ "type": "Feature", "properties": { "surface": "grounding line" }, "geometry": { "type": "LineString", "coordinates": [ [ 167.381386772965243, -78.043097144092826 ], [ 167.3971175121969, -78.021325866183176 ] ] } },
{ "type": "Feature", "properties": { "surface": "grounding line" }, "geometry": { "type": "LineString", "coordinates": [ [ 166.138675593072037, -78.232652331921443 ], [ 166.145934156235228, -78.144188193797845 ] ] } },
{ "type": "Feature", "properties": { "surface": "grounding line" }, "geometry": { "type": "LineString", "coordinates": [ [ 166.69619016156804, -78.19336427039444 ], [ 166.74488757425695, -78.199743647071614 ] ] } },
{ "type": "Feature", "properties": { "surface": "grounding line" }, "geometry": { "type": "LineString", "coordinates": [ [ 166.12642021843277, -78.148199616537198 ], [ 166.111267239051585, -78.150770923051596 ] ] } },
{ "type": "Feature", "properties": { "surface": "grounding line" }, "geometry": { "type": "LineString", "coordinates": [ [ 168.22744123746719, -77.670380755799471 ], [ 167.8627069728268, -77.641818347799983 ] ] } },
{ "type": "Feature", "properties": { "surface": "grounding line" }, "geometry": { "type": "LineString", "coordinates": [ [ 166.728363908454696, -78.232597670569405 ], [ 167.197854716165921, -78.116141978620931 ] ] } },
{ "type": "Feature", "properties": { "surface": "grounding line" }, "geometry": { "type": "LineString", "coordinates": [ [ 167.193416056300435, -78.113514781701937 ], [ 167.264541083429634, -78.088064023600523 ] ] } },
{ "type": "Feature", "properties": { "surface": "grounding line" }, "geometry": { "type": "LineString", "coordinates": [ [ 167.806584163006448, -77.643762505587318 ], [ 167.762240796036195, -77.638010205101864 ] ] } },
{ "type": "Feature", "properties": { "surface": "grounding line" }, "geometry": { "type": "LineString", "coordinates": [ [ 167.399350009934381, -78.017481971794254 ], [ 167.557472104221716, -78.023392403999679 ], [ 167.640694396564982, -78.134067356033867 ], [ 167.430059023710839, -78.250502551650172 ], [ 166.350925713819436, -78.288692721281109 ] ] } },
{ "type": "Feature", "properties": { "surface": "grounding line" }, "geometry": { "type": "LineString", "coordinates": [ [ 166.93262801800185, -77.681384487915196 ], [ 166.940113148270314, -77.700237084494049 ] ] } },
{ "type": "Feature", "properties": { "surface": "grounding line" }, "geometry": { "type": "LineString", "coordinates": [ [ 169.489178773081989, -73.528572932238632 ], [ 169.500042244128224, -73.522501153927621 ] ] } },
{ "type": "Feature", "properties": { "surface": "grounding line" }, "geometry": { "type": "LineString", "coordinates": [ [ 163.638669045734815, -74.777812829326862 ], [ 163.644230287628915, -74.776032992076196 ] ] } },
{ "type": "Feature", "properties": { "surface": "grounding line" }, "geometry": { "type": "LineString", "coordinates": [ [ 167.750119893746103, -77.6368229103781 ], [ 167.131548224021572, -77.743126284277494 ] ] } },
{ "type": "Feature", "properties": { "surface": "grounding line" }, "geometry": { "type": "LineString", "coordinates": [ [ 169.379591402487335, -77.525587783150442 ], [ 168.5100219061936, -77.705898896377334 ], [ 168.22744123746719, -77.670380755799471 ] ] } },
{ "type": "Feature", "properties": { "surface": "grounding line" }, "geometry": { "type": "LineString", "coordinates": [ [ 167.131548224021572, -77.743126284277494 ], [ 166.77808481954321, -77.843858071654068 ] ] } },
{ "type": "Feature", "properties": { "surface": "grounding line" }, "geometry": { "type": "LineString", "coordinates": [ [ 164.878064249592427, -74.074050601442664 ], [ 164.86631469176217, -74.07396775195653 ] ] } },
{ "type": "Feature", "properties": { "surface": "grounding line" }, "geometry": { "type": "LineString", "coordinates": [ [ 163.661442779200172, -74.938036684095366 ], [ 163.680544852197897, -74.950789506294669 ] ] } },
{ "type": "Feature", "properties": { "surface": "grounding line" }, "geometry": { "type": "LineString", "coordinates": [ [ 168.981504208989946, -71.335087290604363 ], [ 169.04504254826233, -71.349612158202106 ] ] } },
{ "type": "Feature", "properties": { "surface": "grounding line" }, "geometry": { "type": "LineString", "coordinates": [ [ 146.8029274969158, -67.924468043066526 ], [ 146.715876525561015, -67.928271479299042 ] ] } },
{ "type": "Feature", "properties": { "surface": "grounding line" }, "geometry": { "type": "LineString", "coordinates": [ [ 114.649083884296928, -66.479827139708036 ], [ 114.533323313418606, -66.483305884830344 ] ] } },
{ "type": "Feature", "properties": { "surface": "grounding line" }, "geometry": { "type": "LineString", "coordinates": [ [ 164.831858030821479, -74.142805563075783 ], [ 164.843514147243496, -74.138274879930179 ] ] } },
{ "type": "Feature", "properties": { "surface": "grounding line" }, "geometry": { "type": "LineString", "coordinates": [ [ 164.878595616701176, -74.185071714945281 ], [ 164.857807196547327, -74.167248090799163 ] ] } },
{ "type": "Feature", "properties": { "surface": "grounding line" }, "geometry": { "type": "LineString", "coordinates": [ [ 100.95211441653862, -65.978948777272805 ], [ 101.024376329958415, -65.976713686759425 ] ] } },
{ "type": "Feature", "properties": { "surface": "grounding line" }, "geometry": { "type": "LineString", "coordinates": [ [ 101.230422338748156, -65.978621037978101 ], [ 101.062220193242595, -65.973900332041765 ] ] } },
{ "type": "Feature", "properties": { "surface": "grounding line" }, "geometry": { "type": "LineString", "coordinates": [ [ 142.249986325693015, -66.939994132246639 ], [ 142.342061984537111, -66.964315049076333 ] ] } },
{ "type": "Feature", "properties": { "surface": "grounding line" }, "geometry": { "type": "LineString", "coordinates": [ [ 146.715326208979405, -67.925898254728452 ], [ 146.710866026029038, -67.914841622954668 ] ] } },
{ "type": "Feature", "properties": { "surface": "grounding line" }, "geometry": { "type": "LineString", "coordinates": [ [ 145.193227367246038, -67.551173588165355 ], [ 145.236707615009607, -67.525195265883113 ] ] } },
{ "type": "Feature", "properties": { "surface": "grounding line" }, "geometry": { "type": "LineString", "coordinates": [ [ 169.291323290334219, -77.459629567491206 ], [ 169.305114864947313, -77.460991934072084 ] ] } },
{ "type": "Feature", "properties": { "surface": "grounding line" }, "geometry": { "type": "LineString", "coordinates": [ [ 100.585526064165123, -66.117997530774929 ], [ 100.532575744728945, -66.086727519615522 ], [ 100.619048301102268, -66.042766395947481 ] ] } },
{ "type": "Feature", "properties": { "surface": "grounding line" }, "geometry": { "type": "LineString", "coordinates": [ [ 100.680716813007223, -66.019397207950277 ], [ 100.548612742773216, -66.008521273356706 ], [ 100.892876045023115, -65.984021034635816 ] ] } },
{ "type": "Feature", "properties": { "surface": "grounding line" }, "geometry": { "type": "LineString", "coordinates": [ [ 154.427004292021252, -68.456733490653605 ], [ 154.358488694001068, -68.501493134308959 ], [ 154.338431473840558, -68.442231761029674 ] ] } },
{ "type": "Feature", "properties": { "surface": "grounding line" }, "geometry": { "type": "LineString", "coordinates": [ [ 153.663305976642505, -68.34258440112292 ], [ 153.708758127892196, -68.443138696447775 ], [ 153.872099234776215, -68.488568804391122 ], [ 153.69145406354221, -68.531734312283774 ], [ 153.843682322138022, -68.758555162286129 ], [ 153.523550785161746, -68.79649972315417 ] ] } },
{ "type": "Feature", "properties": { "surface": "grounding line" }, "geometry": { "type": "LineString", "coordinates": [ [ 158.402419462408943, -69.315335173178099 ], [ 158.388900457152459, -69.285145748405668 ] ] } },
{ "type": "Feature", "properties": { "surface": "grounding line" }, "geometry": { "type": "LineString", "coordinates": [ [ 159.237857187740644, -69.432261925214888 ], [ 159.042675169757985, -69.501059469238797 ], [ 158.943008219067082, -69.385088752650674 ] ] } },
{ "type": "Feature", "properties": { "surface": "grounding line" }, "geometry": { "type": "LineString", "coordinates": [ [ 158.479679633769791, -69.348525369164207 ], [ 158.404416818669546, -69.329633707082365 ] ] } },
{ "type": "Feature", "properties": { "surface": "grounding line" }, "geometry": { "type": "LineString", "coordinates": [ [ 155.166310832765674, -68.863920058557369 ], [ 155.052029049491722, -68.895088192596532 ], [ 154.811965376323627, -68.711181175275087 ], [ 154.516351304479059, -68.808419667667891 ], [ 154.603507926036855, -68.713703565480458 ], [ 154.479733495489114, -68.646040701828866 ], [ 154.763216889851066, -68.622988748342266 ] ] } },
{ "type": "Feature", "properties": { "surface": "grounding line" }, "geometry": { "type": "LineString", "coordinates": [ [ 156.933377806000408, -69.177333131979239 ], [ 156.802107161805907, -69.170041221508242 ] ] } },
{ "type": "Feature", "properties": { "surface": "grounding line" }, "geometry": { "type": "LineString", "coordinates": [ [ 155.54199130651341, -68.961301008065291 ], [ 155.623324517641976, -69.094950048863581 ], [ 155.310676510881166, -69.026832775951661 ], [ 155.380135589752086, -68.953815078332923 ] ] } },
{ "type": "Feature", "properties": { "surface": "grounding line" }, "geometry": { "type": "LineString", "coordinates": [ [ 157.490079887538911, -69.266613396604853 ], [ 157.588864874722987, -69.38091040019286 ], [ 157.403366262730458, -69.457427381533847 ], [ 157.154591147375413, -69.153305420431721 ] ] } },
{ "type": "Feature", "properties": { "surface": "grounding line" }, "geometry": { "type": "LineString", "coordinates": [ [ 156.801582942726782, -69.169984347498414 ], [ 156.443599849766485, -69.222584479622284 ], [ 155.949994848840078, -69.098136363471866 ], [ 155.959136345598552, -69.031098117352897 ] ] } },
{ "type": "Feature", "properties": { "surface": "grounding line" }, "geometry": { "type": "LineString", "coordinates": [ [ 159.904024922227535, -69.609108497966687 ], [ 159.576175493634594, -69.59056555717882 ], [ 159.448754886385217, -69.548486692980973 ], [ 159.481010509409316, -69.507973556509583 ] ] } },
{ "type": "Feature", "properties": { "surface": "grounding line" }, "geometry": { "type": "LineString", "coordinates": [ [ 160.137651441463134, -69.720773117143054 ], [ 159.98454135917089, -69.636598127425557 ] ] } },
{ "type": "Feature", "properties": { "surface": "grounding line" }, "geometry": { "type": "LineString", "coordinates": [ [ 153.500794661721955, -68.792934291225237 ], [ 153.193056113018088, -68.764816123199637 ], [ 153.243096052260256, -68.865420006133718 ], [ 152.543903816205187, -68.68058220614023 ], [ 151.919186333898921, -68.644490361049591 ], [ 151.540152186368289, -68.672821800629592 ], [ 151.534145372603376, -68.783140602498918 ], [ 151.16147731973183, -68.734424338140144 ], [ 151.130875049476941, -68.824535985375505 ], [ 150.987761213376359, -68.715992773172445 ], [ 151.065299821029555, -68.572774556545269 ] ] } },
{ "type": "Feature", "properties": { "surface": "grounding line" }, "geometry": { "type": "LineString", "coordinates": [ [ 150.737002507777987, -68.391187226141497 ], [ 150.702125360352909, -68.453579346162101 ], [ 150.322442436759786, -68.439798540169335 ] ] } },
{ "type": "Feature", "properties": { "surface": "grounding line" }, "geometry": { "type": "LineString", "coordinates": [ [ 166.549944766441058, -70.609497425034775 ], [ 166.387947902975327, -70.591075019150566 ] ] } },
{ "type": "Feature", "properties": { "surface": "grounding line" }, "geometry": { "type": "LineString", "coordinates": [ [ 166.315610848331175, -70.595006898180472 ], [ 166.288993615993292, -70.597452159169904 ] ] } },
{ "type": "Feature", "properties": { "surface": "grounding line" }, "geometry": { "type": "LineString", "coordinates": [ [ 166.242574265549138, -70.600125397378505 ], [ 166.231319064067748, -70.602865595897939 ] ] } },
{ "type": "Feature", "properties": { "surface": "grounding line" }, "geometry": { "type": "LineString", "coordinates": [ [ 160.32615984414204, -70.001834800157511 ], [ 160.100333735937937, -69.886822162431088 ], [ 160.348907066345987, -69.849807367873922 ] ] } },
{ "type": "Feature", "properties": { "surface": "grounding line" }, "geometry": { "type": "LineString", "coordinates": [ [ 165.327954289886293, -70.571601975885244 ], [ 165.138577843781889, -70.569689174690737 ] ] } },
{ "type": "Feature", "properties": { "surface": "grounding line" }, "geometry": { "type": "LineString", "coordinates": [ [ 160.65881843996749, -70.103920033079433 ], [ 160.508613493542157, -70.116353331481051 ], [ 160.491320672215977, -70.042618247692857 ] ] } },
{ "type": "Feature", "properties": { "surface": "grounding line" }, "geometry": { "type": "LineString", "coordinates": [ [ 165.135873048840381, -70.568871730524734 ], [ 165.115425639014148, -70.563433968362574 ] ] } },
{ "type": "Feature", "properties": { "surface": "grounding line" }, "geometry": { "type": "LineString", "coordinates": [ [ 166.034332777844952, -70.658959173628077 ], [ 165.955185594322131, -70.681245513469079 ] ] } },
{ "type": "Feature", "properties": { "surface": "grounding line" }, "geometry": { "type": "LineString", "coordinates": [ [ 167.289828853466958, -70.768620684842134 ], [ 167.262891646517829, -70.770046303154047 ] ] } },
{ "type": "Feature", "properties": { "surface": "grounding line" }, "geometry": { "type": "LineString", "coordinates": [ [ 167.174293967086186, -70.76604965165312 ], [ 167.159444648431048, -70.768642011655459 ] ] } },
{ "type": "Feature", "properties": { "surface": "grounding line" }, "geometry": { "type": "LineString", "coordinates": [ [ 167.417645507013162, -70.785013917151957 ], [ 167.405314797133542, -70.788916283793114 ] ] } },
{ "type": "Feature", "properties": { "surface": "grounding line" }, "geometry": { "type": "LineString", "coordinates": [ [ 162.754128031509765, -70.371969193055293 ], [ 162.724620857470143, -70.327365403064377 ] ] } },
{ "type": "Feature", "properties": { "surface": "grounding line" }, "geometry": { "type": "LineString", "coordinates": [ [ 167.150152913271057, -70.767728363885652 ], [ 167.138920215076496, -70.767852309951266 ] ] } },
{ "type": "Feature", "properties": { "surface": "grounding line" }, "geometry": { "type": "LineString", "coordinates": [ [ 164.856095829702014, -70.57969810588132 ], [ 164.480149719142247, -70.522670125276946 ] ] } },
{ "type": "Feature", "properties": { "surface": "grounding line" }, "geometry": { "type": "LineString", "coordinates": [ [ 166.280053725102277, -70.718342721554208 ], [ 166.42136540951401, -70.709066231142785 ] ] } },
{ "type": "Feature", "properties": { "surface": "grounding line" }, "geometry": { "type": "LineString", "coordinates": [ [ 166.413483975448173, -70.730602775959852 ], [ 166.279808013536865, -70.720448420549999 ] ] } },
{ "type": "Feature", "properties": { "surface": "grounding line" }, "geometry": { "type": "LineString", "coordinates": [ [ 166.986005277834209, -70.778239183141892 ], [ 166.94276819681474, -70.778206882626563 ] ] } },
{ "type": "Feature", "properties": { "surface": "grounding line" }, "geometry": { "type": "LineString", "coordinates": [ [ 162.213867020294856, -70.345651498517199 ], [ 162.084297953073929, -70.363674051419693 ] ] } },
{ "type": "Feature", "properties": { "surface": "grounding line" }, "geometry": { "type": "LineString", "coordinates": [ [ 167.804779881875305, -70.845915222843615 ], [ 167.776202581380687, -70.840631754983932 ] ] } },
{ "type": "Feature", "properties": { "surface": "grounding line" }, "geometry": { "type": "LineString", "coordinates": [ [ 164.057784950981585, -70.549209095900096 ], [ 164.189530823186999, -70.660890450029953 ], [ 163.912556181052565, -70.73210507098149 ], [ 163.826554350569893, -70.648261315450668 ] ] } },
{ "type": "Feature", "properties": { "surface": "grounding line" }, "geometry": { "type": "LineString", "coordinates": [ [ 165.815005237732578, -70.723548682429538 ], [ 165.758168819654315, -70.714696301738385 ] ] } },
{ "type": "Feature", "properties": { "surface": "grounding line" }, "geometry": { "type": "LineString", "coordinates": [ [ 162.822886433998065, -70.446323708246751 ], [ 162.716863832812663, -70.424711426845036 ], [ 162.79338083861461, -70.396283424037989 ] ] } },
{ "type": "Feature", "properties": { "surface": "grounding line" }, "geometry": { "type": "LineString", "coordinates": [ [ 166.691232994986308, -70.800895224549677 ], [ 166.582903297233798, -70.789079714566654 ] ] } },
{ "type": "Feature", "properties": { "surface": "grounding line" }, "geometry": { "type": "LineString", "coordinates": [ [ 144.179015276679223, -67.049072822942819 ], [ 144.100981940121585, -67.149538066047199 ], [ 144.046243028330053, -67.083923176199264 ], [ 143.832928585588604, -67.122631486049514 ], [ 143.896008623346631, -67.045019062877827 ] ] } },
{ "type": "Feature", "properties": { "surface": "grounding line" }, "geometry": { "type": "LineString", "coordinates": [ [ 144.625444968085986, -67.179704689489384 ], [ 144.325026841166164, -67.161472017973068 ], [ 144.513430268236476, -67.227057856847978 ], [ 144.430437794028336, -67.345339628971743 ], [ 144.167174064677482, -67.456018139851693 ], [ 144.181753587916091, -67.622799954093068 ], [ 144.298791948869479, -67.596540335119826 ], [ 143.843941547431001, -67.8474780682172 ], [ 144.011664597679641, -67.858511543386768 ], [ 143.932060060364847, -67.922816298037802 ], [ 144.259130310532811, -67.951366246617525 ], [ 144.601806267744251, -67.731702726000464 ], [ 144.914280875055255, -67.739160283149616 ], [ 145.193227367246038, -67.551173588165355 ] ] } },
{ "type": "Feature", "properties": { "surface": "grounding line" }, "geometry": { "type": "LineString", "coordinates": [ [ 149.422496228202249, -68.384445881033329 ], [ 149.869018568673056, -68.45814449123263 ], [ 149.744066582860341, -68.40457883775747 ] ] } },
{ "type": "Feature", "properties": { "surface": "grounding line" }, "geometry": { "type": "LineString", "coordinates": [ [ 143.867857836046937, -66.998606792483528 ], [ 143.865641721972452, -66.987443168500434 ] ] } },
{ "type": "Feature", "properties": { "surface": "grounding line" }, "geometry": { "type": "LineString", "coordinates": [ [ 161.078724086223986, -70.309490311105918 ], [ 161.074060795208482, -70.316948163458719 ] ] } },
{ "type": "Feature", "properties": { "surface": "grounding line" }, "geometry": { "type": "LineString", "coordinates": [ [ 163.013221751283453, -70.527326971998519 ], [ 162.928185635065262, -70.508827164498669 ] ] } },
{ "type": "Feature", "properties": { "surface": "grounding line" }, "geometry": { "type": "LineString", "coordinates": [ [ 161.072900874550186, -70.319544459277736 ], [ 160.90998276593254, -70.228891364882386 ] ] } },
{ "type": "Feature", "properties": { "surface": "grounding line" }, "geometry": { "type": "LineString", "coordinates": [ [ 146.424486090055524, -67.723878803287377 ], [ 146.311924966992791, -67.857897343475869 ], [ 146.096924768968307, -67.746695484793932 ], [ 146.218609825790423, -67.694676462806058 ] ] } },
{ "type": "Feature", "properties": { "surface": "grounding line" }, "geometry": { "type": "LineString", "coordinates": [ [ 149.299948400897108, -68.405138699972753 ], [ 149.206785900095099, -68.458751986616463 ], [ 149.16434280165825, -68.400102593049581 ] ] } },
{ "type": "Feature", "properties": { "surface": "grounding line" }, "geometry": { "type": "LineString", "coordinates": [ [ 145.761034698283936, -67.573920309614721 ], [ 145.660458943600446, -67.737479158100854 ], [ 145.481695157596107, -67.634340712873765 ], [ 145.460226377296522, -67.528550805061712 ] ] } },
{ "type": "Feature", "properties": { "surface": "grounding line" }, "geometry": { "type": "LineString", "coordinates": [ [ 161.999387621265384, -70.449757723785012 ], [ 162.087109996379525, -70.664120107701024 ] ] } },
{ "type": "Feature", "properties": { "surface": "grounding line" }, "geometry": { "type": "LineString", "coordinates": [ [ 167.444365450271789, -70.954415206474863 ], [ 167.78388408496636, -70.947981861191764 ] ] } },
{ "type": "Feature", "properties": { "surface": "grounding line" }, "geometry": { "type": "LineString", "coordinates": [ [ 167.438622031369732, -70.955473832740253 ], [ 167.442484331602714, -70.9547205474354 ] ] } },
{ "type": "Feature", "properties": { "surface": "grounding line" }, "geometry": { "type": "LineString", "coordinates": [ [ 167.387895279311351, -70.964059375561817 ], [ 167.394324141509372, -70.963570769492435 ] ] } },
{ "type": "Feature", "properties": { "surface": "grounding line" }, "geometry": { "type": "LineString", "coordinates": [ [ 167.778502375117654, -71.002057938494744 ], [ 166.998096314871844, -71.009772883712145 ], [ 167.171658542104808, -70.992128812354096 ] ] } },
{ "type": "Feature", "properties": { "surface": "grounding line" }, "geometry": { "type": "LineString", "coordinates": [ [ 163.648750888775766, -70.670196638188585 ], [ 163.574064371509564, -70.667449756415124 ] ] } },
{ "type": "Feature", "properties": { "surface": "grounding line" }, "geometry": { "type": "LineString", "coordinates": [ [ 167.178941910073775, -70.990830251457851 ], [ 167.381609418328111, -70.964399069125918 ] ] } },
{ "type": "Feature", "properties": { "surface": "grounding line" }, "geometry": { "type": "LineString", "coordinates": [ [ 146.700363287727328, -67.915055314605553 ], [ 146.384723980729973, -67.959785987533479 ], [ 146.487215246368862, -67.867822293287603 ] ] } },
{ "type": "Feature", "properties": { "surface": "grounding line" }, "geometry": { "type": "LineString", "coordinates": [ [ 167.978639324019184, -71.071534760990872 ], [ 167.942833199435483, -71.057770135311245 ] ] } },
{ "type": "Feature", "properties": { "surface": "grounding line" }, "geometry": { "type": "LineString", "coordinates": [ [ 148.711949682182706, -68.422592054367442 ], [ 148.406900493020146, -68.474838528962252 ], [ 148.306449419347132, -68.467465543397154 ], [ 148.318339190903572, -68.413484283871924 ] ] } },
{ "type": "Feature", "properties": { "surface": "grounding line" }, "geometry": { "type": "LineString", "coordinates": [ [ 147.039579430201769, -68.037427405812238 ], [ 146.670615061746986, -68.195021237056665 ], [ 146.550649057469485, -68.167613852959747 ], [ 146.861413805595106, -67.958099003360246 ] ] } },
{ "type": "Feature", "properties": { "surface": "grounding line" }, "geometry": { "type": "LineString", "coordinates": [ [ 168.230105389840816, -71.181249958872201 ], [ 167.97595732900092, -71.20357691016828 ] ] } },
{ "type": "Feature", "properties": { "surface": "grounding line" }, "geometry": { "type": "LineString", "coordinates": [ [ 148.206542766846098, -68.405474058467178 ], [ 148.000186755362051, -68.445617702137511 ], [ 147.666183767269388, -68.352066832781475 ], [ 147.25135208596069, -68.414018861070304 ], [ 147.084866355034649, -68.367863175107772 ], [ 147.117181262149728, -68.30788660570316 ], [ 146.801716885555521, -68.28315518757239 ], [ 147.078254658761892, -68.077738272263517 ] ] } },
{ "type": "Feature", "properties": { "surface": "grounding line" }, "geometry": { "type": "LineString", "coordinates": [ [ 162.089063866705089, -70.66853667214761 ], [ 162.092106515159429, -70.671161502587864 ] ] } },
{ "type": "Feature", "properties": { "surface": "grounding line" }, "geometry": { "type": "LineString", "coordinates": [ [ 162.090351719883671, -70.677535131905529 ], [ 162.09718743949864, -70.708942127765653 ] ] } },
{ "type": "Feature", "properties": { "surface": "grounding line" }, "geometry": { "type": "LineString", "coordinates": [ [ 167.970177725081442, -71.20429127092298 ], [ 167.830364294282788, -71.172695179100288 ], [ 168.107266913060272, -71.125189309815269 ] ] } },
{ "type": "Feature", "properties": { "surface": "grounding line" }, "geometry": { "type": "LineString", "coordinates": [ [ 162.09734020634022, -70.711369811878328 ], [ 162.09486904299348, -70.717489795428691 ] ] } },
{ "type": "Feature", "properties": { "surface": "grounding line" }, "geometry": { "type": "LineString", "coordinates": [ [ 168.83698220437563, -71.289484526772455 ], [ 168.694751965398694, -71.246294029313816 ] ] } },
{ "type": "Feature", "properties": { "surface": "grounding line" }, "geometry": { "type": "LineString", "coordinates": [ [ 162.091717558173286, -70.727333868113263 ], [ 162.088218952651317, -70.733536724481084 ] ] } },
{ "type": "Feature", "properties": { "surface": "grounding line" }, "geometry": { "type": "LineString", "coordinates": [ [ 162.088119905335901, -70.733661498907153 ], [ 162.087372135236905, -70.737488677736735 ] ] } },
{ "type": "Feature", "properties": { "surface": "grounding line" }, "geometry": { "type": "LineString", "coordinates": [ [ 162.087216489457489, -70.739035442045306 ], [ 162.092231674243521, -70.753913383229488 ] ] } },
{ "type": "Feature", "properties": { "surface": "grounding line" }, "geometry": { "type": "LineString", "coordinates": [ [ 162.093680297441324, -70.755522279620678 ], [ 162.095216121829992, -70.757705176967221 ] ] } },
{ "type": "Feature", "properties": { "surface": "grounding line" }, "geometry": { "type": "LineString", "coordinates": [ [ 162.105710680064078, -70.769973014236712 ], [ 162.104916059237183, -70.771288130579094 ] ] } },
{ "type": "Feature", "properties": { "surface": "grounding line" }, "geometry": { "type": "LineString", "coordinates": [ [ 162.104945301888108, -70.775208617199411 ], [ 162.175482511702342, -70.826128445817218 ] ] } },
{ "type": "Feature", "properties": { "surface": "grounding line" }, "geometry": { "type": "LineString", "coordinates": [ [ 169.255592768576747, -71.381725501246692 ], [ 169.147966339769738, -71.366048758532287 ] ] } },
{ "type": "Feature", "properties": { "surface": "grounding line" }, "geometry": { "type": "LineString", "coordinates": [ [ 162.179486756173532, -70.827794777939943 ], [ 162.18458852563279, -70.829706240608687 ] ] } },
{ "type": "Feature", "properties": { "surface": "grounding line" }, "geometry": { "type": "LineString", "coordinates": [ [ 162.186645617437819, -70.830359215179968 ], [ 162.394192525278584, -70.995463668123207 ] ] } },
{ "type": "Feature", "properties": { "surface": "grounding line" }, "geometry": { "type": "LineString", "coordinates": [ [ 169.271256351829862, -71.435372304676051 ], [ 169.293823042497195, -71.418513532170522 ] ] } },
{ "type": "Feature", "properties": { "surface": "grounding line" }, "geometry": { "type": "LineString", "coordinates": [ [ 169.319884550638221, -71.459164349120044 ], [ 169.323840818422354, -71.4465156712061 ] ] } },
{ "type": "Feature", "properties": { "surface": "grounding line" }, "geometry": { "type": "LineString", "coordinates": [ [ 170.353058190556339, -71.52526760616577 ], [ 170.349618106977999, -71.544581804584041 ] ] } },
{ "type": "Feature", "properties": { "surface": "grounding line" }, "geometry": { "type": "LineString", "coordinates": [ [ 169.375467665623063, -71.479981101150656 ], [ 169.413572821569915, -71.457154163749436 ] ] } },
{ "type": "Feature", "properties": { "surface": "grounding line" }, "geometry": { "type": "LineString", "coordinates": [ [ 169.711605851610443, -71.507056590404886 ], [ 169.654988739458247, -71.510896833446409 ] ] } },
{ "type": "Feature", "properties": { "surface": "grounding line" }, "geometry": { "type": "LineString", "coordinates": [ [ 141.354474087735696, -66.844644812727253 ], [ 141.357242418800496, -66.843751797109533 ] ] } },
{ "type": "Feature", "properties": { "surface": "grounding line" }, "geometry": { "type": "LineString", "coordinates": [ [ 169.581913403698763, -71.523553574101555 ], [ 169.555890120442569, -71.527836272756446 ] ] } },
{ "type": "Feature", "properties": { "surface": "grounding line" }, "geometry": { "type": "LineString", "coordinates": [ [ 169.550811962987495, -71.528188987943651 ], [ 169.426565475950582, -71.537351717689347 ], [ 169.492740106276187, -71.511105515793886 ] ] } },
{ "type": "Feature", "properties": { "surface": "grounding line" }, "geometry": { "type": "LineString", "coordinates": [ [ 141.060183449767891, -66.78504890129004 ], [ 141.327374998431054, -66.846201892206381 ] ] } },
{ "type": "Feature", "properties": { "surface": "grounding line" }, "geometry": { "type": "LineString", "coordinates": [ [ 170.243560939378085, -71.666835745675158 ], [ 170.262498865982877, -71.674773596358719 ] ] } },
{ "type": "Feature", "properties": { "surface": "grounding line" }, "geometry": { "type": "LineString", "coordinates": [ [ 162.411827256219453, -71.061973604762272 ], [ 162.2933209670812, -71.012862378354029 ], [ 162.271139495035499, -71.076552786649813 ], [ 162.412826073688109, -71.244558207459363 ], [ 161.728803763059034, -71.114870030858853 ], [ 161.588603228101249, -70.886154368058584 ], [ 161.313152568347277, -70.868436368920101 ], [ 161.364747773940877, -70.84655951445373 ], [ 161.253881532755145, -70.771141865333007 ], [ 161.465617028526054, -70.687312014293198 ], [ 161.285402848994124, -70.637822687395627 ], [ 161.2870074369321, -70.522973476617324 ], [ 161.206482633807468, -70.5221941744731 ], [ 161.259895340996849, -70.468232568214162 ], [ 161.10235213590957, -70.397800058257687 ], [ 161.089403627061785, -70.310087986871892 ] ] } },
{ "type": "Feature", "properties": { "surface": "grounding line" }, "geometry": { "type": "LineString", "coordinates": [ [ 170.266830635835134, -71.679031081131768 ], [ 170.194596975606657, -71.677046449263955 ] ] } },
{ "type": "Feature", "properties": { "surface": "grounding line" }, "geometry": { "type": "LineString", "coordinates": [ [ 170.025074244961047, -71.691006182080613 ], [ 169.864646757418797, -71.599802286204579 ] ] } },
{ "type": "Feature", "properties": { "surface": "grounding line" }, "geometry": { "type": "LineString", "coordinates": [ [ 140.394494890896226, -66.735685202874379 ], [ 140.34704824009458, -66.736810689188971 ] ] } },
{ "type": "Feature", "properties": { "surface": "grounding line" }, "geometry": { "type": "LineString", "coordinates": [ [ 140.101265464111833, -66.718777202760364 ], [ 139.849839541218444, -66.763242434277004 ], [ 139.918868936028673, -66.697047153433715 ] ] } },
{ "type": "Feature", "properties": { "surface": "grounding line" }, "geometry": { "type": "LineString", "coordinates": [ [ 139.583530818991903, -66.618645997453058 ], [ 139.481653197508649, -66.602470678711612 ] ] } },
{ "type": "Feature", "properties": { "surface": "grounding line" }, "geometry": { "type": "LineString", "coordinates": [ [ 170.247612455564649, -71.984401825456729 ], [ 170.143058809008096, -71.924452495387087 ], [ 170.392882964670321, -71.902904009864187 ], [ 170.592942366741283, -71.980923842112375 ] ] } },
{ "type": "Feature", "properties": { "surface": "grounding line" }, "geometry": { "type": "LineString", "coordinates": [ [ 170.236760049095437, -71.996184136769187 ], [ 170.247364434238023, -71.98706758892574 ] ] } },
{ "type": "Feature", "properties": { "surface": "grounding line" }, "geometry": { "type": "LineString", "coordinates": [ [ 170.049255374820262, -72.041995470008857 ], [ 170.160366802530149, -72.035166359169594 ] ] } },
{ "type": "Feature", "properties": { "surface": "grounding line" }, "geometry": { "type": "LineString", "coordinates": [ [ 138.32539148664128, -66.542429294860298 ], [ 138.16466940245337, -66.626591814390025 ], [ 138.129400724943054, -66.500930972754844 ] ] } },
{ "type": "Feature", "properties": { "surface": "grounding line" }, "geometry": { "type": "LineString", "coordinates": [ [ 169.731612305863933, -72.123241113677366 ], [ 169.774385002640287, -72.122646179825765 ] ] } },
{ "type": "Feature", "properties": { "surface": "grounding line" }, "geometry": { "type": "LineString", "coordinates": [ [ 169.939708013297206, -72.14548081228871 ], [ 169.882604511771717, -72.067846250908801 ], [ 169.778099564532255, -72.122372377540415 ] ] } },
{ "type": "Feature", "properties": { "surface": "grounding line" }, "geometry": { "type": "LineString", "coordinates": [ [ 137.859172416358206, -66.434680347929302 ], [ 137.649975880005002, -66.376295650959037 ] ] } },
{ "type": "Feature", "properties": { "surface": "grounding line" }, "geometry": { "type": "LineString", "coordinates": [ [ 169.984673793453624, -72.181531051070806 ], [ 169.984355436381492, -72.184061565175796 ] ] } },
{ "type": "Feature", "properties": { "surface": "grounding line" }, "geometry": { "type": "LineString", "coordinates": [ [ 169.77196679721888, -72.181889507363024 ], [ 169.719049534895618, -72.122912178879588 ] ] } },
{ "type": "Feature", "properties": { "surface": "grounding line" }, "geometry": { "type": "LineString", "coordinates": [ [ 169.768259740238562, -72.203859935037713 ], [ 169.781526032271529, -72.198753828087817 ] ] } },
{ "type": "Feature", "properties": { "surface": "grounding line" }, "geometry": { "type": "LineString", "coordinates": [ [ 169.776799208186276, -72.241788533940394 ], [ 169.728163216847321, -72.210063692374831 ] ] } },
{ "type": "Feature", "properties": { "surface": "grounding line" }, "geometry": { "type": "LineString", "coordinates": [ [ 169.718710635334702, -72.388883726096381 ], [ 169.840346643729674, -72.382912084074036 ] ] } },
{ "type": "Feature", "properties": { "surface": "grounding line" }, "geometry": { "type": "LineString", "coordinates": [ [ 170.033663713245517, -72.406201062589716 ], [ 170.001971140758542, -72.448111051319245 ] ] } },
{ "type": "Feature", "properties": { "surface": "grounding line" }, "geometry": { "type": "LineString", "coordinates": [ [ 169.956318344634298, -72.432877739521174 ], [ 169.95669278601747, -72.43425805700717 ] ] } },
{ "type": "Feature", "properties": { "surface": "grounding line" }, "geometry": { "type": "LineString", "coordinates": [ [ 169.777557314024108, -72.424772196882344 ], [ 169.778520118301628, -72.424197766873348 ] ] } },
{ "type": "Feature", "properties": { "surface": "grounding line" }, "geometry": { "type": "LineString", "coordinates": [ [ 169.775417131972517, -72.425452424580854 ], [ 169.776786954917497, -72.425017016759725 ] ] } },
{ "type": "Feature", "properties": { "surface": "grounding line" }, "geometry": { "type": "LineString", "coordinates": [ [ 169.997828177982882, -72.441148035388281 ], [ 169.969687709524806, -72.429877889556636 ] ] } },
{ "type": "Feature", "properties": { "surface": "grounding line" }, "geometry": { "type": "LineString", "coordinates": [ [ 169.778901347329736, -72.432114710217874 ], [ 169.77439991788836, -72.425659009859757 ] ] } },
{ "type": "Feature", "properties": { "surface": "grounding line" }, "geometry": { "type": "LineString", "coordinates": [ [ 169.951832557496829, -72.450826543025769 ], [ 169.709067008374973, -72.486530458619427 ] ] } },
{ "type": "Feature", "properties": { "surface": "grounding line" }, "geometry": { "type": "LineString", "coordinates": [ [ 169.787803850935006, -72.443405454015846 ], [ 169.78277715981821, -72.438478131230212 ] ] } },
{ "type": "Feature", "properties": { "surface": "grounding line" }, "geometry": { "type": "LineString", "coordinates": [ [ 136.655113357057758, -66.402436419309424 ], [ 136.655748065351332, -66.524269917836961 ], [ 136.545877754621529, -66.415595387910784 ] ] } },
{ "type": "Feature", "properties": { "surface": "grounding line" }, "geometry": { "type": "LineString", "coordinates": [ [ 169.70874759032688, -72.486293039098115 ], [ 169.677507935305925, -72.45426181883991 ] ] } },
{ "type": "Feature", "properties": { "surface": "grounding line" }, "geometry": { "type": "LineString", "coordinates": [ [ 136.045759495819084, -66.241702545467604 ], [ 135.663061848088859, -66.274633652205665 ], [ 135.496697602815317, -66.180803150524213 ] ] } },
{ "type": "Feature", "properties": { "surface": "grounding line" }, "geometry": { "type": "LineString", "coordinates": [ [ 169.176293868355998, -72.489107483348775 ], [ 169.414690092296723, -72.456633677290128 ], [ 169.737354980446781, -72.546377646121996 ] ] } },
{ "type": "Feature", "properties": { "surface": "grounding line" }, "geometry": { "type": "LineString", "coordinates": [ [ 135.34639515454279, -66.0989341493854 ], [ 135.163160577298839, -66.303395888397418 ], [ 134.22928800241715, -66.499041044555796 ], [ 134.177250415388784, -66.484243267992284 ], [ 134.485181629315491, -66.298164786907165 ], [ 134.276816913467059, -66.31850528970827 ], [ 134.144905465800207, -66.22395352128504 ] ] } },
{ "type": "Feature", "properties": { "surface": "grounding line" }, "geometry": { "type": "LineString", "coordinates": [ [ 169.372143382392721, -72.611194067961506 ], [ 168.839193748368501, -72.568536701768878 ], [ 168.357499573729712, -72.373762691217195 ], [ 168.730204948080171, -72.363629115237529 ], [ 169.159010335150441, -72.488615332431507 ] ] } },
{ "type": "Feature", "properties": { "surface": "grounding line" }, "geometry": { "type": "LineString", "coordinates": [ [ 169.379410773248168, -72.617287132076001 ], [ 169.376307736587648, -72.614456705293364 ] ] } },
{ "type": "Feature", "properties": { "surface": "grounding line" }, "geometry": { "type": "LineString", "coordinates": [ [ 169.884973517711643, -72.704815853795168 ], [ 169.383675567086527, -72.622144775778949 ] ] } },
{ "type": "Feature", "properties": { "surface": "grounding line" }, "geometry": { "type": "LineString", "coordinates": [ [ 169.635844985518702, -73.019780112321072 ], [ 169.634880649018299, -72.985252792928122 ] ] } },
{ "type": "Feature", "properties": { "surface": "grounding line" }, "geometry": { "type": "LineString", "coordinates": [ [ 169.647768786984074, -73.039593577222206 ], [ 169.651516660153902, -73.033128463367632 ] ] } },
{ "type": "Feature", "properties": { "surface": "grounding line" }, "geometry": { "type": "LineString", "coordinates": [ [ 169.634845539213359, -73.063367257791981 ], [ 169.636625820714613, -73.053360029911119 ] ] } },
{ "type": "Feature", "properties": { "surface": "grounding line" }, "geometry": { "type": "LineString", "coordinates": [ [ 168.96394387821087, -73.119352408159955 ], [ 168.875666890529175, -73.17696328023672 ], [ 168.937092031014316, -73.240498614187942 ] ] } },
{ "type": "Feature", "properties": { "surface": "grounding line" }, "geometry": { "type": "LineString", "coordinates": [ [ 169.247301896838707, -73.135253459361692 ], [ 169.197907663763175, -73.110014965625396 ], [ 169.38918026291654, -73.102955919526565 ] ] } },
{ "type": "Feature", "properties": { "surface": "grounding line" }, "geometry": { "type": "LineString", "coordinates": [ [ 169.211261063231461, -73.13743351424165 ], [ 169.238555054517093, -73.1374262794982 ] ] } },
{ "type": "Feature", "properties": { "surface": "grounding line" }, "geometry": { "type": "LineString", "coordinates": [ [ 169.219132799449881, -73.169734553353649 ], [ 169.132511010247583, -73.167360007965485 ], [ 169.192088205623861, -73.139682007718278 ] ] } },
{ "type": "Feature", "properties": { "surface": "grounding line" }, "geometry": { "type": "LineString", "coordinates": [ [ 168.166638123190893, -73.151777066029723 ], [ 168.408144831736735, -73.156178230204588 ], [ 168.442608412630022, -72.997539217067896 ], [ 168.789459245028922, -73.087169664785165 ], [ 168.717527641148536, -73.116160478037642 ], [ 168.965423344744266, -73.117494245764505 ] ] } },
{ "type": "Feature", "properties": { "surface": "grounding line" }, "geometry": { "type": "LineString", "coordinates": [ [ 168.999771166348324, -73.232994434490934 ], [ 169.023537708987021, -73.2720928660043 ] ] } },
{ "type": "Feature", "properties": { "surface": "grounding line" }, "geometry": { "type": "LineString", "coordinates": [ [ 168.939928832794919, -73.24043355076094 ], [ 168.996733349876052, -73.233208428006193 ] ] } },
{ "type": "Feature", "properties": { "surface": "grounding line" }, "geometry": { "type": "LineString", "coordinates": [ [ 167.261003658895049, -73.155193896831108 ], [ 168.16781614713878, -73.150771035695925 ] ] } },
{ "type": "Feature", "properties": { "surface": "grounding line" }, "geometry": { "type": "LineString", "coordinates": [ [ 167.160847696047227, -73.150452575698736 ], [ 167.181015827298467, -73.151861471394213 ] ] } },
{ "type": "Feature", "properties": { "surface": "grounding line" }, "geometry": { "type": "LineString", "coordinates": [ [ 167.202059347551341, -73.153258366514933 ], [ 167.243601150799236, -73.154445488582041 ] ] } },
{ "type": "Feature", "properties": { "surface": "grounding line" }, "geometry": { "type": "LineString", "coordinates": [ [ 167.135835656746366, -73.148894056460236 ], [ 167.146716422000708, -73.149510912115304 ] ] } },
{ "type": "Feature", "properties": { "surface": "grounding line" }, "geometry": { "type": "LineString", "coordinates": [ [ 167.92136477397753, -73.363648529304385 ], [ 166.859551681528046, -73.245220620005142 ], [ 166.683487542854067, -73.183464190562034 ], [ 166.747621406813209, -73.182421656816231 ], [ 166.703488811192244, -73.133242510597142 ], [ 166.763873056541172, -73.076833707519967 ], [ 166.610138856780509, -72.977632790250226 ], [ 166.90406764729488, -72.981083342435895 ], [ 167.142882231804094, -73.143002262129116 ] ] } },
{ "type": "Feature", "properties": { "surface": "grounding line" }, "geometry": { "type": "LineString", "coordinates": [ [ 167.392654906159436, -73.384020704034796 ], [ 167.433989008194629, -73.397703615986444 ] ] } },
{ "type": "Feature", "properties": { "surface": "grounding line" }, "geometry": { "type": "LineString", "coordinates": [ [ 167.470760120794012, -73.391668458515298 ], [ 167.584202708822801, -73.429745857749069 ] ] } },
{ "type": "Feature", "properties": { "surface": "grounding line" }, "geometry": { "type": "LineString", "coordinates": [ [ 167.43156470750867, -73.399649260554895 ], [ 167.424020092206263, -73.401464415674425 ] ] } },
{ "type": "Feature", "properties": { "surface": "grounding line" }, "geometry": { "type": "LineString", "coordinates": [ [ 167.423161081026763, -73.403777317268961 ], [ 167.469803636461904, -73.39559644796752 ] ] } },
{ "type": "Feature", "properties": { "surface": "grounding line" }, "geometry": { "type": "LineString", "coordinates": [ [ 167.301046023063407, -73.398712661970947 ], [ 167.318958424548526, -73.399189484588476 ] ] } },
{ "type": "Feature", "properties": { "surface": "grounding line" }, "geometry": { "type": "LineString", "coordinates": [ [ 167.33660858293274, -73.402263733373303 ], [ 167.390931041080961, -73.384395766214155 ] ] } },
{ "type": "Feature", "properties": { "surface": "grounding line" }, "geometry": { "type": "LineString", "coordinates": [ [ 167.74600117500799, -73.431315352573108 ], [ 167.606690539316418, -73.365594005883182 ], [ 167.834118873784888, -73.379229805081664 ] ] } },
{ "type": "Feature", "properties": { "surface": "grounding line" }, "geometry": { "type": "LineString", "coordinates": [ [ 167.585291027184894, -73.433306545442534 ], [ 167.702452534223738, -73.45004960545387 ] ] } },
{ "type": "Feature", "properties": { "surface": "grounding line" }, "geometry": { "type": "LineString", "coordinates": [ [ 167.272434188574067, -73.44931535567558 ], [ 167.228456901208204, -73.414986254051954 ], [ 167.290001957553784, -73.398930385366199 ] ] } },
{ "type": "Feature", "properties": { "surface": "grounding line" }, "geometry": { "type": "LineString", "coordinates": [ [ 167.242169528047896, -73.453115064281477 ], [ 167.248469504983632, -73.452282852849578 ] ] } },
{ "type": "Feature", "properties": { "surface": "grounding line" }, "geometry": { "type": "LineString", "coordinates": [ [ 167.096771557465388, -73.470089623507135 ], [ 167.100066460331163, -73.468670042228197 ] ] } },
{ "type": "Feature", "properties": { "surface": "grounding line" }, "geometry": { "type": "LineString", "coordinates": [ [ 167.390474415426468, -73.522094247780558 ], [ 167.441664646378371, -73.50831413620503 ], [ 167.232749749039357, -73.454517838519791 ] ] } },
{ "type": "Feature", "properties": { "surface": "grounding line" }, "geometry": { "type": "LineString", "coordinates": [ [ 167.252670959806125, -73.515874465660062 ], [ 167.252570913806863, -73.525259842968936 ] ] } },
{ "type": "Feature", "properties": { "surface": "grounding line" }, "geometry": { "type": "LineString", "coordinates": [ [ 166.810677872517232, -73.494055706455384 ], [ 166.769518047351454, -73.531850388573886 ], [ 166.839771137232248, -73.590537802733166 ] ] } },
{ "type": "Feature", "properties": { "surface": "grounding line" }, "geometry": { "type": "LineString", "coordinates": [ [ 167.051026363047242, -73.568354925841788 ], [ 167.035935109646374, -73.465844587090956 ], [ 167.094102944128508, -73.470652891210008 ] ] } },
{ "type": "Feature", "properties": { "surface": "grounding line" }, "geometry": { "type": "LineString", "coordinates": [ [ 166.869136715077616, -73.585331338489141 ], [ 167.006941298768339, -73.577227885393071 ] ] } },
{ "type": "Feature", "properties": { "surface": "grounding line" }, "geometry": { "type": "LineString", "coordinates": [ [ 166.632681212793841, -73.58160518197711 ], [ 166.631686166729565, -73.50252688289936 ], [ 166.814182025733629, -73.492068962581016 ] ] } },
{ "type": "Feature", "properties": { "surface": "grounding line" }, "geometry": { "type": "LineString", "coordinates": [ [ 166.46558109403378, -73.586694126855221 ], [ 166.47907319105758, -73.57860797013322 ] ] } },
{ "type": "Feature", "properties": { "surface": "grounding line" }, "geometry": { "type": "LineString", "coordinates": [ [ 166.200811412651035, -73.574218108035311 ], [ 166.197097684644547, -73.491997563055349 ], [ 166.461509503205548, -73.608730986336838 ] ] } },
{ "type": "Feature", "properties": { "surface": "grounding line" }, "geometry": { "type": "LineString", "coordinates": [ [ 166.016063174857294, -73.57099686662329 ], [ 166.192440410235662, -73.573873903748051 ] ] } },
{ "type": "Feature", "properties": { "surface": "grounding line" }, "geometry": { "type": "LineString", "coordinates": [ [ 165.994158763160215, -73.569472289700343 ], [ 166.004330868211326, -73.570216758087611 ] ] } },
{ "type": "Feature", "properties": { "surface": "grounding line" }, "geometry": { "type": "LineString", "coordinates": [ [ 166.005261548219835, -73.57027561308594 ], [ 166.011617000663193, -73.570937719032727 ] ] } },
{ "type": "Feature", "properties": { "surface": "grounding line" }, "geometry": { "type": "LineString", "coordinates": [ [ 165.988683828973592, -73.56954540883315 ], [ 165.990163300223742, -73.569514758479713 ] ] } },
{ "type": "Feature", "properties": { "surface": "grounding line" }, "geometry": { "type": "LineString", "coordinates": [ [ 166.217295846627053, -73.678421313018887 ], [ 165.82485821242426, -73.56840567646519 ], [ 165.983556843198699, -73.569634037150891 ] ] } },
{ "type": "Feature", "properties": { "surface": "grounding line" }, "geometry": { "type": "LineString", "coordinates": [ [ 131.399396660356331, -66.209344091649854 ], [ 131.242793897435945, -66.213942445710799 ] ] } },
{ "type": "Feature", "properties": { "surface": "grounding line" }, "geometry": { "type": "LineString", "coordinates": [ [ 166.176465915555355, -73.690037997333221 ], [ 166.216678631025502, -73.684564896333484 ] ] } },
{ "type": "Feature", "properties": { "surface": "grounding line" }, "geometry": { "type": "LineString", "coordinates": [ [ 166.148984349568678, -73.693552973816253 ], [ 166.166467295719798, -73.691253835546462 ] ] } },
{ "type": "Feature", "properties": { "surface": "grounding line" }, "geometry": { "type": "LineString", "coordinates": [ [ 166.290748513038295, -73.720243997314171 ], [ 166.143211294861601, -73.694529695668649 ] ] } },
{ "type": "Feature", "properties": { "surface": "grounding line" }, "geometry": { "type": "LineString", "coordinates": [ [ 166.160172023853363, -73.756614314469161 ], [ 166.230839299820872, -73.752059173272642 ] ] } },
{ "type": "Feature", "properties": { "surface": "grounding line" }, "geometry": { "type": "LineString", "coordinates": [ [ 130.718434878243841, -66.150995665202828 ], [ 130.474306357552706, -66.254604394458795 ], [ 130.118622352958425, -66.274056078809835 ] ] } },
{ "type": "Feature", "properties": { "surface": "grounding line" }, "geometry": { "type": "LineString", "coordinates": [ [ 165.603362032184521, -73.826968689169931 ], [ 165.624166736458761, -73.797899608266562 ] ] } },
{ "type": "Feature", "properties": { "surface": "grounding line" }, "geometry": { "type": "LineString", "coordinates": [ [ 165.700325669167825, -73.856757211105645 ], [ 165.661108052621813, -73.850470675120789 ] ] } },
{ "type": "Feature", "properties": { "surface": "grounding line" }, "geometry": { "type": "LineString", "coordinates": [ [ 165.47994142975989, -73.895853459010809 ], [ 165.529507672870608, -73.906124151350127 ] ] } },
{ "type": "Feature", "properties": { "surface": "grounding line" }, "geometry": { "type": "LineString", "coordinates": [ [ 165.680034179375326, -73.911085694030675 ], [ 165.684115485215642, -73.912184603364665 ] ] } },
{ "type": "Feature", "properties": { "surface": "grounding line" }, "geometry": { "type": "LineString", "coordinates": [ [ 165.656355559267695, -73.913747913217748 ], [ 165.671441895474004, -73.910895082010967 ] ] } },
{ "type": "Feature", "properties": { "surface": "grounding line" }, "geometry": { "type": "LineString", "coordinates": [ [ 165.535417955310265, -73.907368900711774 ], [ 165.544666313315332, -73.907977331442325 ] ] } },
{ "type": "Feature", "properties": { "surface": "grounding line" }, "geometry": { "type": "LineString", "coordinates": [ [ 165.552462732710865, -73.908812241978254 ], [ 165.571277552548395, -73.90895443165553 ] ] } },
{ "type": "Feature", "properties": { "surface": "grounding line" }, "geometry": { "type": "LineString", "coordinates": [ [ 165.649019677903937, -73.916381353497584 ], [ 165.656060115945081, -73.914137470802459 ] ] } },
{ "type": "Feature", "properties": { "surface": "grounding line" }, "geometry": { "type": "LineString", "coordinates": [ [ 165.609117417821096, -73.914849457284021 ], [ 165.648489911459308, -73.916434295446251 ] ] } },
{ "type": "Feature", "properties": { "surface": "grounding line" }, "geometry": { "type": "LineString", "coordinates": [ [ 165.375405933303853, -73.899235088152324 ], [ 165.469819359271895, -73.891368596382947 ] ] } },
{ "type": "Feature", "properties": { "surface": "grounding line" }, "geometry": { "type": "LineString", "coordinates": [ [ 165.334780888301225, -73.897670650977943 ], [ 165.339819647164148, -73.897721378173713 ] ] } },
{ "type": "Feature", "properties": { "surface": "grounding line" }, "geometry": { "type": "LineString", "coordinates": [ [ 165.348202128580937, -73.898714157487419 ], [ 165.350500956708601, -73.899000104449343 ] ] } },
{ "type": "Feature", "properties": { "surface": "grounding line" }, "geometry": { "type": "LineString", "coordinates": [ [ 164.669840546645105, -73.938865371910637 ], [ 164.728927249250916, -73.952321797731969 ] ] } },
{ "type": "Feature", "properties": { "surface": "grounding line" }, "geometry": { "type": "LineString", "coordinates": [ [ 164.743102707509109, -73.954691968605374 ], [ 164.750539109568109, -73.955429192382113 ] ] } },
{ "type": "Feature", "properties": { "surface": "grounding line" }, "geometry": { "type": "LineString", "coordinates": [ [ 164.805914532818861, -73.959778277031802 ], [ 164.927971779245439, -74.000024863774044 ] ] } },
{ "type": "Feature", "properties": { "surface": "grounding line" }, "geometry": { "type": "LineString", "coordinates": [ [ 164.759665561125985, -73.957493930998936 ], [ 164.803021481236726, -73.958782579955326 ] ] } },
{ "type": "Feature", "properties": { "surface": "grounding line" }, "geometry": { "type": "LineString", "coordinates": [ [ 165.391717558607979, -74.018446186664477 ], [ 164.995460639178674, -73.964151898015444 ], [ 164.734989447513044, -73.782106756370425 ], [ 164.86337726576221, -73.774847708635974 ], [ 164.89259803478501, -73.725423369724382 ], [ 164.798343696835587, -73.726692676270773 ], [ 164.99637254873528, -73.602256387261406 ], [ 165.143427230398686, -73.602563670678563 ], [ 165.27249311114096, -73.744532481745537 ], [ 165.192244610624044, -73.840275980031876 ], [ 165.234388228845972, -73.881956990188129 ] ] } },
{ "type": "Feature", "properties": { "surface": "grounding line" }, "geometry": { "type": "LineString", "coordinates": [ [ 164.936473587123658, -74.003525910325891 ], [ 164.943411288497003, -74.004254610241787 ] ] } },
{ "type": "Feature", "properties": { "surface": "grounding line" }, "geometry": { "type": "LineString", "coordinates": [ [ 164.945916775733792, -74.005456393118791 ], [ 164.956476939449658, -74.008992096013884 ] ] } },
{ "type": "Feature", "properties": { "surface": "grounding line" }, "geometry": { "type": "LineString", "coordinates": [ [ 164.959096820362703, -74.01054112432827 ], [ 164.9815545087869, -74.015301079321787 ] ] } },
{ "type": "Feature", "properties": { "surface": "grounding line" }, "geometry": { "type": "LineString", "coordinates": [ [ 164.997057217970621, -74.017317952352229 ], [ 165.044624031755461, -74.037297191107797 ] ] } },
{ "type": "Feature", "properties": { "surface": "grounding line" }, "geometry": { "type": "LineString", "coordinates": [ [ 164.753032726744237, -74.012164803837024 ], [ 164.601832351740285, -73.959204753428963 ], [ 164.656156188925593, -73.938001671801501 ] ] } },
{ "type": "Feature", "properties": { "surface": "grounding line" }, "geometry": { "type": "LineString", "coordinates": [ [ 165.19346353006793, -74.049864933272602 ], [ 165.216554209817446, -74.049061126833863 ] ] } },
{ "type": "Feature", "properties": { "surface": "grounding line" }, "geometry": { "type": "LineString", "coordinates": [ [ 165.056669914923532, -74.043020174515647 ], [ 165.08419895161154, -74.055709857421888 ] ] } },
{ "type": "Feature", "properties": { "surface": "grounding line" }, "geometry": { "type": "LineString", "coordinates": [ [ 130.047532419923357, -66.303856857398614 ], [ 129.957735566192355, -66.333717834535236 ] ] } },
{ "type": "Feature", "properties": { "surface": "grounding line" }, "geometry": { "type": "LineString", "coordinates": [ [ 164.843449131590688, -74.137950014207391 ], [ 164.824497347818493, -74.11827130344291 ] ] } },
{ "type": "Feature", "properties": { "surface": "grounding line" }, "geometry": { "type": "LineString", "coordinates": [ [ 165.116105367057799, -74.381744801856797 ], [ 165.111526449267444, -74.372880343451968 ] ] } },
{ "type": "Feature", "properties": { "surface": "grounding line" }, "geometry": { "type": "LineString", "coordinates": [ [ 165.321661716902753, -74.47245734729951 ], [ 165.283592204460859, -74.469147255578036 ] ] } },
{ "type": "Feature", "properties": { "surface": "grounding line" }, "geometry": { "type": "LineString", "coordinates": [ [ 165.41357854689312, -74.485309083964893 ], [ 165.390232414277961, -74.483932239613296 ] ] } },
{ "type": "Feature", "properties": { "surface": "grounding line" }, "geometry": { "type": "LineString", "coordinates": [ [ 163.559881033547725, -74.348406935320938 ], [ 163.559846195784701, -74.347721410726848 ] ] } },
{ "type": "Feature", "properties": { "surface": "grounding line" }, "geometry": { "type": "LineString", "coordinates": [ [ 163.560524092755657, -74.350281424953266 ], [ 163.560145175442898, -74.34920308864497 ] ] } },
{ "type": "Feature", "properties": { "surface": "grounding line" }, "geometry": { "type": "LineString", "coordinates": [ [ 163.337700023508035, -74.394206855338552 ], [ 163.561291580022726, -74.352609264700249 ] ] } },
{ "type": "Feature", "properties": { "surface": "grounding line" }, "geometry": { "type": "LineString", "coordinates": [ [ 129.511223439243736, -66.720169608922433 ], [ 129.594675322546522, -66.738562648304537 ], [ 129.524916675825722, -66.771712582219237 ] ] } },
{ "type": "Feature", "properties": { "surface": "grounding line" }, "geometry": { "type": "LineString", "coordinates": [ [ 165.048358122637239, -74.556099369693783 ], [ 165.235569509008286, -74.554261250423721 ] ] } },
{ "type": "Feature", "properties": { "surface": "grounding line" }, "geometry": { "type": "LineString", "coordinates": [ [ 163.510722278289506, -74.47508304467344 ], [ 163.674089994165257, -74.465462536965433 ] ] } },
{ "type": "Feature", "properties": { "surface": "grounding line" }, "geometry": { "type": "LineString", "coordinates": [ [ 163.653523266157777, -74.534182169966812 ], [ 163.660454449154628, -74.545206319313394 ] ] } },
{ "type": "Feature", "properties": { "surface": "grounding line" }, "geometry": { "type": "LineString", "coordinates": [ [ 163.655361705307854, -74.551010141893727 ], [ 163.656643723046699, -74.606955181514778 ] ] } },
{ "type": "Feature", "properties": { "surface": "grounding line" }, "geometry": { "type": "LineString", "coordinates": [ [ 164.260286526272495, -74.624714931103156 ], [ 164.302880690491662, -74.546433870825851 ], [ 164.485096646765044, -74.554635193156912 ] ] } },
{ "type": "Feature", "properties": { "surface": "grounding line" }, "geometry": { "type": "LineString", "coordinates": [ [ 163.986318711182122, -74.621635928981306 ], [ 163.983469925059438, -74.623445475424177 ] ] } },
{ "type": "Feature", "properties": { "surface": "grounding line" }, "geometry": { "type": "LineString", "coordinates": [ [ 163.972120041797609, -74.624341928731923 ], [ 163.941986567621939, -74.633207521005772 ] ] } },
{ "type": "Feature", "properties": { "surface": "grounding line" }, "geometry": { "type": "LineString", "coordinates": [ [ 163.712138061105179, -74.608721141885582 ], [ 163.753019586430185, -74.626492574075201 ] ] } },
{ "type": "Feature", "properties": { "surface": "grounding line" }, "geometry": { "type": "LineString", "coordinates": [ [ 163.699171006826049, -74.612594714026244 ], [ 163.707600970560804, -74.608479887827471 ] ] } },
{ "type": "Feature", "properties": { "surface": "grounding line" }, "geometry": { "type": "LineString", "coordinates": [ [ 163.695545105056226, -74.615066847102284 ], [ 163.698315573721544, -74.613884236128627 ] ] } },
{ "type": "Feature", "properties": { "surface": "grounding line" }, "geometry": { "type": "LineString", "coordinates": [ [ 129.376076251214897, -66.901757529087661 ], [ 129.413937416217209, -66.9646511237531 ], [ 129.305378089485174, -66.999129007809486 ] ] } },
{ "type": "Feature", "properties": { "surface": "grounding line" }, "geometry": { "type": "LineString", "coordinates": [ [ 163.763486069878951, -74.630411423958151 ], [ 163.996936818436041, -74.616988349474624 ] ] } },
{ "type": "Feature", "properties": { "surface": "grounding line" }, "geometry": { "type": "LineString", "coordinates": [ [ 162.956659391906157, -74.609812096290966 ], [ 162.988340321094313, -74.635725844968661 ] ] } },
{ "type": "Feature", "properties": { "surface": "grounding line" }, "geometry": { "type": "LineString", "coordinates": [ [ 162.85209181633266, -74.601582341303484 ], [ 162.880331383466853, -74.610466925118601 ] ] } },
{ "type": "Feature", "properties": { "surface": "grounding line" }, "geometry": { "type": "LineString", "coordinates": [ [ 162.886868304800743, -74.613074716244157 ], [ 162.949650627803436, -74.604632412829474 ] ] } },
{ "type": "Feature", "properties": { "surface": "grounding line" }, "geometry": { "type": "LineString", "coordinates": [ [ 163.806222631041976, -74.686368782861393 ], [ 163.719828145036956, -74.715363914531054 ] ] } },
{ "type": "Feature", "properties": { "surface": "grounding line" }, "geometry": { "type": "LineString", "coordinates": [ [ 162.990102703206787, -74.64562337968573 ], [ 162.996706787204147, -74.650274062485735 ] ] } },
{ "type": "Feature", "properties": { "surface": "grounding line" }, "geometry": { "type": "LineString", "coordinates": [ [ 162.996979159331858, -74.653591322723088 ], [ 162.99612172728996, -74.655476714912126 ] ] } },
{ "type": "Feature", "properties": { "surface": "grounding line" }, "geometry": { "type": "LineString", "coordinates": [ [ 163.00038628811248, -74.657726292647695 ], [ 163.003881473587086, -74.65886177382211 ] ] } },
{ "type": "Feature", "properties": { "surface": "grounding line" }, "geometry": { "type": "LineString", "coordinates": [ [ 163.718621743323098, -74.715616519696042 ], [ 163.712497429009971, -74.716927049836869 ] ] } },
{ "type": "Feature", "properties": { "surface": "grounding line" }, "geometry": { "type": "LineString", "coordinates": [ [ 163.004621126055326, -74.66030531060386 ], [ 163.002888651725755, -74.662613050818706 ] ] } },
{ "type": "Feature", "properties": { "surface": "grounding line" }, "geometry": { "type": "LineString", "coordinates": [ [ 162.998320222994494, -74.664113244082898 ], [ 162.997976093525068, -74.664367110833226 ] ] } },
{ "type": "Feature", "properties": { "surface": "grounding line" }, "geometry": { "type": "LineString", "coordinates": [ [ 163.695485602451612, -74.723424918837651 ], [ 163.726851161765694, -74.779052571401152 ] ] } },
{ "type": "Feature", "properties": { "surface": "grounding line" }, "geometry": { "type": "LineString", "coordinates": [ [ 162.994793126037308, -74.67189440816729 ], [ 162.993227187732373, -74.676145318792521 ] ] } },
{ "type": "Feature", "properties": { "surface": "grounding line" }, "geometry": { "type": "LineString", "coordinates": [ [ 162.818104532117701, -74.668376096581824 ], [ 162.844135840606128, -74.599753855171116 ] ] } },
{ "type": "Feature", "properties": { "surface": "grounding line" }, "geometry": { "type": "LineString", "coordinates": [ [ 162.987034904372479, -74.682651400400147 ], [ 162.986326784575766, -74.685289388867531 ] ] } },
{ "type": "Feature", "properties": { "surface": "grounding line" }, "geometry": { "type": "LineString", "coordinates": [ [ 162.992537181023522, -74.687411627951036 ], [ 163.002939074976126, -74.690682503358261 ] ] } },
{ "type": "Feature", "properties": { "surface": "grounding line" }, "geometry": { "type": "LineString", "coordinates": [ [ 163.00686499219097, -74.692127920321809 ], [ 163.032622208422879, -74.693399499792861 ] ] } },
{ "type": "Feature", "properties": { "surface": "grounding line" }, "geometry": { "type": "LineString", "coordinates": [ [ 163.055184009047082, -74.70642547743941 ], [ 163.293212674198685, -74.681873651193598 ], [ 163.176126691251625, -74.614568704511157 ], [ 163.294540719670607, -74.598152986556002 ], [ 163.20618764088988, -74.448700497933004 ], [ 163.077492443918402, -74.434552690697643 ], [ 163.31788727205776, -74.397977840995367 ] ] } },
{ "type": "Feature", "properties": { "surface": "grounding line" }, "geometry": { "type": "LineString", "coordinates": [ [ 162.790967452108134, -74.696493457579422 ], [ 162.814609051960673, -74.668863871593601 ] ] } },
{ "type": "Feature", "properties": { "surface": "grounding line" }, "geometry": { "type": "LineString", "coordinates": [ [ 163.729548117187278, -74.780760352993951 ], [ 163.736648596272687, -74.784424343579801 ] ] } },
{ "type": "Feature", "properties": { "surface": "grounding line" }, "geometry": { "type": "LineString", "coordinates": [ [ 129.232841502005215, -67.079758770699016 ], [ 129.017401158291079, -67.149772519804273 ], [ 128.850613082412906, -67.043133389309432 ] ] } },
{ "type": "Feature", "properties": { "surface": "grounding line" }, "geometry": { "type": "LineString", "coordinates": [ [ 163.742247148124022, -74.79018698905594 ], [ 163.749089787614395, -74.792572706857769 ] ] } },
{ "type": "Feature", "properties": { "surface": "grounding line" }, "geometry": { "type": "LineString", "coordinates": [ [ 163.753516668357264, -74.795152436283118 ], [ 163.767369964794483, -74.805194365931726 ] ] } },
{ "type": "Feature", "properties": { "surface": "grounding line" }, "geometry": { "type": "LineString", "coordinates": [ [ 162.749013640929178, -74.718057783395864 ], [ 162.790812484210335, -74.696984256426276 ] ] } },
{ "type": "Feature", "properties": { "surface": "grounding line" }, "geometry": { "type": "LineString", "coordinates": [ [ 163.911532247399805, -74.820452034850931 ], [ 163.946898166531611, -74.847347397295579 ] ] } },
{ "type": "Feature", "properties": { "surface": "grounding line" }, "geometry": { "type": "LineString", "coordinates": [ [ 162.722358825332634, -74.731916959883705 ], [ 162.740450815916034, -74.726316572286279 ] ] } },
{ "type": "Feature", "properties": { "surface": "grounding line" }, "geometry": { "type": "LineString", "coordinates": [ [ 163.812973223106781, -74.827858838361479 ], [ 163.826004622962387, -74.83090109906658 ] ] } },
{ "type": "Feature", "properties": { "surface": "grounding line" }, "geometry": { "type": "LineString", "coordinates": [ [ 163.837567990250648, -74.833065400830208 ], [ 163.906991926668439, -74.818791196418388 ] ] } },
{ "type": "Feature", "properties": { "surface": "grounding line" }, "geometry": { "type": "LineString", "coordinates": [ [ 163.923099676562913, -74.861170800967329 ], [ 163.914344055829133, -74.863193738247716 ] ] } },
{ "type": "Feature", "properties": { "surface": "grounding line" }, "geometry": { "type": "LineString", "coordinates": [ [ 163.898845716395215, -74.876571298504189 ], [ 163.898911448956198, -74.87667600947195 ] ] } },
{ "type": "Feature", "properties": { "surface": "grounding line" }, "geometry": { "type": "LineString", "coordinates": [ [ 162.621822292612535, -74.776399864309425 ], [ 162.57605095334111, -74.755742847277787 ], [ 162.698675727955333, -74.73373170650288 ] ] } },
{ "type": "Feature", "properties": { "surface": "grounding line" }, "geometry": { "type": "LineString", "coordinates": [ [ 128.702712895871002, -67.101104548871774 ], [ 128.505856114775696, -67.143151913508902 ], [ 127.947681327871678, -67.035019243610122 ] ] } },
{ "type": "Feature", "properties": { "surface": "grounding line" }, "geometry": { "type": "LineString", "coordinates": [ [ 162.477260092106064, -74.915202602876789 ], [ 162.364279874628863, -74.842344470166296 ], [ 162.582328523141143, -74.856940616348425 ] ] } },
{ "type": "Feature", "properties": { "surface": "grounding line" }, "geometry": { "type": "LineString", "coordinates": [ [ 126.815199630166049, -66.435092170807934 ], [ 126.563809775774729, -66.450878565839517 ], [ 126.539599192124754, -66.385624839456796 ] ] } },
{ "type": "Feature", "properties": { "surface": "grounding line" }, "geometry": { "type": "LineString", "coordinates": [ [ 127.83619686939214, -67.021648328641945 ], [ 127.434357084782732, -67.06897222907682 ], [ 127.23137507846117, -66.966303694266557 ], [ 127.07660413118569, -67.143580516661984 ], [ 127.068611547174527, -66.963492654949405 ], [ 127.003390889233003, -66.941380025996509 ], [ 127.052065834300905, -66.856281920848076 ], [ 126.6506392194471, -66.797675810281916 ], [ 126.67583594110242, -66.711066189923955 ], [ 126.823196399517045, -66.699900314458702 ], [ 126.634129210115205, -66.612736877663238 ], [ 126.831424236631904, -66.48211370128648 ] ] } },
{ "type": "Feature", "properties": { "surface": "grounding line" }, "geometry": { "type": "LineString", "coordinates": [ [ 126.435456355557946, -66.353056501443959 ], [ 126.381016741670777, -66.49672082146148 ], [ 126.109410308303254, -66.442075532024475 ], [ 126.088555565114163, -66.350209529649447 ], [ 125.949815104061756, -66.306051592383071 ] ] } },
{ "type": "Feature", "properties": { "surface": "grounding line" }, "geometry": { "type": "LineString", "coordinates": [ [ 162.660133659279268, -75.169366677298981 ], [ 162.499437969710641, -75.133821666075917 ], [ 162.608153681771711, -75.097169916048429 ] ] } },
{ "type": "Feature", "properties": { "surface": "grounding line" }, "geometry": { "type": "LineString", "coordinates": [ [ 162.518919429327752, -75.24350182809701 ], [ 162.556282698501235, -75.241175503956228 ] ] } },
{ "type": "Feature", "properties": { "surface": "grounding line" }, "geometry": { "type": "LineString", "coordinates": [ [ 161.863740623381744, -75.20897291507309 ], [ 161.875446781700873, -75.214747981267919 ] ] } },
{ "type": "Feature", "properties": { "surface": "grounding line" }, "geometry": { "type": "LineString", "coordinates": [ [ 161.923867671021128, -75.234523994458101 ], [ 161.951581416629466, -75.242287753590986 ] ] } },
{ "type": "Feature", "properties": { "surface": "grounding line" }, "geometry": { "type": "LineString", "coordinates": [ [ 162.326101366588574, -75.268806801850673 ], [ 162.510398715547097, -75.244121364064313 ] ] } },
{ "type": "Feature", "properties": { "surface": "grounding line" }, "geometry": { "type": "LineString", "coordinates": [ [ 162.039268463245094, -75.254381891638587 ], [ 162.134141741691224, -75.263643060894267 ] ] } },
{ "type": "Feature", "properties": { "surface": "grounding line" }, "geometry": { "type": "LineString", "coordinates": [ [ 162.581679659931211, -75.416147190316792 ], [ 162.371313499623881, -75.46249519881772 ], [ 162.268230511355938, -75.390988407259002 ], [ 161.731948248014277, -75.361729379540634 ], [ 160.998149833924401, -75.354039401769484 ], [ 161.040524647476389, -75.393530654575159 ], [ 160.884435926138792, -75.431407637771443 ], [ 160.603670418918114, -75.380346732245343 ], [ 161.809613326783051, -75.189683709069328 ] ] } },
{ "type": "Feature", "properties": { "surface": "grounding line" }, "geometry": { "type": "LineString", "coordinates": [ [ 162.890784090726413, -75.568210359397071 ], [ 162.359754195861996, -75.671791027010698 ], [ 162.199413123237775, -75.636535946313259 ], [ 162.530207987786412, -75.509459858881073 ] ] } },
{ "type": "Feature", "properties": { "surface": "grounding line" }, "geometry": { "type": "LineString", "coordinates": [ [ 162.686279827737565, -75.687950528131694 ], [ 162.81346290635986, -75.6966374422054 ] ] } },
{ "type": "Feature", "properties": { "surface": "grounding line" }, "geometry": { "type": "LineString", "coordinates": [ [ 162.813670739188467, -75.780627961244164 ], [ 162.484972296703177, -75.745022401250935 ], [ 162.675213072554016, -75.687346172147542 ] ] } },
{ "type": "Feature", "properties": { "surface": "grounding line" }, "geometry": { "type": "LineString", "coordinates": [ [ 125.119994888575761, -66.659605303440173 ], [ 124.821430758184874, -66.727796571457787 ] ] } },
{ "type": "Feature", "properties": { "surface": "grounding line" }, "geometry": { "type": "LineString", "coordinates": [ [ 162.591289458375172, -75.898100397278924 ], [ 162.759431859090853, -75.882660438734263 ] ] } },
{ "type": "Feature", "properties": { "surface": "grounding line" }, "geometry": { "type": "LineString", "coordinates": [ [ 162.578330555411242, -75.898902130825363 ], [ 162.585068111524578, -75.898267446639281 ] ] } },
{ "type": "Feature", "properties": { "surface": "grounding line" }, "geometry": { "type": "LineString", "coordinates": [ [ 162.569818432222434, -75.899564695143468 ], [ 162.57312179854253, -75.899361011683737 ] ] } },
{ "type": "Feature", "properties": { "surface": "grounding line" }, "geometry": { "type": "LineString", "coordinates": [ [ 162.560007802596999, -75.900059719475095 ], [ 162.566637043480313, -75.899673286033348 ] ] } },
{ "type": "Feature", "properties": { "surface": "grounding line" }, "geometry": { "type": "LineString", "coordinates": [ [ 162.65393989493262, -75.944387377468317 ], [ 162.4771874496289, -75.909430301663761 ], [ 162.559923894292382, -75.903101325750328 ] ] } },
{ "type": "Feature", "properties": { "surface": "grounding line" }, "geometry": { "type": "LineString", "coordinates": [ [ 124.774134353185474, -66.725509391672333 ], [ 124.327499468843058, -66.734005426765762 ], [ 124.362403173799052, -66.692524111956999 ], [ 124.244901962916515, -66.599233371892254 ], [ 124.00767573106333, -66.587164122825172 ] ] } },
{ "type": "Feature", "properties": { "surface": "grounding line" }, "geometry": { "type": "LineString", "coordinates": [ [ 162.488947896292132, -76.076409146331486 ], [ 162.504649731262845, -76.078595194377129 ] ] } },
{ "type": "Feature", "properties": { "surface": "grounding line" }, "geometry": { "type": "LineString", "coordinates": [ [ 162.370749349265111, -76.091457823905259 ], [ 162.313613395140834, -76.061335763252288 ], [ 162.487639208286396, -76.074839907559678 ] ] } },
{ "type": "Feature", "properties": { "surface": "grounding line" }, "geometry": { "type": "LineString", "coordinates": [ [ 162.20970579989131, -76.238832844445781 ], [ 162.076446090908348, -76.200257425851291 ], [ 162.447428137633665, -76.139100204159945 ] ] } },
{ "type": "Feature", "properties": { "surface": "grounding line" }, "geometry": { "type": "LineString", "coordinates": [ [ 162.78123453690543, -76.392145332723501 ], [ 162.710040747971561, -76.366359663548337 ] ] } },
{ "type": "Feature", "properties": { "surface": "grounding line" }, "geometry": { "type": "LineString", "coordinates": [ [ 123.514021144682715, -66.745383958764577 ], [ 123.626561887898035, -66.712945632569088 ] ] } },
{ "type": "Feature", "properties": { "surface": "grounding line" }, "geometry": { "type": "LineString", "coordinates": [ [ 123.14050953270187, -66.7576370216524 ], [ 123.272978354093482, -66.749629207000879 ] ] } },
{ "type": "Feature", "properties": { "surface": "grounding line" }, "geometry": { "type": "LineString", "coordinates": [ [ 162.649792503104464, -76.651435683867362 ], [ 162.240621196847542, -76.664272730432046 ] ] } },
{ "type": "Feature", "properties": { "surface": "grounding line" }, "geometry": { "type": "LineString", "coordinates": [ [ 162.278316921813428, -76.658162572246198 ], [ 162.718835624623637, -76.544753793112307 ] ] } },
{ "type": "Feature", "properties": { "surface": "grounding line" }, "geometry": { "type": "LineString", "coordinates": [ [ 162.238487120261823, -76.662731353405064 ], [ 162.270087094222191, -76.658122595140469 ] ] } },
{ "type": "Feature", "properties": { "surface": "grounding line" }, "geometry": { "type": "LineString", "coordinates": [ [ 162.555933558900563, -76.772692497678335 ], [ 162.560205915594793, -76.772963646230849 ] ] } },
{ "type": "Feature", "properties": { "surface": "grounding line" }, "geometry": { "type": "LineString", "coordinates": [ [ 122.468020377431301, -66.831421013418165 ], [ 121.929968127762422, -66.91770207514125 ], [ 121.633800440581638, -67.078909733056534 ], [ 118.908941871084963, -67.430632528893838 ], [ 118.893322635242782, -67.350693317741204 ], [ 118.817540457431278, -67.354337480880432 ], [ 118.872525870646029, -67.325892146482474 ], [ 118.736363205816815, -67.279018957154364 ], [ 120.456001735209611, -66.971218768998725 ], [ 120.330812717846996, -66.935018137914014 ], [ 118.667590388919052, -67.191383080731455 ], [ 118.272338086286439, -67.185821896763102 ], [ 118.436582294513158, -67.03077002894014 ], [ 117.797021702891215, -67.072927527798853 ], [ 117.714701967088004, -67.156637051176205 ], [ 117.535888604511655, -67.079830302294951 ], [ 116.727487092960388, -67.132772473436319 ], [ 116.883932591880296, -67.080045357671438 ], [ 116.957071454968911, -66.96104280085251 ], [ 116.880834972447587, -66.944817372869778 ], [ 116.548824473321702, -67.110446249452664 ], [ 116.313238768849089, -67.154753472432589 ], [ 116.221279747287625, -67.089262308538849 ], [ 116.184613711682317, -67.167656190215666 ], [ 115.801128736751025, -67.19103431665458 ], [ 115.432157177212346, -67.321874588454378 ], [ 115.432173316223427, -67.250071654357612 ], [ 115.261828564293481, -67.243422265552766 ], [ 115.163537928349569, -67.283144537548978 ], [ 115.205730471168764, -67.324931082620353 ], [ 114.635793047332299, -67.346587625157127 ], [ 114.037801861811019, -67.490717836644194 ], [ 113.641029383838216, -67.477025735900355 ], [ 113.923919561116605, -67.346095878470976 ], [ 113.828294790833851, -67.328039075739255 ], [ 113.974485926398785, -67.223849936902496 ], [ 115.521072224275514, -66.958280325832447 ], [ 115.777867109623244, -66.793588030494149 ], [ 115.696507817123717, -66.653179323240053 ] ] } },
{ "type": "Feature", "properties": { "surface": "grounding line" }, "geometry": { "type": "LineString", "coordinates": [ [ 162.445059553079432, -76.860211688997026 ], [ 162.518005658882089, -76.8379218865512 ], [ 162.309514655123422, -76.803207167096843 ] ] } },
{ "type": "Feature", "properties": { "surface": "grounding line" }, "geometry": { "type": "LineString", "coordinates": [ [ 162.425495053341677, -76.88430070324695 ], [ 162.345291856533265, -76.863396620041499 ], [ 162.435707138152793, -76.861377737216372 ] ] } },
{ "type": "Feature", "properties": { "surface": "grounding line" }, "geometry": { "type": "LineString", "coordinates": [ [ 162.071327038062293, -76.9594510446329 ], [ 162.139048845964055, -76.952770935734335 ] ] } },
{ "type": "Feature", "properties": { "surface": "grounding line" }, "geometry": { "type": "LineString", "coordinates": [ [ 163.72015905398186, -78.25066746848934 ], [ 164.079759606840042, -78.157450550614584 ] ] } },
{ "type": "Feature", "properties": { "surface": "grounding line" }, "geometry": { "type": "LineString", "coordinates": [ [ 163.845479580241431, -78.26005115711601 ], [ 164.100399375061613, -78.217793920091438 ], [ 164.495666179608975, -78.302064303880854 ] ] } },
{ "type": "Feature", "properties": { "surface": "grounding line" }, "geometry": { "type": "LineString", "coordinates": [ [ 162.10705884883339, -78.751744576313229 ], [ 162.104917630053137, -78.754908329078873 ] ] } },
{ "type": "Feature", "properties": { "surface": "grounding line" }, "geometry": { "type": "LineString", "coordinates": [ [ 162.105657144380928, -78.756314358434793 ], [ 162.454119427446301, -78.879694877107355 ] ] } },
{ "type": "Feature", "properties": { "surface": "grounding line" }, "geometry": { "type": "LineString", "coordinates": [ [ 162.457898854675278, -78.880665849680511 ], [ 162.588074257264054, -78.950460202711199 ] ] } },
{ "type": "Feature", "properties": { "surface": "grounding line" }, "geometry": { "type": "LineString", "coordinates": [ [ 162.59044627296737, -78.95131728872191 ], [ 162.808636545374611, -78.930438589077056 ], [ 163.065213557590909, -78.740403070942307 ], [ 163.924655751264197, -78.73149325304945 ], [ 164.366735092205346, -78.580989947789604 ], [ 165.147528195663085, -78.616188899354825 ], [ 165.770068538852001, -78.546762276680141 ], [ 166.603297407018829, -78.713786327426476 ], [ 167.218611163063201, -78.667371321091707 ] ] } },
{ "type": "Feature", "properties": { "surface": "grounding line" }, "geometry": { "type": "LineString", "coordinates": [ [ 160.889519058021705, -79.054816441542897 ], [ 161.391994525063012, -78.948192577590277 ], [ 161.561317467341723, -79.038983883714565 ], [ 162.052862694226036, -79.070798848597022 ], [ 161.682376654130167, -78.8199089145145 ], [ 161.511631191614015, -78.793016810980035 ], [ 161.547992922697659, -78.743055531758031 ], [ 161.356153218306588, -78.582963985504989 ], [ 161.511909082599232, -78.521291882767741 ], [ 161.745161027343471, -78.552501788393386 ], [ 161.737346557625841, -78.608464135414536 ], [ 162.10689133033992, -78.749843638230516 ] ] } },
{ "type": "Feature", "properties": { "surface": "grounding line" }, "geometry": { "type": "LineString", "coordinates": [ [ 160.45265529819045, -79.220321522733428 ], [ 160.383430521261516, -79.16747309928121 ], [ 160.739635100470821, -79.086498218173006 ], [ 160.692711967367615, -79.038647696479785 ], [ 160.863303324865228, -79.053408437254646 ] ] } },
{ "type": "Feature", "properties": { "surface": "grounding line" }, "geometry": { "type": "LineString", "coordinates": [ [ 160.951519523152967, -79.479829936155426 ], [ 161.048667516258973, -79.466106226378812 ], [ 160.618092365023358, -79.394996423786409 ], [ 160.749678890420171, -79.352773672029613 ], [ 160.435242780026897, -79.307288367520258 ], [ 160.454012981762048, -79.221244596654373 ] ] } },
{ "type": "Feature", "properties": { "surface": "grounding line" }, "geometry": { "type": "LineString", "coordinates": [ [ 115.20473191279882, -66.52498570462501 ], [ 114.649083884296928, -66.479827139708036 ] ] } },
{ "type": "Feature", "properties": { "surface": "grounding line" }, "geometry": { "type": "LineString", "coordinates": [ [ 114.426164563878601, -66.269169411213511 ], [ 114.387034626121789, -66.210867959495772 ] ] } },
{ "type": "Feature", "properties": { "surface": "grounding line" }, "geometry": { "type": "LineString", "coordinates": [ [ 114.215443379052758, -66.127992209766091 ], [ 114.063646942158357, -66.072662326940517 ] ] } },
{ "type": "Feature", "properties": { "surface": "grounding line" }, "geometry": { "type": "LineString", "coordinates": [ [ 114.533323313418606, -66.483305884830344 ], [ 114.294245544065916, -66.504156882928811 ], [ 114.47012393755297, -66.454906378853366 ] ] } },
{ "type": "Feature", "properties": { "surface": "grounding line" }, "geometry": { "type": "LineString", "coordinates": [ [ 114.423673489857904, -66.40768162001504 ], [ 114.352860138099999, -66.306830644240264 ] ] } },
{ "type": "Feature", "properties": { "surface": "grounding line" }, "geometry": { "type": "LineString", "coordinates": [ [ 159.792220966057158, -79.536722363461919 ], [ 159.830126596676195, -79.542888072441514 ] ] } },
{ "type": "Feature", "properties": { "surface": "grounding line" }, "geometry": { "type": "LineString", "coordinates": [ [ 159.842762309629222, -79.544239037786241 ], [ 160.133977546628813, -79.575577166962987 ] ] } },
{ "type": "Feature", "properties": { "surface": "grounding line" }, "geometry": { "type": "LineString", "coordinates": [ [ 160.143155845488707, -79.575590341296873 ], [ 160.537266200260433, -79.454922219407806 ], [ 160.942970296727282, -79.478649960892866 ] ] } },
{ "type": "Feature", "properties": { "surface": "grounding line" }, "geometry": { "type": "LineString", "coordinates": [ [ 159.79214239206371, -79.635161539020515 ], [ 159.649541244856323, -79.542668431801602 ], [ 159.782624652254839, -79.534996682017521 ] ] } },
{ "type": "Feature", "properties": { "surface": "grounding line" }, "geometry": { "type": "LineString", "coordinates": [ [ 159.803427806610586, -79.646083563491032 ], [ 159.797951356033536, -79.63691226733188 ] ] } },
{ "type": "Feature", "properties": { "surface": "grounding line" }, "geometry": { "type": "LineString", "coordinates": [ [ 159.653774298437042, -79.80815034880267 ], [ 160.806095887793333, -79.623287158094513 ], [ 159.803594930116674, -79.646308187913633 ] ] } },
{ "type": "Feature", "properties": { "surface": "grounding line" }, "geometry": { "type": "LineString", "coordinates": [ [ 110.633083356722622, -66.503555094105891 ], [ 110.743164898488416, -66.714057874159025 ], [ 110.350980240704843, -66.646110044600618 ], [ 110.387823613313856, -66.695843805017873 ], [ 110.111953020988409, -66.696025033057225 ], [ 110.192779062629839, -66.738743837885835 ], [ 110.142006919517144, -66.78473027810081 ], [ 109.790367838613733, -66.830846180443686 ], [ 109.846932100711314, -66.856859060003572 ], [ 109.509677115894632, -66.842358526754253 ], [ 109.583056249094142, -66.921980407926867 ], [ 109.350215794122022, -66.869865743828498 ] ] } },
{ "type": "Feature", "properties": { "surface": "grounding line" }, "geometry": { "type": "LineString", "coordinates": [ [ 162.451022029722765, -81.68993791057612 ], [ 161.439479346182395, -81.553875643735012 ], [ 160.992405418437301, -81.584834493411449 ], [ 161.531005922965534, -81.478767490376924 ], [ 160.90651983323059, -81.447465684467161 ], [ 161.126793960947538, -81.384008443286589 ], [ 160.887167097321026, -81.356050087795055 ], [ 160.330910464376103, -81.393151490290293 ], [ 160.41869975395781, -81.314327366003241 ], [ 159.988310366881933, -81.300546942145544 ], [ 159.750474913768159, -81.193330937635068 ], [ 161.108567873370163, -81.239649625306555 ], [ 160.594652251702115, -81.20788109930929 ], [ 160.795243069603998, -81.192385774862601 ], [ 160.542173169829368, -81.115759850512035 ], [ 160.831676581742073, -81.110540273193891 ], [ 160.573659149573587, -81.05305552075049 ], [ 160.872183691035076, -80.916401228617588 ], [ 159.950452035524279, -80.83656368802437 ], [ 161.103805892903779, -80.792954767452528 ], [ 161.006082331158183, -80.75658682652049 ], [ 161.147507237117225, -80.727339346215189 ], [ 161.16841039005476, -80.638288412461293 ], [ 160.225140222659803, -80.68253408932668 ], [ 159.7832820060176, -80.588761563263006 ], [ 160.652378517939979, -80.533900759214873 ], [ 160.584982303666209, -80.470895969710284 ], [ 161.040064510936418, -80.503052046666809 ], [ 160.778574142510195, -80.378833504337194 ], [ 158.090394641686032, -80.411958692467749 ], [ 158.694747207921864, -80.259999516521418 ], [ 160.151079554784673, -80.120939471411106 ], [ 161.421561603394792, -79.890613281694456 ], [ 160.823037367410649, -79.963526542172559 ], [ 160.379801347298411, -79.85930528647296 ], [ 159.530608675280519, -79.930725405210055 ], [ 159.650586263827222, -79.919042709747373 ], [ 159.535465967292708, -79.875463959129419 ], [ 159.632850810963248, -79.826806131923647 ] ] } },
{ "type": "Feature", "properties": { "surface": "grounding line" }, "geometry": { "type": "LineString", "coordinates": [ [ 108.860619271070632, -66.970299557401688 ], [ 109.018502446957214, -66.9541588100833 ], [ 108.956726215596191, -66.875040543479258 ] ] } },
{ "type": "Feature", "properties": { "surface": "grounding line" }, "geometry": { "type": "LineString", "coordinates": [ [ 163.486265979370017, -82.254040855042646 ], [ 163.892043158033914, -82.192121267238107 ], [ 163.101348654095887, -81.99244375747071 ], [ 163.200094342642075, -81.973105578785834 ], [ 162.590447275541152, -81.914302565415426 ], [ 163.062701678684022, -81.868814227213988 ], [ 162.889702966629642, -81.802629132448729 ], [ 162.280733778550655, -81.824555573892852 ], [ 162.607979392803458, -81.755934055482911 ], [ 162.349870719663045, -81.708679689927877 ], [ 162.456424393364017, -81.691064066586321 ] ] } },
{ "type": "Feature", "properties": { "surface": "grounding line" }, "geometry": { "type": "LineString", "coordinates": [ [ 163.425360178167125, -82.254593770106993 ], [ 163.430817192310911, -82.254581383717351 ] ] } },
{ "type": "Feature", "properties": { "surface": "grounding line" }, "geometry": { "type": "LineString", "coordinates": [ [ 163.340408261604978, -82.251815830596712 ], [ 163.415070415352375, -82.254300151035196 ] ] } },
{ "type": "Feature", "properties": { "surface": "grounding line" }, "geometry": { "type": "LineString", "coordinates": [ [ 108.370086849757541, -66.760891027701433 ], [ 108.295665733111278, -66.724964486391656 ] ] } },
{ "type": "Feature", "properties": { "surface": "grounding line" }, "geometry": { "type": "LineString", "coordinates": [ [ 108.122631915594312, -66.612013801878419 ], [ 107.696513312775906, -66.847863775184464 ], [ 107.841913116398345, -66.612731627324962 ] ] } },
{ "type": "Feature", "properties": { "surface": "grounding line" }, "geometry": { "type": "LineString", "coordinates": [ [ 164.467539196634334, -82.373841352332093 ], [ 163.117730573833654, -82.436103766391014 ], [ 163.474975297973572, -82.544343600461431 ], [ 163.379473135664085, -82.560060260462407 ], [ 162.209792012653111, -82.482619095895558 ] ] } },
{ "type": "Feature", "properties": { "surface": "grounding line" }, "geometry": { "type": "LineString", "coordinates": [ [ 162.133396360422353, -82.48571417900466 ], [ 162.045839326648434, -82.490687544551903 ] ] } },
{ "type": "Feature", "properties": { "surface": "grounding line" }, "geometry": { "type": "LineString", "coordinates": [ [ 107.516073645935805, -66.540312318388757 ], [ 107.45295753889674, -66.528644271240637 ] ] } },
{ "type": "Feature", "properties": { "surface": "grounding line" }, "geometry": { "type": "LineString", "coordinates": [ [ 160.611531862749047, -82.425586606032979 ], [ 162.326297875066246, -82.215614249042545 ], [ 161.824934450061875, -82.132117691478896 ], [ 161.917886148863289, -82.103890480692485 ], [ 163.289610368151983, -82.247923952680125 ] ] } },
{ "type": "Feature", "properties": { "surface": "grounding line" }, "geometry": { "type": "LineString", "coordinates": [ [ 161.901925678953234, -82.498571577851166 ], [ 161.779605354552359, -82.503491927375038 ] ] } },
{ "type": "Feature", "properties": { "surface": "grounding line" }, "geometry": { "type": "LineString", "coordinates": [ [ 161.806044127711374, -82.512684629316766 ], [ 161.808639676071778, -82.513228419924971 ] ] } },
{ "type": "Feature", "properties": { "surface": "grounding line" }, "geometry": { "type": "LineString", "coordinates": [ [ 161.813057466218311, -82.515098255631415 ], [ 161.336427031047492, -82.510548936616715 ] ] } },
{ "type": "Feature", "properties": { "surface": "grounding line" }, "geometry": { "type": "LineString", "coordinates": [ [ 161.319203825333744, -82.510946598551641 ], [ 161.297950025828214, -82.512940298705416 ] ] } },
{ "type": "Feature", "properties": { "surface": "grounding line" }, "geometry": { "type": "LineString", "coordinates": [ [ 161.234881268237444, -82.520899463145781 ], [ 161.230181816482911, -82.525772822420635 ] ] } },
{ "type": "Feature", "properties": { "surface": "grounding line" }, "geometry": { "type": "LineString", "coordinates": [ [ 161.230204337351921, -82.525990671917668 ], [ 159.960885124243418, -82.441361186868662 ], [ 160.49292696496525, -82.426880823299555 ] ] } },
{ "type": "Feature", "properties": { "surface": "grounding line" }, "geometry": { "type": "LineString", "coordinates": [ [ 106.766424448071504, -66.457833275925495 ], [ 106.692463480840956, -66.442121196186534 ] ] } },
{ "type": "Feature", "properties": { "surface": "grounding line" }, "geometry": { "type": "LineString", "coordinates": [ [ 106.436795960766759, -66.404836991310361 ], [ 106.329913498748809, -66.393039225220292 ] ] } },
{ "type": "Feature", "properties": { "surface": "grounding line" }, "geometry": { "type": "LineString", "coordinates": [ [ 104.520716716739585, -66.101194916242562 ], [ 104.277484983655683, -66.044162742634256 ] ] } },
{ "type": "Feature", "properties": { "surface": "grounding line" }, "geometry": { "type": "LineString", "coordinates": [ [ 103.892954430492637, -65.975265666023247 ], [ 103.810899393665025, -66.033437661466067 ], [ 103.469623417948071, -65.965523442560269 ] ] } },
{ "type": "Feature", "properties": { "surface": "grounding line" }, "geometry": { "type": "LineString", "coordinates": [ [ 102.491227791393072, -65.898483300921157 ], [ 101.719774302272029, -65.968821717601685 ] ] } },
{ "type": "Feature", "properties": { "surface": "grounding line" }, "geometry": { "type": "LineString", "coordinates": [ [ 100.9229770269, -66.342887385437663 ], [ 100.500559318280992, -66.396249929134527 ], [ 100.551174732881151, -66.460661426397209 ], [ 100.501558187932446, -66.514512018901044 ], [ 100.267423437549922, -66.416420836243461 ], [ 99.940482458426331, -66.490832529351266 ] ] } },
{ "type": "Feature", "properties": { "surface": "grounding line" }, "geometry": { "type": "LineString", "coordinates": [ [ 99.932469556912736, -66.489312621937785 ], [ 99.919081949659144, -66.488607258062331 ] ] } },
{ "type": "Feature", "properties": { "surface": "grounding line" }, "geometry": { "type": "LineString", "coordinates": [ [ 99.910315317691229, -66.491443027029931 ], [ 99.894670978199528, -66.501030550431395 ] ] } },
{ "type": "Feature", "properties": { "surface": "grounding line" }, "geometry": { "type": "LineString", "coordinates": [ [ 99.880480610211393, -66.506614900939795 ], [ 99.598256619092822, -66.643656047490722 ] ] } },
{ "type": "Feature", "properties": { "surface": "grounding line" }, "geometry": { "type": "LineString", "coordinates": [ [ 99.591676979817478, -66.643358298638404 ], [ 99.580942793249534, -66.575351379599539 ], [ 99.504919176225386, -66.61568008133446 ], [ 99.53471194378109, -66.545773295052996 ], [ 99.296009826288156, -66.756663337441736 ], [ 99.013441914456337, -66.691350614515699 ], [ 98.840453920055836, -66.906600750650028 ], [ 98.776079943306357, -66.813365039958441 ], [ 98.855179284104423, -66.70740121823782 ], [ 98.782236746395441, -66.671297802929359 ], [ 99.04565751094573, -66.491986985726072 ], [ 98.612758647795232, -66.604955381542553 ], [ 98.693552293979835, -66.507731860694705 ], [ 98.390445767726575, -66.440011383585571 ] ] } },
{ "type": "Feature", "properties": { "surface": "grounding line" }, "geometry": { "type": "LineString", "coordinates": [ [ 98.331740600913449, -66.446162704070773 ], [ 98.271981893467597, -66.453286933393954 ] ] } },
{ "type": "Feature", "properties": { "surface": "grounding line" }, "geometry": { "type": "LineString", "coordinates": [ [ 98.222017171413427, -66.457545386155303 ], [ 97.835118991861592, -66.563925465504511 ] ] } },
{ "type": "Feature", "properties": { "surface": "grounding line" }, "geometry": { "type": "LineString", "coordinates": [ [ 97.818415174325636, -66.569232162684699 ], [ 97.743565059130688, -66.661243698860289 ], [ 97.662049698353087, -66.559019231328691 ], [ 97.496995233282064, -66.597195464086553 ], [ 97.104377772105707, -66.483205689892969 ], [ 96.590525194413118, -66.618806298466978 ], [ 96.091328785913802, -66.572648967195121 ], [ 95.62996473748683, -66.67738552082524 ], [ 95.29111083884051, -66.53446424737696 ], [ 94.860743205482805, -66.523153488233902 ] ] } },
{ "type": "Feature", "properties": { "surface": "grounding line" }, "geometry": { "type": "LineString", "coordinates": [ [ 93.730965816258262, -66.648485598143097 ], [ 93.747680518725687, -66.728293952326936 ], [ 93.842714941224273, -66.678853026019837 ], [ 94.06130683231487, -66.733732105150949 ], [ 94.15276721468264, -66.667467293769221 ] ] } },
{ "type": "Feature", "properties": { "surface": "grounding line" }, "geometry": { "type": "LineString", "coordinates": [ [ 92.651751712226783, -66.624919478213613 ], [ 92.35084281737123, -66.585783063053967 ] ] } },
{ "type": "Feature", "properties": { "surface": "grounding line" }, "geometry": { "type": "LineString", "coordinates": [ [ 103.415142326315845, -65.95882039963854 ], [ 103.311658866408763, -65.934601190591096 ] ] } },
{ "type": "Feature", "properties": { "surface": "grounding line" }, "geometry": { "type": "LineString", "coordinates": [ [ 103.216043937568742, -65.926329274498258 ], [ 103.047115783121953, -65.889066433604327 ] ] } },
{ "type": "Feature", "properties": { "surface": "grounding line" }, "geometry": { "type": "LineString", "coordinates": [ [ 100.63513946572624, -65.765228271188462 ], [ 100.604423522649739, -65.772933959767002 ], [ 101.041798944535401, -65.832856819124288 ], [ 100.409720335186449, -65.868145515954353 ], [ 100.556486945361954, -65.769903945971237 ], [ 100.63513946572624, -65.765228271188462 ] ] } },
{ "type": "Feature", "properties": { "surface": "grounding line" }, "geometry": { "type": "LineString", "coordinates": [ [ 100.07422396685152, -66.188761302567968 ], [ 100.212070498586613, -66.10322155909769 ], [ 100.354335676895232, -66.154396810838634 ], [ 100.173402466310336, -66.236286890940775 ], [ 100.07422396685152, -66.188761302567968 ] ] } },
{ "type": "Feature", "properties": { "surface": "grounding line" }, "geometry": { "type": "LineString", "coordinates": [ [ 100.211562194386929, -66.073862128118947 ], [ 100.182251275813599, -66.059857339601194 ], [ 100.275707011358747, -66.056772316637307 ], [ 100.263081409577239, -66.063806109307663 ], [ 100.211562194386929, -66.073862128118947 ] ] } },
{ "type": "Feature", "properties": { "surface": "grounding line" }, "geometry": { "type": "LineString", "coordinates": [ [ 100.314927599762541, -66.074728138753557 ], [ 100.301445545596707, -66.075489822942401 ], [ 100.301141948534237, -66.072238593887604 ], [ 100.315887343218407, -66.067875871207661 ], [ 100.314927599762541, -66.074728138753557 ] ] } },
{ "type": "Feature", "properties": { "surface": "grounding line" }, "geometry": { "type": "LineString", "coordinates": [ [ 98.795090778766962, -66.487289688107921 ], [ 98.576849101178311, -66.384618126039726 ], [ 99.059399341084415, -66.413760831978607 ], [ 98.958343821871921, -66.431572249213218 ], [ 98.795090778766962, -66.487289688107921 ] ] } },
{ "type": "Feature", "properties": { "surface": "grounding line" }, "geometry": { "type": "LineString", "coordinates": [ [ 114.458900986622439, -66.450867473193767 ], [ 114.427725150636761, -66.417705020394322 ] ] } },
{ "type": "Feature", "properties": { "surface": "grounding line" }, "geometry": { "type": "LineString", "coordinates": [ [ -72.170811250695351, -70.227255869794661 ], [ -72.1712710296419, -70.228268811099909 ], [ -72.16891977319932, -70.227001708040945 ], [ -72.170811250695351, -70.227255869794661 ] ] } },
{ "type": "Feature", "properties": { "surface": "grounding line" }, "geometry": { "type": "LineString", "coordinates": [ [ -72.195693248877888, -70.249344179286538 ], [ -72.191179579840608, -70.251758826048658 ], [ -72.202786131891415, -70.250081471155667 ], [ -72.199443769055478, -70.249187884053626 ], [ -72.195693248877888, -70.249344179286538 ] ] } },
{ "type": "Feature", "properties": { "surface": "grounding line" }, "geometry": { "type": "LineString", "coordinates": [ [ -72.260731885820348, -70.478715984236572 ], [ -72.254033456780903, -70.480267276436052 ], [ -72.251611280545461, -70.483032646311131 ], [ -72.268932889724567, -70.481663590392728 ], [ -72.260731885820348, -70.478715984236572 ] ] } },
{ "type": "Feature", "properties": { "surface": "grounding line" }, "geometry": { "type": "LineString", "coordinates": [ [ -72.267107485641503, -70.487572197235664 ], [ -72.260037791575115, -70.487871189910564 ], [ -72.255579825632537, -70.488969480354299 ], [ -72.271933965528731, -70.490029458802795 ], [ -72.267107485641503, -70.487572197235664 ] ] } },
{ "type": "Feature", "properties": { "surface": "grounding line" }, "geometry": { "type": "LineString", "coordinates": [ [ -90.107988803740952, -72.829876441184425 ], [ -90.086948294317637, -72.830626994021017 ], [ -90.080943991754523, -72.832405604295786 ], [ -90.098501625081809, -72.835505592988113 ], [ -90.107988803740952, -72.829876441184425 ] ] } },
{ "type": "Feature", "properties": { "surface": "grounding line" }, "geometry": { "type": "LineString", "coordinates": [ [ -90.337366153008489, -73.111512317878848 ], [ -90.298087861149284, -73.13178034437739 ], [ -90.208823048659951, -73.12384461982063 ], [ -90.311159977097262, -73.103978937589702 ], [ -90.337366153008489, -73.111512317878848 ] ] } },
{ "type": "Feature", "properties": { "surface": "grounding line" }, "geometry": { "type": "LineString", "coordinates": [ [ -70.499094893489954, -72.193488037511898 ], [ -70.4990508741393, -72.198745186621679 ], [ -70.516931051444701, -72.198157188308272 ], [ -70.51205771288042, -72.194883793359907 ], [ -70.499094893489954, -72.193488037511898 ] ] } },
{ "type": "Feature", "properties": { "surface": "grounding line" }, "geometry": { "type": "LineString", "coordinates": [ [ -71.498233834072977, -73.22672043617662 ], [ -71.491028442330006, -73.233490954266031 ], [ -71.522979074043931, -73.234449311827944 ], [ -71.519757463682794, -73.227904019907001 ], [ -71.498233834072977, -73.22672043617662 ] ] } },
{ "type": "Feature", "properties": { "surface": "grounding line" }, "geometry": { "type": "LineString", "coordinates": [ [ -73.309621657977885, -73.326740781539826 ], [ -73.300461813400503, -73.328058679758541 ], [ -73.288323288498631, -73.324779114837369 ], [ -73.315740750822215, -73.324713805004876 ], [ -73.309621657977885, -73.326740781539826 ] ] } },
{ "type": "Feature", "properties": { "surface": "grounding line" }, "geometry": { "type": "LineString", "coordinates": [ [ -74.232160019377389, -73.625117621486396 ], [ -74.218065364076509, -73.634736835831276 ], [ -74.186113406720224, -73.636073556810842 ], [ -74.217247669709394, -73.617357810006283 ], [ -74.232160019377389, -73.625117621486396 ] ] } },
{ "type": "Feature", "properties": { "surface": "grounding line" }, "geometry": { "type": "LineString", "coordinates": [ [ -92.269273070557347, -73.115402818746261 ], [ -92.281248975903168, -73.117789201044431 ], [ -92.28664040515018, -73.120451386994716 ], [ -92.256633396159302, -73.117163549497064 ], [ -92.269273070557347, -73.115402818746261 ] ] } },
{ "type": "Feature", "properties": { "surface": "grounding line" }, "geometry": { "type": "LineString", "coordinates": [ [ -92.277462753745468, -73.097407271399661 ], [ -92.26843764892584, -73.104612831986984 ], [ -92.253324909384077, -73.10052298808256 ], [ -92.261927221608772, -73.095432961661928 ], [ -92.277462753745468, -73.097407271399661 ] ] } },
{ "type": "Feature", "properties": { "surface": "grounding line" }, "geometry": { "type": "LineString", "coordinates": [ [ -92.328028603802494, -73.095065938899353 ], [ -92.336045250768635, -73.100493158141788 ], [ -92.315605114848125, -73.097083503534989 ], [ -92.321040229082811, -73.093880180202021 ], [ -92.328028603802494, -73.095065938899353 ] ] } },
{ "type": "Feature", "properties": { "surface": "grounding line" }, "geometry": { "type": "LineString", "coordinates": [ [ -92.387486746243781, -73.077394340916598 ], [ -92.37690120954737, -73.080209100754303 ], [ -92.369866118123866, -73.076722037146084 ], [ -92.380046929163782, -73.074674206965028 ], [ -92.387486746243781, -73.077394340916598 ] ] } },
{ "type": "Feature", "properties": { "surface": "grounding line" }, "geometry": { "type": "LineString", "coordinates": [ [ -92.398396964601375, -73.092202033322835 ], [ -92.393660206063444, -73.097579958400971 ], [ -92.380942927702392, -73.095824758208039 ], [ -92.384970942803747, -73.093051931310868 ], [ -92.398396964601375, -73.092202033322835 ] ] } },
{ "type": "Feature", "properties": { "surface": "grounding line" }, "geometry": { "type": "LineString", "coordinates": [ [ -66.894942223492379, -67.231703849213403 ], [ -66.844255716281424, -67.24633917915051 ] ] } },
{ "type": "Feature", "properties": { "surface": "grounding line" }, "geometry": { "type": "LineString", "coordinates": [ [ -66.801362233332469, -67.263069964380961 ], [ -66.994228861006022, -67.274759314644371 ], [ -66.945684125085577, -67.226394652847532 ] ] } },
{ "type": "Feature", "properties": { "surface": "grounding line" }, "geometry": { "type": "LineString", "coordinates": [ [ -60.174209563395443, -72.26002669550499 ], [ -60.256765775010024, -72.218619457227646 ], [ -60.210337391176935, -72.173456908378057 ] ] } },
{ "type": "Feature", "properties": { "surface": "grounding line" }, "geometry": { "type": "LineString", "coordinates": [ [ -43.567490851442464, -78.885609482352109 ], [ -43.443111755436007, -79.005342535302361 ] ] } },
{ "type": "Feature", "properties": { "surface": "grounding line" }, "geometry": { "type": "LineString", "coordinates": [ [ -71.689006261217472, -73.19136473879864 ], [ -71.794150704526402, -73.192024379965119 ] ] } },
{ "type": "Feature", "properties": { "surface": "grounding line" }, "geometry": { "type": "LineString", "coordinates": [ [ -43.843489609742257, -78.797571453824418 ], [ -43.643405702971229, -78.8443010646331 ] ] } },
{ "type": "Feature", "properties": { "surface": "grounding line" }, "geometry": { "type": "LineString", "coordinates": [ [ -43.643405702971229, -78.8443010646331 ], [ -43.567490851442464, -78.885609482352109 ] ] } },
{ "type": "Feature", "properties": { "surface": "grounding line" }, "geometry": { "type": "LineString", "coordinates": [ [ -59.877178798545899, -80.588055345373036 ], [ -59.934487473806335, -80.665772657638925 ] ] } },
{ "type": "Feature", "properties": { "surface": "grounding line" }, "geometry": { "type": "LineString", "coordinates": [ [ -44.143117462523207, -78.147105265750739 ], [ -43.748160744600902, -78.293052222700979 ], [ -43.723386713565979, -78.379010770180528 ], [ -43.898748778336824, -78.584367771994181 ], [ -44.98729586645689, -78.627529800398761 ], [ -45.355869614431803, -78.68003872217561 ], [ -45.27600171359687, -78.72116624659381 ], [ -45.382634350407336, -78.777843014743496 ], [ -43.843489609742257, -78.797571453824418 ] ] } },
{ "type": "Feature", "properties": { "surface": "grounding line" }, "geometry": { "type": "LineString", "coordinates": [ [ -43.245974658918264, -79.280989415918967 ], [ -42.994427519842887, -79.439624151349136 ] ] } },
{ "type": "Feature", "properties": { "surface": "grounding line" }, "geometry": { "type": "LineString", "coordinates": [ [ -73.542520349041439, -70.729153225438239 ], [ -73.841025480969947, -70.581305989603038 ] ] } },
{ "type": "Feature", "properties": { "surface": "grounding line" }, "geometry": { "type": "LineString", "coordinates": [ [ -74.250804340922201, -70.609323832729842 ], [ -74.110936537323411, -70.653460276174414 ], [ -74.15710063841864, -70.588638525614542 ] ] } },
{ "type": "Feature", "properties": { "surface": "grounding line" }, "geometry": { "type": "LineString", "coordinates": [ [ -71.61037345547453, -70.116677209108289 ], [ -71.607141963636479, -70.117807113030949 ], [ -71.604715385736796, -70.116953058225732 ], [ -71.607266168342534, -70.115939199353932 ], [ -71.61037345547453, -70.116677209108289 ] ] } },
{ "type": "Feature", "properties": { "surface": "grounding line" }, "geometry": { "type": "LineString", "coordinates": [ [ -73.729656218575414, -73.377865175350152 ], [ -73.730241258722316, -73.38203974147558 ], [ -73.719683009689504, -73.379803486456225 ], [ -73.722447003869419, -73.374555790529243 ], [ -73.729656218575414, -73.377865175350152 ] ] } },
{ "type": "Feature", "properties": { "surface": "grounding line" }, "geometry": { "type": "LineString", "coordinates": [ [ -50.360442588188207, -78.924860039916496 ], [ -50.283453525894245, -78.979125057849387 ], [ -50.338504647956405, -79.022555355714857 ] ] } },
{ "type": "Feature", "properties": { "surface": "grounding line" }, "geometry": { "type": "LineString", "coordinates": [ [ -50.471498321480162, -79.125096562316955 ], [ -50.309511010179136, -79.15989727058691 ], [ -50.447230409267952, -79.312009903116376 ] ] } },
{ "type": "Feature", "properties": { "surface": "grounding line" }, "geometry": { "type": "LineString", "coordinates": [ [ -50.19953805818853, -78.760811626570813 ], [ -50.146674463515723, -78.801349203195429 ], [ -50.197460482198466, -78.843408584832162 ] ] } },
{ "type": "Feature", "properties": { "surface": "grounding line" }, "geometry": { "type": "LineString", "coordinates": [ [ -50.447230409267952, -79.312009903116376 ], [ -50.299872616667834, -79.356800335034976 ], [ -50.351416047540674, -79.388041367789356 ], [ -50.21880706615049, -79.500455067383641 ], [ -50.440319433264328, -79.602279219532662 ] ] } },
{ "type": "Feature", "properties": { "surface": "grounding line" }, "geometry": { "type": "LineString", "coordinates": [ [ -50.440319433264328, -79.602279219532662 ], [ -50.751420324722737, -79.696945888735399 ] ] } },
{ "type": "Feature", "properties": { "surface": "grounding line" }, "geometry": { "type": "LineString", "coordinates": [ [ -59.884440133625688, -79.837243785823745 ], [ -60.136025107662, -79.759333539986216 ] ] } },
{ "type": "Feature", "properties": { "surface": "grounding line" }, "geometry": { "type": "LineString", "coordinates": [ [ -60.657367228739261, -70.911565397064948 ], [ -60.957662961924214, -70.974870680769925 ], [ -60.585284248047543, -71.069441975049912 ] ] } },
{ "type": "Feature", "properties": { "surface": "grounding line" }, "geometry": { "type": "LineString", "coordinates": [ [ -71.37975038448424, -70.257408234355452 ], [ -71.374218272291102, -70.25645422991964 ] ] } },
{ "type": "Feature", "properties": { "surface": "grounding line" }, "geometry": { "type": "LineString", "coordinates": [ [ -72.214912448735532, -69.566626182329586 ], [ -72.211850926433968, -69.581361622287446 ] ] } },
{ "type": "Feature", "properties": { "surface": "grounding line" }, "geometry": { "type": "LineString", "coordinates": [ [ -59.954515808198678, -80.070312756366434 ], [ -59.898637251944557, -79.892025152904992 ] ] } },
{ "type": "Feature", "properties": { "surface": "grounding line" }, "geometry": { "type": "LineString", "coordinates": [ [ -59.898637251944557, -79.892025152904992 ], [ -59.884440133625688, -79.837243785823745 ] ] } },
{ "type": "Feature", "properties": { "surface": "grounding line" }, "geometry": { "type": "LineString", "coordinates": [ [ -59.924626206056089, -80.117358172591892 ], [ -59.954515808198678, -80.070312756366434 ] ] } },
{ "type": "Feature", "properties": { "surface": "grounding line" }, "geometry": { "type": "LineString", "coordinates": [ [ -50.751420324722737, -79.696945888735399 ], [ -52.184735310938422, -80.137605206937849 ], [ -53.488631552261907, -80.221232402266338 ], [ -53.961209952378105, -80.444870644918097 ] ] } },
{ "type": "Feature", "properties": { "surface": "grounding line" }, "geometry": { "type": "LineString", "coordinates": [ [ -71.491790353764628, -73.074398062788973 ], [ -71.520725421410958, -73.086865367657765 ] ] } },
{ "type": "Feature", "properties": { "surface": "grounding line" }, "geometry": { "type": "LineString", "coordinates": [ [ -66.929424272992378, -69.042817762108896 ], [ -66.761004439506706, -69.060239318217882 ], [ -66.854898906730355, -69.095004645880451 ] ] } },
{ "type": "Feature", "properties": { "surface": "grounding line" }, "geometry": { "type": "LineString", "coordinates": [ [ -72.543282063738147, -73.376880426721243 ], [ -72.523994547965216, -73.379585979628843 ], [ -72.506672316328491, -73.375024333811979 ], [ -72.535664521926989, -73.366093553684379 ], [ -72.543282063738147, -73.376880426721243 ] ] } },
{ "type": "Feature", "properties": { "surface": "grounding line" }, "geometry": { "type": "LineString", "coordinates": [ [ -74.733364106690246, -70.6661441779911 ], [ -74.55237125799087, -70.760496809859447 ], [ -74.471738105667498, -70.648946507576866 ] ] } },
{ "type": "Feature", "properties": { "surface": "grounding line" }, "geometry": { "type": "LineString", "coordinates": [ [ -70.524169313592793, -72.227306348642756 ], [ -70.424194808645126, -72.243355984082626 ], [ -70.663203134245521, -72.255551729053195 ], [ -70.594307131921312, -72.220738615047182 ], [ -70.524169313592793, -72.227306348642756 ] ] } },
{ "type": "Feature", "properties": { "surface": "grounding line" }, "geometry": { "type": "LineString", "coordinates": [ [ -71.574829655957586, -73.040893343697959 ], [ -71.579328862216386, -73.018410276771164 ] ] } },
{ "type": "Feature", "properties": { "surface": "grounding line" }, "geometry": { "type": "LineString", "coordinates": [ [ -71.600725574794254, -73.10404817647958 ], [ -71.614625056284694, -73.103589740953467 ] ] } },
{ "type": "Feature", "properties": { "surface": "grounding line" }, "geometry": { "type": "LineString", "coordinates": [ [ -70.62559205837546, -72.279676378635841 ], [ -70.60290254300152, -72.28198239045922 ], [ -70.667034905468839, -72.279689090879458 ], [ -70.657162003105952, -72.276333138510211 ], [ -70.62559205837546, -72.279676378635841 ] ] } },
{ "type": "Feature", "properties": { "surface": "grounding line" }, "geometry": { "type": "LineString", "coordinates": [ [ -59.804234958414298, -80.346160634575369 ], [ -59.741653518684842, -80.189009019974023 ], [ -59.924626206056089, -80.117358172591892 ] ] } },
{ "type": "Feature", "properties": { "surface": "grounding line" }, "geometry": { "type": "LineString", "coordinates": [ [ -69.671288393100355, -79.386416716282497 ], [ -69.836139064822021, -79.453879460392244 ], [ -69.808004983130374, -79.534552827282653 ] ] } },
{ "type": "Feature", "properties": { "surface": "grounding line" }, "geometry": { "type": "LineString", "coordinates": [ [ -87.336708124831503, -72.932690849354074 ], [ -87.270630416552962, -72.966061805926572 ], [ -87.448217726104687, -73.004240846105418 ], [ -87.359372381706578, -72.92499987341381 ] ] } },
{ "type": "Feature", "properties": { "surface": "grounding line" }, "geometry": { "type": "LineString", "coordinates": [ [ -66.198841526358507, -80.198430133205321 ], [ -66.265610763008937, -80.199372730091056 ] ] } },
{ "type": "Feature", "properties": { "surface": "grounding line" }, "geometry": { "type": "LineString", "coordinates": [ [ -72.20498379265284, -69.698061918699338 ], [ -72.199573224868175, -69.70290255433676 ], [ -72.217787806523049, -69.69953763620866 ], [ -72.212206871636496, -69.6970945279689 ], [ -72.20498379265284, -69.698061918699338 ] ] } },
{ "type": "Feature", "properties": { "surface": "grounding line" }, "geometry": { "type": "LineString", "coordinates": [ [ -71.772511069106898, -70.170685550052482 ], [ -71.770532250522436, -70.173164846660384 ], [ -71.780603086466613, -70.173181947244984 ], [ -71.778272700403832, -70.170750640465172 ], [ -71.772511069106898, -70.170685550052482 ] ] } },
{ "type": "Feature", "properties": { "surface": "grounding line" }, "geometry": { "type": "LineString", "coordinates": [ [ -71.99999531860243, -70.171252460858298 ], [ -72.001411607552114, -70.173022235972383 ], [ -71.996210625534857, -70.171341513490191 ], [ -71.99999531860243, -70.171252460858298 ] ] } },
{ "type": "Feature", "properties": { "surface": "grounding line" }, "geometry": { "type": "LineString", "coordinates": [ [ -72.158420888154325, -69.784595245317675 ], [ -72.153082528886316, -69.787884827819042 ] ] } },
{ "type": "Feature", "properties": { "surface": "grounding line" }, "geometry": { "type": "LineString", "coordinates": [ [ -72.266845781613668, -69.684076247821579 ], [ -72.26486056650181, -69.6855663788198 ], [ -72.271425906299442, -69.684842869586788 ], [ -72.270583887259946, -69.684022881880708 ], [ -72.266845781613668, -69.684076247821579 ] ] } },
{ "type": "Feature", "properties": { "surface": "grounding line" }, "geometry": { "type": "LineString", "coordinates": [ [ -72.260657618316031, -69.704505241296786 ], [ -72.261160356889818, -69.705743649028932 ], [ -72.263387664931727, -69.704795697135324 ], [ -72.26183344632571, -69.70380987647944 ], [ -72.260657618316031, -69.704505241296786 ] ] } },
{ "type": "Feature", "properties": { "surface": "grounding line" }, "geometry": { "type": "LineString", "coordinates": [ [ -71.164523328909695, -70.832681628467981 ], [ -71.150726404644317, -70.831644625346144 ], [ -71.178163837396767, -70.836245822861073 ], [ -71.166033030401877, -70.833818644719116 ], [ -71.164523328909695, -70.832681628467981 ] ] } },
{ "type": "Feature", "properties": { "surface": "grounding line" }, "geometry": { "type": "LineString", "coordinates": [ [ -71.883682008474864, -70.129335503097735 ], [ -71.878808956247326, -70.136166861785895 ], [ -71.872642407905346, -70.134034115345244 ], [ -71.879232195247909, -70.12806999077074 ], [ -71.883682008474864, -70.129335503097735 ] ] } },
{ "type": "Feature", "properties": { "surface": "grounding line" }, "geometry": { "type": "LineString", "coordinates": [ [ -71.169000514948237, -70.82418460159785 ], [ -71.174993160819014, -70.826169444637159 ], [ -71.204507778802878, -70.820635224806381 ], [ -71.177234648717032, -70.815284779550879 ], [ -71.169000514948237, -70.82418460159785 ] ] } },
{ "type": "Feature", "properties": { "surface": "grounding line" }, "geometry": { "type": "LineString", "coordinates": [ [ -61.824618657133207, -74.817624899902469 ], [ -62.041210012765383, -74.911863273240826 ] ] } },
{ "type": "Feature", "properties": { "surface": "grounding line" }, "geometry": { "type": "LineString", "coordinates": [ [ -74.476791038684269, -73.631062632969844 ], [ -74.457823166842161, -73.63922415346849 ], [ -74.458615469680637, -73.647838495935602 ], [ -74.497662426434275, -73.642979238824125 ], [ -74.476791038684269, -73.631062632969844 ] ] } },
{ "type": "Feature", "properties": { "surface": "grounding line" }, "geometry": { "type": "LineString", "coordinates": [ [ -92.441027941888137, -72.721945451513236 ], [ -92.449747997116532, -72.728521977121829 ], [ -92.474516312008546, -72.726218395880593 ], [ -92.465202040379538, -72.72063936549587 ], [ -92.441027941888137, -72.721945451513236 ] ] } },
{ "type": "Feature", "properties": { "surface": "grounding line" }, "geometry": { "type": "LineString", "coordinates": [ [ -92.403913128542911, -73.104787435188129 ], [ -92.399561042659002, -73.111303170920124 ], [ -92.378284998670651, -73.106741265314028 ], [ -92.394785431170931, -73.102475797388252 ], [ -92.403913128542911, -73.104787435188129 ] ] } },
{ "type": "Feature", "properties": { "surface": "grounding line" }, "geometry": { "type": "LineString", "coordinates": [ [ -92.38331784400863, -72.823048661620021 ], [ -92.419189072022462, -72.823703919515566 ], [ -92.42452678159826, -72.822285041388511 ], [ -92.366263282456586, -72.813765936727222 ], [ -92.38331784400863, -72.823048661620021 ] ] } },
{ "type": "Feature", "properties": { "surface": "grounding line" }, "geometry": { "type": "LineString", "coordinates": [ [ -72.271177336393748, -70.497238735938367 ], [ -72.266099252740204, -70.496796038664584 ], [ -72.262830079386376, -70.500159543478517 ], [ -72.277931186069864, -70.49873153865363 ], [ -72.271177336393748, -70.497238735938367 ] ] } },
{ "type": "Feature", "properties": { "surface": "grounding line" }, "geometry": { "type": "LineString", "coordinates": [ [ -71.891303582213482, -70.145941490879395 ], [ -71.87635006284323, -70.152856973676066 ], [ -71.873039340217034, -70.145692948383001 ], [ -71.883552886298446, -70.13977900182806 ], [ -71.891303582213482, -70.145941490879395 ] ] } },
{ "type": "Feature", "properties": { "surface": "grounding line" }, "geometry": { "type": "LineString", "coordinates": [ [ -71.838552441635528, -70.196309581501083 ], [ -71.837381952436289, -70.198107397574077 ], [ -71.844301310155885, -70.198009915954103 ], [ -71.8443601305855, -70.196039025578287 ], [ -71.838552441635528, -70.196309581501083 ] ] } },
{ "type": "Feature", "properties": { "surface": "grounding line" }, "geometry": { "type": "LineString", "coordinates": [ [ -71.851836906971627, -70.193303744832534 ], [ -71.845119112898857, -70.195401162705835 ], [ -71.8432519496221, -70.193360853616014 ], [ -71.849662044602084, -70.190555421158493 ], [ -71.851836906971627, -70.193303744832534 ] ] } },
{ "type": "Feature", "properties": { "surface": "grounding line" }, "geometry": { "type": "LineString", "coordinates": [ [ -67.181425555657995, -71.784959147609499 ], [ -67.169393631839611, -71.801955351713758 ], [ -67.211889805013215, -71.804738517289337 ], [ -67.207722822138123, -71.782224641444785 ], [ -67.181425555657995, -71.784959147609499 ] ] } },
{ "type": "Feature", "properties": { "surface": "grounding line" }, "geometry": { "type": "LineString", "coordinates": [ [ -62.046735987563807, -74.486103783675432 ], [ -62.04035242926382, -74.485903518957087 ], [ -62.019350285621947, -74.488253421260936 ], [ -62.044335350873958, -74.489734881095799 ], [ -62.046735987563807, -74.486103783675432 ] ] } },
{ "type": "Feature", "properties": { "surface": "grounding line" }, "geometry": { "type": "LineString", "coordinates": [ [ -62.090540487676435, -74.473867796794607 ], [ -62.073197698764389, -74.477414008815657 ], [ -62.071199703782696, -74.478880510647059 ], [ -62.107237004536266, -74.473749126714509 ], [ -62.090540487676435, -74.473867796794607 ] ] } },
{ "type": "Feature", "properties": { "surface": "grounding line" }, "geometry": { "type": "LineString", "coordinates": [ [ -71.944758216542567, -70.106269383632934 ], [ -71.942938349810518, -70.108909229004624 ], [ -71.935116140588235, -70.10688417342682 ], [ -71.941842619046525, -70.105030047737202 ], [ -71.944758216542567, -70.106269383632934 ] ] } },
{ "type": "Feature", "properties": { "surface": "grounding line" }, "geometry": { "type": "LineString", "coordinates": [ [ -71.246543725509824, -70.245380292832195 ], [ -71.241369685998436, -70.249369840739433 ], [ -71.232760790362207, -70.248271686415734 ], [ -71.235323190007463, -70.245301354370653 ], [ -71.246543725509824, -70.245380292832195 ] ] } },
{ "type": "Feature", "properties": { "surface": "grounding line" }, "geometry": { "type": "LineString", "coordinates": [ [ -71.872712184053015, -70.17889743908745 ], [ -71.860800501486182, -70.18152535157418 ], [ -71.859408415688193, -70.18267265889331 ], [ -71.879682668991705, -70.184924905897972 ], [ -71.872712184053015, -70.17889743908745 ] ] } },
{ "type": "Feature", "properties": { "surface": "grounding line" }, "geometry": { "type": "LineString", "coordinates": [ [ -70.693059773939936, -70.210549024550815 ], [ -70.685061481047697, -70.200583409544976 ], [ -70.661287101953462, -70.207605472519575 ], [ -70.698090181433159, -70.230328621841537 ], [ -70.693059773939936, -70.210549024550815 ] ] } },
{ "type": "Feature", "properties": { "surface": "grounding line" }, "geometry": { "type": "LineString", "coordinates": [ [ -70.765109439435605, -70.248367689845395 ], [ -70.766162786402148, -70.251559808439893 ], [ -70.770434382596648, -70.249251795211464 ], [ -70.765109439435605, -70.248367689845395 ] ] } },
{ "type": "Feature", "properties": { "surface": "grounding line" }, "geometry": { "type": "LineString", "coordinates": [ [ -70.812275602520359, -70.218285183649812 ], [ -70.78751819048459, -70.225845860429146 ], [ -70.844724654367553, -70.218464881628137 ], [ -70.841904356473393, -70.216983960027449 ], [ -70.812275602520359, -70.218285183649812 ] ] } },
{ "type": "Feature", "properties": { "surface": "grounding line" }, "geometry": { "type": "LineString", "coordinates": [ [ -64.779036317969002, -68.629046141256808 ], [ -64.794540414718512, -68.626293916405842 ], [ -64.800772634108043, -68.631873267207624 ], [ -64.775566038615622, -68.640668123193876 ], [ -64.779036317969002, -68.629046141256808 ] ] } },
{ "type": "Feature", "properties": { "surface": "grounding line" }, "geometry": { "type": "LineString", "coordinates": [ [ -71.699778161631386, -69.732520676145796 ], [ -71.704747829526397, -69.734618721257121 ], [ -71.706336687397638, -69.73295272245015 ], [ -71.704512377940716, -69.731749037965855 ], [ -71.699778161631386, -69.732520676145796 ] ] } },
{ "type": "Feature", "properties": { "surface": "grounding line" }, "geometry": { "type": "LineString", "coordinates": [ [ -72.044638831280636, -70.166701238832431 ], [ -72.043991880951367, -70.168122143498039 ], [ -72.035106980929925, -70.167625979049006 ], [ -72.040921890218726, -70.166435538771594 ], [ -72.044638831280636, -70.166701238832431 ] ] } },
{ "type": "Feature", "properties": { "surface": "grounding line" }, "geometry": { "type": "LineString", "coordinates": [ [ -71.304194846105304, -70.26625319614908 ], [ -71.314563170525759, -70.268789109207475 ] ] } },
{ "type": "Feature", "properties": { "surface": "grounding line" }, "geometry": { "type": "LineString", "coordinates": [ [ -71.306785529558894, -70.300583253724696 ], [ -71.311351296683455, -70.302893690179602 ], [ -71.302259487733394, -70.301807599409926 ], [ -71.306785529558894, -70.300583253724696 ] ] } },
{ "type": "Feature", "properties": { "surface": "grounding line" }, "geometry": { "type": "LineString", "coordinates": [ [ -71.223448448793775, -70.959795745634011 ], [ -71.204997775424687, -70.961870486235043 ], [ -71.244277597313328, -70.970613262042519 ], [ -71.236744577411002, -70.962425539381613 ], [ -71.223448448793775, -70.959795745634011 ] ] } },
{ "type": "Feature", "properties": { "surface": "grounding line" }, "geometry": { "type": "LineString", "coordinates": [ [ -71.237195235651043, -70.820642985717569 ], [ -71.250674641147327, -70.817797261028105 ], [ -71.202045307711529, -70.809278880033474 ], [ -71.223783656278954, -70.821464969381751 ], [ -71.237195235651043, -70.820642985717569 ] ] } },
{ "type": "Feature", "properties": { "surface": "grounding line" }, "geometry": { "type": "LineString", "coordinates": [ [ -71.98623703540386, -70.175828094402291 ], [ -71.981899407029587, -70.174578288648291 ], [ -71.993868499635681, -70.173491182873221 ], [ -71.992197044861058, -70.175088431983056 ], [ -71.98623703540386, -70.175828094402291 ] ] } },
{ "type": "Feature", "properties": { "surface": "grounding line" }, "geometry": { "type": "LineString", "coordinates": [ [ -71.216373410838301, -70.955710299095259 ], [ -71.219248039773845, -70.94457173031654 ], [ -71.193734064722506, -70.942151351780765 ], [ -71.206501706194331, -70.954638534800196 ], [ -71.216373410838301, -70.955710299095259 ] ] } },
{ "type": "Feature", "properties": { "surface": "grounding line" }, "geometry": { "type": "LineString", "coordinates": [ [ -77.381112106903942, -72.600177713388717 ], [ -77.527468417875411, -72.856551170227561 ], [ -78.138161121215873, -72.887809523439245 ], [ -78.365985178642489, -72.987882704912479 ] ] } },
{ "type": "Feature", "properties": { "surface": "grounding line" }, "geometry": { "type": "LineString", "coordinates": [ [ -71.895109939829226, -70.189480162647598 ], [ -71.89278409670878, -70.190860393171292 ], [ -71.882868568177912, -70.190531898813603 ], [ -71.885426962211852, -70.187586444400125 ], [ -71.895109939829226, -70.189480162647598 ] ] } },
{ "type": "Feature", "properties": { "surface": "grounding line" }, "geometry": { "type": "LineString", "coordinates": [ [ -71.168665017589277, -70.899932714772433 ], [ -71.176833802201926, -70.91092658613735 ], [ -71.188546316031179, -70.905716680394974 ], [ -71.18258359412637, -70.903040061904278 ], [ -71.168665017589277, -70.899932714772433 ] ] } },
{ "type": "Feature", "properties": { "surface": "grounding line" }, "geometry": { "type": "LineString", "coordinates": [ [ -71.908500512077097, -70.200352622012929 ], [ -71.904305276771268, -70.199839793474354 ], [ -71.91667750655327, -70.201161522763798 ], [ -71.908500512077097, -70.200352622012929 ] ] } },
{ "type": "Feature", "properties": { "surface": "grounding line" }, "geometry": { "type": "LineString", "coordinates": [ [ -72.02485008888597, -70.095818102345504 ], [ -72.023328732284938, -70.096468780619759 ], [ -72.026576944543265, -70.096213386353838 ], [ -72.02485008888597, -70.095818102345504 ] ] } },
{ "type": "Feature", "properties": { "surface": "grounding line" }, "geometry": { "type": "LineString", "coordinates": [ [ -71.636555056345628, -70.10549052774256 ], [ -71.616606665004625, -70.112210502960835 ], [ -71.606097392275643, -70.111069308328567 ], [ -71.642852096739603, -70.101280893375687 ], [ -71.636555056345628, -70.10549052774256 ] ] } },
{ "type": "Feature", "properties": { "surface": "grounding line" }, "geometry": { "type": "LineString", "coordinates": [ [ -71.657571981040135, -70.087202569841693 ], [ -71.654708677699233, -70.088109771773873 ], [ -71.659681351392621, -70.088671700710165 ], [ -71.657571981040135, -70.087202569841693 ] ] } },
{ "type": "Feature", "properties": { "surface": "grounding line" }, "geometry": { "type": "LineString", "coordinates": [ [ -71.659777638804883, -70.090756792227324 ], [ -71.660078997729258, -70.091900980072154 ], [ -71.663732327237767, -70.091348349560491 ], [ -71.659777638804883, -70.090756792227324 ] ] } },
{ "type": "Feature", "properties": { "surface": "grounding line" }, "geometry": { "type": "LineString", "coordinates": [ [ -50.338504647956405, -79.022555355714857 ], [ -50.471498321480162, -79.125096562316955 ] ] } },
{ "type": "Feature", "properties": { "surface": "grounding line" }, "geometry": { "type": "LineString", "coordinates": [ [ -71.656329982748289, -70.099622668628612 ], [ -71.652383094631375, -70.100913352547565 ], [ -71.648297012275677, -70.099872465678672 ], [ -71.651691805985948, -70.09871257146709 ], [ -71.656329982748289, -70.099622668628612 ] ] } },
{ "type": "Feature", "properties": { "surface": "grounding line" }, "geometry": { "type": "LineString", "coordinates": [ [ -71.671642217005498, -70.092675809651951 ], [ -71.669903916462445, -70.093300080891282 ], [ -71.667265573650525, -70.092519573897334 ], [ -71.667985989745617, -70.092069977759351 ], [ -71.671642217005498, -70.092675809651951 ] ] } },
{ "type": "Feature", "properties": { "surface": "grounding line" }, "geometry": { "type": "LineString", "coordinates": [ [ -71.671702935667383, -70.095818529180832 ], [ -71.669667865088357, -70.096746004391633 ], [ -71.666688203161996, -70.096024660649292 ], [ -71.668598106148295, -70.095371534779005 ], [ -71.671702935667383, -70.095818529180832 ] ] } },
{ "type": "Feature", "properties": { "surface": "grounding line" }, "geometry": { "type": "LineString", "coordinates": [ [ -71.67506992927612, -70.090023445827967 ], [ -71.673926435039235, -70.090763065751801 ], [ -71.677410123049711, -70.090384098982838 ], [ -71.67506992927612, -70.090023445827967 ] ] } },
{ "type": "Feature", "properties": { "surface": "grounding line" }, "geometry": { "type": "LineString", "coordinates": [ [ -71.650049392649152, -70.124312957797542 ], [ -71.640658313182158, -70.128560748885207 ], [ -71.634908010353001, -70.127621795793118 ], [ -71.644510882194524, -70.123301609539013 ], [ -71.650049392649152, -70.124312957797542 ] ] } },
{ "type": "Feature", "properties": { "surface": "grounding line" }, "geometry": { "type": "LineString", "coordinates": [ [ -62.263410280788136, -71.990763702213641 ], [ -62.114196596008462, -72.024747087795916 ] ] } },
{ "type": "Feature", "properties": { "surface": "grounding line" }, "geometry": { "type": "LineString", "coordinates": [ [ -71.69155191812267, -70.089374799405533 ], [ -71.687821732661916, -70.090593607581383 ], [ -71.685982510455091, -70.088698314103581 ], [ -71.691672614881824, -70.08808545574982 ], [ -71.69155191812267, -70.089374799405533 ] ] } },
{ "type": "Feature", "properties": { "surface": "grounding line" }, "geometry": { "type": "LineString", "coordinates": [ [ -71.671280995237069, -70.112735065598258 ], [ -71.666990151065306, -70.113649629189808 ], [ -71.664605901633365, -70.113187595390087 ], [ -71.668851636515896, -70.111737036814162 ], [ -71.671280995237069, -70.112735065598258 ] ] } },
{ "type": "Feature", "properties": { "surface": "grounding line" }, "geometry": { "type": "LineString", "coordinates": [ [ -71.683693817652156, -70.111046797102659 ], [ -71.681062107643541, -70.112003847449841 ], [ -71.679740382477078, -70.111323926326534 ], [ -71.682074481910945, -70.110671233708203 ], [ -71.683693817652156, -70.111046797102659 ] ] } },
{ "type": "Feature", "properties": { "surface": "grounding line" }, "geometry": { "type": "LineString", "coordinates": [ [ -71.732171940505054, -70.078333749798091 ], [ -71.729809499116158, -70.08018940591576 ], [ -71.728648619826785, -70.078467840544747 ], [ -71.730003691480846, -70.077944984031078 ], [ -71.732171940505054, -70.078333749798091 ] ] } },
{ "type": "Feature", "properties": { "surface": "grounding line" }, "geometry": { "type": "LineString", "coordinates": [ [ -72.272735897030515, -69.690368802567235 ], [ -72.270892022675696, -69.690635069683637 ], [ -72.274193102823759, -69.690788381503509 ], [ -72.272735897030515, -69.690368802567235 ] ] } },
{ "type": "Feature", "properties": { "surface": "grounding line" }, "geometry": { "type": "LineString", "coordinates": [ [ -72.059793747160782, -70.085857694091814 ], [ -72.058408987444579, -70.087052620875909 ], [ -72.065014013139958, -70.086211241163696 ], [ -72.059793747160782, -70.085857694091814 ] ] } },
{ "type": "Feature", "properties": { "surface": "grounding line" }, "geometry": { "type": "LineString", "coordinates": [ [ -72.261850655733511, -70.521518521861481 ], [ -72.247408163674777, -70.523561476386575 ], [ -72.248385900837576, -70.531987903607416 ], [ -72.267701792647372, -70.52734184091014 ], [ -72.261850655733511, -70.521518521861481 ] ] } },
{ "type": "Feature", "properties": { "surface": "grounding line" }, "geometry": { "type": "LineString", "coordinates": [ [ -70.576236161202573, -72.205355464391815 ], [ -70.586620085407048, -72.212695800370028 ], [ -70.601315062723799, -72.208755985206793 ], [ -70.597338157115018, -72.204974361444101 ], [ -70.576236161202573, -72.205355464391815 ] ] } },
{ "type": "Feature", "properties": { "surface": "grounding line" }, "geometry": { "type": "LineString", "coordinates": [ [ -72.315985374833502, -70.571275877538099 ], [ -72.322254847555342, -70.573927052480315 ], [ -72.332880731476152, -70.570085198683032 ], [ -72.318283227495598, -70.568681063704375 ], [ -72.315985374833502, -70.571275877538099 ] ] } },
{ "type": "Feature", "properties": { "surface": "grounding line" }, "geometry": { "type": "LineString", "coordinates": [ [ -72.335793432105859, -70.575177038769027 ], [ -72.341242675110664, -70.575155583684193 ], [ -72.340407049591505, -70.572928670733148 ], [ -72.335793432105859, -70.575177038769027 ] ] } },
{ "type": "Feature", "properties": { "surface": "grounding line" }, "geometry": { "type": "LineString", "coordinates": [ [ -61.123243795583342, -74.156156776062673 ], [ -61.232441907812124, -74.201791134480089 ] ] } },
{ "type": "Feature", "properties": { "surface": "grounding line" }, "geometry": { "type": "LineString", "coordinates": [ [ -60.798396522210375, -73.60765914212152 ], [ -61.069037135829205, -73.732819928754296 ] ] } },
{ "type": "Feature", "properties": { "surface": "grounding line" }, "geometry": { "type": "LineString", "coordinates": [ [ -62.041210012765383, -74.911863273240826 ], [ -62.245477230162763, -74.964215658752224 ] ] } },
{ "type": "Feature", "properties": { "surface": "grounding line" }, "geometry": { "type": "LineString", "coordinates": [ [ -60.546715164858021, -70.676959956563991 ], [ -60.806922287146634, -70.722607923689495 ], [ -60.984748977989824, -70.61609966668459 ], [ -60.943094499965291, -70.5374755805869 ], [ -60.652359148403377, -70.510333478717584 ] ] } },
{ "type": "Feature", "properties": { "surface": "grounding line" }, "geometry": { "type": "LineString", "coordinates": [ [ -71.283714031036084, -72.973013263695307 ], [ -71.260532324084039, -72.982378532100824 ], [ -71.320835970322335, -72.984578436879232 ], [ -71.302252863535315, -72.974441055667924 ], [ -71.283714031036084, -72.973013263695307 ] ] } },
{ "type": "Feature", "properties": { "surface": "grounding line" }, "geometry": { "type": "LineString", "coordinates": [ [ -61.746567847565728, -69.497748549837553 ], [ -62.115652582074752, -69.217726581116068 ], [ -62.434165658897385, -69.143769432302761 ], [ -62.579707769891449, -69.189206987371236 ], [ -62.204654993517984, -69.504954417088101 ], [ -62.107898089796642, -69.732186285521166 ], [ -61.975323172779099, -69.723479087405678 ], [ -61.917305828008949, -69.547765295166656 ], [ -61.746567847565728, -69.497748549837553 ] ] } },
{ "type": "Feature", "properties": { "surface": "grounding line" }, "geometry": { "type": "LineString", "coordinates": [ [ -61.303009696027303, -69.849110128145824 ], [ -61.39961166859819, -69.943046969089522 ], [ -61.197828491501951, -69.987655650678605 ] ] } },
{ "type": "Feature", "properties": { "surface": "grounding line" }, "geometry": { "type": "LineString", "coordinates": [ [ -68.964716727793657, -72.400574870265544 ], [ -68.864886714613633, -72.409267838966201 ], [ -69.143605226169242, -72.460958913034588 ], [ -69.054414082848751, -72.392795155920524 ], [ -68.964716727793657, -72.400574870265544 ] ] } },
{ "type": "Feature", "properties": { "surface": "grounding line" }, "geometry": { "type": "LineString", "coordinates": [ [ -71.772814082852008, -70.087403545373064 ], [ -71.775643823625671, -70.089745778875013 ], [ -71.778896809354421, -70.088134451502327 ], [ -71.775189780041714, -70.087139677436866 ], [ -71.772814082852008, -70.087403545373064 ] ] } },
{ "type": "Feature", "properties": { "surface": "grounding line" }, "geometry": { "type": "LineString", "coordinates": [ [ -85.791681268879955, -73.108876384200073 ], [ -85.766949997866092, -73.093160630499256 ] ] } },
{ "type": "Feature", "properties": { "surface": "grounding line" }, "geometry": { "type": "LineString", "coordinates": [ [ -72.207975802325791, -70.592024706170079 ], [ -72.198198813722172, -70.596187637756856 ], [ -72.226904771960236, -70.593784950716454 ], [ -72.216151442489618, -70.590608903543881 ], [ -72.207975802325791, -70.592024706170079 ] ] } },
{ "type": "Feature", "properties": { "surface": "grounding line" }, "geometry": { "type": "LineString", "coordinates": [ [ -72.300110024988527, -70.515799403949657 ], [ -72.307341099989159, -70.514853786014029 ], [ -72.294996814086915, -70.514663840542269 ], [ -72.300110024988527, -70.515799403949657 ] ] } },
{ "type": "Feature", "properties": { "surface": "grounding line" }, "geometry": { "type": "LineString", "coordinates": [ [ -43.443111755436007, -79.005342535302361 ], [ -43.451470698534578, -79.099298720006274 ], [ -43.188186657628677, -79.173585027258127 ], [ -43.336917584125032, -79.23539823641778 ], [ -43.245974658918264, -79.280989415918967 ] ] } },
{ "type": "Feature", "properties": { "surface": "grounding line" }, "geometry": { "type": "LineString", "coordinates": [ [ -71.76485399554538, -70.106571550990424 ], [ -71.762605055453648, -70.107139318695474 ], [ -71.768092311897021, -70.107176067467265 ], [ -71.76485399554538, -70.106571550990424 ] ] } },
{ "type": "Feature", "properties": { "surface": "grounding line" }, "geometry": { "type": "LineString", "coordinates": [ [ -50.094083493332953, -78.577525376190877 ], [ -50.225968130736163, -78.64522735099257 ], [ -50.188669334313694, -78.706754214240519 ] ] } },
{ "type": "Feature", "properties": { "surface": "grounding line" }, "geometry": { "type": "LineString", "coordinates": [ [ -50.188669334313694, -78.706754214240519 ], [ -50.19953805818853, -78.760811626570813 ] ] } },
{ "type": "Feature", "properties": { "surface": "grounding line" }, "geometry": { "type": "LineString", "coordinates": [ [ -47.470156202029713, -77.783414788701677 ], [ -49.111396017525898, -78.05246640857581 ], [ -49.664754018312578, -78.281648407321228 ], [ -50.094083493332953, -78.577525376190877 ] ] } },
{ "type": "Feature", "properties": { "surface": "grounding line" }, "geometry": { "type": "LineString", "coordinates": [ [ -70.549865176820134, -72.194248897837753 ], [ -70.529910645020635, -72.188332548238122 ], [ -70.515347729920848, -72.192324988027067 ], [ -70.553929551249794, -72.196264950852566 ], [ -70.549865176820134, -72.194248897837753 ] ] } },
{ "type": "Feature", "properties": { "surface": "grounding line" }, "geometry": { "type": "LineString", "coordinates": [ [ -70.557372752364998, -72.211701019066609 ], [ -70.519858317330474, -72.206621783069181 ], [ -70.512279456039636, -72.208950705637804 ], [ -70.568460393900267, -72.213084227017632 ], [ -70.557372752364998, -72.211701019066609 ] ] } },
{ "type": "Feature", "properties": { "surface": "grounding line" }, "geometry": { "type": "LineString", "coordinates": [ [ -42.994427519842887, -79.439624151349136 ], [ -42.987798249822013, -79.709583929306021 ], [ -43.114077084147468, -79.936397176815419 ], [ -43.823433098179841, -79.970585696774123 ], [ -43.445514585959188, -80.106779188500511 ], [ -43.478553839979433, -80.147480976649291 ], [ -45.212540949369888, -80.442995723254811 ], [ -47.297907223806781, -80.621714543739287 ], [ -49.40834920753732, -80.631711062546458 ], [ -49.754155914971136, -80.702763836255329 ], [ -49.775142470838297, -80.782803538810256 ], [ -50.782487713802574, -80.851867834424027 ], [ -54.252188371244756, -80.849516006123409 ] ] } },
{ "type": "Feature", "properties": { "surface": "grounding line" }, "geometry": { "type": "LineString", "coordinates": [ [ -71.627059259354397, -73.115078553137963 ], [ -71.626170032861282, -73.104926980881586 ] ] } },
{ "type": "Feature", "properties": { "surface": "grounding line" }, "geometry": { "type": "LineString", "coordinates": [ [ -53.961209952378105, -80.444870644918097 ], [ -54.32012960083231, -80.745198171361579 ], [ -54.252188371244756, -80.849516006123409 ] ] } },
{ "type": "Feature", "properties": { "surface": "grounding line" }, "geometry": { "type": "LineString", "coordinates": [ [ -72.276376824642668, -70.588129740111796 ], [ -72.276488318066328, -70.592500042698816 ], [ -72.295351110840016, -70.58855371910758 ], [ -72.285111417988176, -70.586982171673071 ], [ -72.276376824642668, -70.588129740111796 ] ] } },
{ "type": "Feature", "properties": { "surface": "grounding line" }, "geometry": { "type": "LineString", "coordinates": [ [ -70.823958568811221, -72.257407809020293 ], [ -70.799440018483168, -72.256174673537387 ], [ -70.781102463528512, -72.264350278610877 ], [ -70.832588216797632, -72.262506017346325 ], [ -70.823958568811221, -72.257407809020293 ] ] } },
{ "type": "Feature", "properties": { "surface": "grounding line" }, "geometry": { "type": "LineString", "coordinates": [ [ -73.537046283298352, -73.13544788995938 ], [ -73.98520495173463, -73.405700039828957 ], [ -74.159788186159986, -73.310845851788073 ], [ -73.990856202523389, -73.245286305930435 ], [ -74.061813808728459, -73.2190481725154 ], [ -73.845810232862206, -73.192371801514142 ], [ -73.883918102760745, -73.126537922434267 ] ] } },
{ "type": "Feature", "properties": { "surface": "grounding line" }, "geometry": { "type": "LineString", "coordinates": [ [ -59.934487473806335, -80.665772657638925 ], [ -60.144287621471385, -80.819070607640128 ] ] } },
{ "type": "Feature", "properties": { "surface": "grounding line" }, "geometry": { "type": "LineString", "coordinates": [ [ -74.390261950966135, -73.119691699102532 ], [ -74.570048719027383, -73.271604430255692 ] ] } },
{ "type": "Feature", "properties": { "surface": "grounding line" }, "geometry": { "type": "LineString", "coordinates": [ [ -60.136025107662, -79.759333539986216 ], [ -61.083678487383025, -79.821358610973476 ], [ -61.444288735439116, -80.075401119929197 ], [ -61.208663435338536, -80.265338486141118 ], [ -62.095340386768363, -80.404403357225192 ], [ -63.428340891948899, -80.467609526018549 ], [ -65.465972032564849, -80.409716090679282 ], [ -66.098179800828063, -80.369759332384334 ], [ -66.219075306268564, -80.330129262376389 ], [ -66.206276624021143, -80.271321803089904 ] ] } },
{ "type": "Feature", "properties": { "surface": "grounding line" }, "geometry": { "type": "LineString", "coordinates": [ [ -66.265610763008937, -80.199372730091056 ], [ -66.54860873856201, -80.224376999827825 ] ] } },
{ "type": "Feature", "properties": { "surface": "grounding line" }, "geometry": { "type": "LineString", "coordinates": [ [ -74.570048719027383, -73.271604430255692 ], [ -74.764167148804162, -73.295654701333945 ], [ -74.535819018468089, -73.32116232526802 ], [ -74.365138255795202, -73.464085269579797 ], [ -74.593260372082682, -73.621979309190024 ], [ -76.07848923403553, -73.264994849237596 ], [ -76.130552435287854, -73.137581704464139 ], [ -75.995197334319556, -73.064011907585837 ], [ -74.866645044064839, -73.084754018811424 ], [ -75.775908973590361, -72.892090472879218 ] ] } },
{ "type": "Feature", "properties": { "surface": "grounding line" }, "geometry": { "type": "LineString", "coordinates": [ [ -66.198841526358507, -80.198430133205321 ], [ -66.206276624021143, -80.271321803089904 ] ] } },
{ "type": "Feature", "properties": { "surface": "grounding line" }, "geometry": { "type": "LineString", "coordinates": [ [ -60.144287621471385, -80.819070607640128 ], [ -60.534980847062243, -80.937059336821861 ], [ -61.095249608709601, -80.959932157292485 ], [ -62.842148930709655, -80.804823150244928 ], [ -63.143946482890115, -80.604232138514917 ], [ -63.732470069584089, -80.600230414616249 ], [ -64.316490840549704, -80.734154347270419 ], [ -64.87940693396645, -80.701035984957812 ], [ -66.487282942760842, -80.461784585514764 ], [ -66.824876118166216, -80.323159061534867 ], [ -66.54860873856201, -80.224376999827825 ] ] } },
{ "type": "Feature", "properties": { "surface": "grounding line" }, "geometry": { "type": "LineString", "coordinates": [ [ -69.808004983130374, -79.534552827282653 ], [ -70.263641646705153, -79.653036030314368 ] ] } },
{ "type": "Feature", "properties": { "surface": "grounding line" }, "geometry": { "type": "LineString", "coordinates": [ [ -77.63300998793035, -73.305164026939494 ], [ -78.239792145233281, -73.32697347760606 ] ] } },
{ "type": "Feature", "properties": { "surface": "grounding line" }, "geometry": { "type": "LineString", "coordinates": [ [ -70.263641646705153, -79.653036030314368 ], [ -70.609429003578427, -79.695814840183942 ] ] } },
{ "type": "Feature", "properties": { "surface": "grounding line" }, "geometry": { "type": "LineString", "coordinates": [ [ -71.866129560645376, -70.022242376358761 ], [ -71.865378915576159, -70.022855474376072 ], [ -71.86685224668922, -70.023047446095418 ], [ -71.866129560645376, -70.022242376358761 ] ] } },
{ "type": "Feature", "properties": { "surface": "grounding line" }, "geometry": { "type": "LineString", "coordinates": [ [ -70.609429003578427, -79.695814840183942 ], [ -71.494259663685213, -79.630166483928363 ], [ -71.820467962542267, -79.442553289765485 ], [ -71.458650556157494, -79.157917252574791 ], [ -70.833256339853307, -78.957081429428001 ], [ -68.006646054159035, -78.478131352654202 ], [ -67.324674770970077, -78.458012191613236 ], [ -67.166170103979411, -78.520948598784841 ], [ -67.6166158964094, -78.7308592284664 ], [ -68.723844353531703, -79.020936439133308 ], [ -69.671288393100355, -79.386416716282497 ] ] } },
{ "type": "Feature", "properties": { "surface": "grounding line" }, "geometry": { "type": "LineString", "coordinates": [ [ -71.895740870784422, -70.002502136163102 ], [ -71.89855655139263, -70.003794991840678 ], [ -71.893251082979845, -70.004240363693071 ], [ -71.895740870784422, -70.002502136163102 ] ] } },
{ "type": "Feature", "properties": { "surface": "grounding line" }, "geometry": { "type": "LineString", "coordinates": [ [ -72.196178601445993, -69.707337346837789 ], [ -72.196818013167459, -69.708358151742871 ], [ -72.199644022599315, -69.707247649140399 ], [ -72.196178601445993, -69.707337346837789 ] ] } },
{ "type": "Feature", "properties": { "surface": "grounding line" }, "geometry": { "type": "LineString", "coordinates": [ [ -85.828449494342806, -73.05506190891083 ], [ -85.797989232964568, -73.070387680549644 ] ] } },
{ "type": "Feature", "properties": { "surface": "grounding line" }, "geometry": { "type": "LineString", "coordinates": [ [ -90.75946526830117, -72.754742667644251 ], [ -90.923303091353105, -72.829505393938319 ], [ -90.724083002831549, -72.822470137602878 ], [ -90.706013251324592, -72.93384382804183 ], [ -90.826713104135806, -72.983044120960173 ], [ -90.813161217009466, -73.043109309650546 ], [ -91.490918947730236, -73.215698444127582 ], [ -91.459848504634479, -72.968997137995842 ], [ -91.346356561587669, -72.891521279894278 ], [ -91.589122052366221, -72.749272771077585 ], [ -91.662598528394383, -72.607242466746257 ] ] } },
{ "type": "Feature", "properties": { "surface": "grounding line" }, "geometry": { "type": "LineString", "coordinates": [ [ -72.147233737814432, -71.081121783902361 ], [ -72.138827452168101, -71.080393766953918 ], [ -72.126734586343147, -71.086815016041143 ], [ -72.138421052728248, -71.087441213075948 ], [ -72.147233737814432, -71.081121783902361 ] ] } },
{ "type": "Feature", "properties": { "surface": "grounding line" }, "geometry": { "type": "LineString", "coordinates": [ [ -67.012786321071772, -72.202978551351563 ], [ -67.026660129996571, -72.251948873024503 ], [ -67.124275536762781, -72.215595239249652 ], [ -67.075320763020002, -72.221126701985781 ], [ -67.012786321071772, -72.202978551351563 ] ] } },
{ "type": "Feature", "properties": { "surface": "grounding line" }, "geometry": { "type": "LineString", "coordinates": [ [ -67.057881773095033, -72.262940686754803 ], [ -67.065190642611796, -72.266202872846748 ], [ -67.082759798159358, -72.265117173301078 ], [ -67.070181739754574, -72.25834231156108 ], [ -67.057881773095033, -72.262940686754803 ] ] } },
{ "type": "Feature", "properties": { "surface": "grounding line" }, "geometry": { "type": "LineString", "coordinates": [ [ -70.665513047283994, -70.194773326796408 ], [ -70.653767396819049, -70.196828539312094 ], [ -70.649807711747982, -70.192456074630314 ], [ -70.665184508849833, -70.192175619662692 ], [ -70.665513047283994, -70.194773326796408 ] ] } },
{ "type": "Feature", "properties": { "surface": "grounding line" }, "geometry": { "type": "LineString", "coordinates": [ [ -70.633406357586608, -70.220184990251113 ], [ -70.640194089105393, -70.226749994763935 ], [ -70.649964765715978, -70.220427758491397 ], [ -70.64271251609955, -70.218861282437871 ], [ -70.633406357586608, -70.220184990251113 ] ] } },
{ "type": "Feature", "properties": { "surface": "grounding line" }, "geometry": { "type": "LineString", "coordinates": [ [ -70.736538985016665, -70.144745891591469 ], [ -70.735469461541342, -70.146151901554987 ], [ -70.730166272688706, -70.145457900215376 ], [ -70.731167989340534, -70.143020943424901 ], [ -70.736538985016665, -70.144745891591469 ] ] } },
{ "type": "Feature", "properties": { "surface": "grounding line" }, "geometry": { "type": "LineString", "coordinates": [ [ -70.756303266908006, -70.146005622779271 ], [ -70.752012801234926, -70.149266701194236 ], [ -70.741565785717142, -70.145342938557079 ], [ -70.751791912152825, -70.143808280747081 ], [ -70.756303266908006, -70.146005622779271 ] ] } },
{ "type": "Feature", "properties": { "surface": "grounding line" }, "geometry": { "type": "LineString", "coordinates": [ [ -71.174531680920381, -70.94788688374193 ], [ -71.147649695673422, -70.933758464581871 ], [ -71.108553996834971, -70.956698923531135 ], [ -71.195338573852666, -70.96506793104794 ], [ -71.174531680920381, -70.94788688374193 ] ] } },
{ "type": "Feature", "properties": { "surface": "grounding line" }, "geometry": { "type": "LineString", "coordinates": [ [ -71.267778639662865, -70.857712903896854 ], [ -71.200641612819481, -70.850775028347755 ], [ -71.164192829832231, -70.860557676990823 ], [ -71.309473026666424, -70.871077449928592 ], [ -71.267778639662865, -70.857712903896854 ] ] } },
{ "type": "Feature", "properties": { "surface": "grounding line" }, "geometry": { "type": "LineString", "coordinates": [ [ -72.51575503250767, -71.02326726323767 ], [ -72.493400599955436, -71.023503551232125 ], [ -72.459352093141206, -71.049037282971611 ], [ -72.542607445491157, -71.029114561588898 ], [ -72.51575503250767, -71.02326726323767 ] ] } },
{ "type": "Feature", "properties": { "surface": "grounding line" }, "geometry": { "type": "LineString", "coordinates": [ [ -72.603136623246215, -71.037410534832958 ], [ -72.621339795436597, -71.038308397153926 ] ] } },
{ "type": "Feature", "properties": { "surface": "grounding line" }, "geometry": { "type": "LineString", "coordinates": [ [ -71.617857736623321, -72.258721738693396 ], [ -71.600864932519769, -72.261275882068063 ], [ -71.586391726887371, -72.267953298038719 ], [ -71.598043946748689, -72.269793821953598 ], [ -71.617857736623321, -72.258721738693396 ] ] } },
{ "type": "Feature", "properties": { "surface": "grounding line" }, "geometry": { "type": "LineString", "coordinates": [ [ -72.90272337479162, -71.102344324432124 ], [ -72.900415440980936, -71.104263337477605 ], [ -72.907245898194887, -71.102690720022977 ], [ -72.904938361438496, -71.101883883144581 ], [ -72.90272337479162, -71.102344324432124 ] ] } },
{ "type": "Feature", "properties": { "surface": "grounding line" }, "geometry": { "type": "LineString", "coordinates": [ [ -72.065482568639993, -72.153025134702787 ], [ -72.052896405304466, -72.159710402143091 ], [ -72.052798535102056, -72.164322172938924 ], [ -72.066087882951209, -72.161019677228708 ], [ -72.065482568639993, -72.153025134702787 ] ] } },
{ "type": "Feature", "properties": { "surface": "grounding line" }, "geometry": { "type": "LineString", "coordinates": [ [ -71.214992925383285, -73.025469501732616 ], [ -71.202842355517532, -73.027029332098792 ], [ -71.221365896892095, -73.028869846827689 ], [ -71.214992925383285, -73.025469501732616 ] ] } },
{ "type": "Feature", "properties": { "surface": "grounding line" }, "geometry": { "type": "LineString", "coordinates": [ [ -71.252722746806384, -73.013560411202533 ], [ -71.249572004804932, -73.013310879565196 ], [ -71.244959237190869, -73.015430688920574 ], [ -71.258156838778234, -73.015733695703943 ], [ -71.252722746806384, -73.013560411202533 ] ] } },
{ "type": "Feature", "properties": { "surface": "grounding line" }, "geometry": { "type": "LineString", "coordinates": [ [ -71.138068700750395, -73.119503203458308 ], [ -71.103449510360434, -73.122752075757631 ], [ -71.183926559150109, -73.125050659579742 ], [ -71.178557769223417, -73.122513630145349 ], [ -71.138068700750395, -73.119503203458308 ] ] } },
{ "type": "Feature", "properties": { "surface": "grounding line" }, "geometry": { "type": "LineString", "coordinates": [ [ -71.194198041057533, -73.057731766395577 ], [ -71.249202754158929, -73.051511542671349 ], [ -71.315597549805702, -73.069561556956515 ], [ -71.25106184745448, -73.082030836923948 ], [ -71.194198041057533, -73.057731766395577 ] ] } },
{ "type": "Feature", "properties": { "surface": "grounding line" }, "geometry": { "type": "LineString", "coordinates": [ [ -71.714113230731229, -69.735550710604358 ], [ -71.712995287494337, -69.738229974883197 ], [ -71.721782127975132, -69.739664003218124 ], [ -71.717529346768416, -69.735302456522035 ], [ -71.714113230731229, -69.735550710604358 ] ] } },
{ "type": "Feature", "properties": { "surface": "grounding line" }, "geometry": { "type": "LineString", "coordinates": [ [ -72.706487311323087, -73.369710213319692 ], [ -72.696561385145131, -73.376491859053218 ], [ -72.673164962277923, -73.384953323441906 ], [ -72.726279691278165, -73.37613818705961 ], [ -72.706487311323087, -73.369710213319692 ] ] } },
{ "type": "Feature", "properties": { "surface": "grounding line" }, "geometry": { "type": "LineString", "coordinates": [ [ -71.55259460146948, -73.01674293701204 ], [ -71.553983206913514, -73.018738847197284 ], [ -71.561218322905731, -73.016455499488146 ], [ -71.55739917026456, -73.015914702501647 ], [ -71.55259460146948, -73.01674293701204 ] ] } },
{ "type": "Feature", "properties": { "surface": "grounding line" }, "geometry": { "type": "LineString", "coordinates": [ [ -72.218769307717395, -70.476936914653606 ], [ -72.23325471329288, -70.478627209508204 ], [ -72.246085848855913, -70.474733488576092 ], [ -72.220513590066062, -70.466548878930041 ], [ -72.218769307717395, -70.476936914653606 ] ] } },
{ "type": "Feature", "properties": { "surface": "grounding line" }, "geometry": { "type": "LineString", "coordinates": [ [ -64.886948561245092, -68.626591865498924 ], [ -64.902787305894634, -68.636472585282078 ], [ -64.868862039804966, -68.643880524617586 ], [ -64.866350648714899, -68.640605186648713 ], [ -64.886948561245092, -68.626591865498924 ] ] } },
{ "type": "Feature", "properties": { "surface": "grounding line" }, "geometry": { "type": "LineString", "coordinates": [ [ -48.738661840155665, -77.745216204216945 ], [ -49.191919770837579, -77.790027593138447 ], [ -49.39256376828807, -77.848440982643908 ], [ -49.270456359899221, -77.862866897311719 ], [ -48.738661840155665, -77.745216204216945 ] ] } },
{ "type": "Feature", "properties": { "surface": "grounding line" }, "geometry": { "type": "LineString", "coordinates": [ [ -71.932053996682626, -70.111410262059252 ], [ -71.930447206172417, -70.111905270153457 ], [ -71.932886228405366, -70.112609944753089 ], [ -71.932053996682626, -70.111410262059252 ] ] } },
{ "type": "Feature", "properties": { "surface": "grounding line" }, "geometry": { "type": "LineString", "coordinates": [ [ -61.937022815496974, -74.497645684788566 ], [ -61.930949819202596, -74.498019815157448 ], [ -61.915031466679061, -74.502718875316077 ], [ -61.94100154409378, -74.501368996633545 ], [ -61.937022815496974, -74.497645684788566 ] ] } },
{ "type": "Feature", "properties": { "surface": "grounding line" }, "geometry": { "type": "LineString", "coordinates": [ [ -71.862215670778141, -70.187563499144673 ], [ -71.861584836069056, -70.18821669636074 ], [ -71.859230956609892, -70.187858672666906 ], [ -71.859560961222229, -70.187075598097707 ], [ -71.862215670778141, -70.187563499144673 ] ] } },
{ "type": "Feature", "properties": { "surface": "grounding line" }, "geometry": { "type": "LineString", "coordinates": [ [ -69.999996718501293, -70.300374580800877 ], [ -69.99121086433361, -70.295992366726296 ], [ -69.971571687751165, -70.304278845242877 ], [ -69.982930454318904, -70.308826043104901 ], [ -69.999996718501293, -70.300374580800877 ] ] } },
{ "type": "Feature", "properties": { "surface": "grounding line" }, "geometry": { "type": "LineString", "coordinates": [ [ -71.10182569684541, -70.956026245196853 ], [ -71.138019827276779, -70.925086498607456 ], [ -71.033190344612379, -70.932748945977522 ], [ -71.042660016053588, -70.947595182449419 ], [ -71.10182569684541, -70.956026245196853 ] ] } },
{ "type": "Feature", "properties": { "surface": "grounding line" }, "geometry": { "type": "LineString", "coordinates": [ [ -71.889967874634806, -70.17955982776607 ], [ -71.889473803586455, -70.180662132347692 ], [ -71.890969617769358, -70.180731695312986 ], [ -71.889967874634806, -70.17955982776607 ] ] } },
{ "type": "Feature", "properties": { "surface": "grounding line" }, "geometry": { "type": "LineString", "coordinates": [ [ -71.208454795939488, -70.838045815594938 ], [ -71.21593030014516, -70.841716420548963 ], [ -71.232988424880318, -70.841525036497131 ], [ -71.214783219593841, -70.836324711320927 ], [ -71.208454795939488, -70.838045815594938 ] ] } },
{ "type": "Feature", "properties": { "surface": "grounding line" }, "geometry": { "type": "LineString", "coordinates": [ [ -71.89539405265549, -70.176066183960813 ], [ -71.886441553517344, -70.176662411858729 ], [ -71.883950906269277, -70.175710876727905 ], [ -71.903354789678801, -70.174876323915058 ], [ -71.89539405265549, -70.176066183960813 ] ] } },
{ "type": "Feature", "properties": { "surface": "grounding line" }, "geometry": { "type": "LineString", "coordinates": [ [ -71.255404765549656, -70.969677315819908 ], [ -71.251318184499866, -70.968236894143516 ], [ -71.247216961905153, -70.969912024379127 ], [ -71.249710959150505, -70.970870940358225 ], [ -71.255404765549656, -70.969677315819908 ] ] } },
{ "type": "Feature", "properties": { "surface": "grounding line" }, "geometry": { "type": "LineString", "coordinates": [ [ -71.337933865671431, -70.892641115453301 ], [ -71.322502406850262, -70.884941427886162 ], [ -71.313583749376363, -70.887787283140469 ], [ -71.318485655093681, -70.891173829318873 ], [ -71.337933865671431, -70.892641115453301 ] ] } },
{ "type": "Feature", "properties": { "surface": "grounding line" }, "geometry": { "type": "LineString", "coordinates": [ [ -72.017201623472275, -70.182060034354208 ], [ -72.045525776716076, -70.184574980438583 ], [ -72.061391727654623, -70.188846497458414 ], [ -72.040839993455151, -70.187623485385544 ], [ -72.017201623472275, -70.182060034354208 ] ] } },
{ "type": "Feature", "properties": { "surface": "grounding line" }, "geometry": { "type": "LineString", "coordinates": [ [ -72.239974234896835, -70.494490971463904 ], [ -72.237007645170635, -70.49485712464886 ], [ -72.242685558612706, -70.494992571474654 ], [ -72.239974234896835, -70.494490971463904 ] ] } },
{ "type": "Feature", "properties": { "surface": "grounding line" }, "geometry": { "type": "LineString", "coordinates": [ [ -72.174723811146634, -70.225156061827306 ], [ -72.172893559036453, -70.225438216262035 ], [ -72.173577774279323, -70.224717816159199 ], [ -72.174723811146634, -70.225156061827306 ] ] } },
{ "type": "Feature", "properties": { "surface": "grounding line" }, "geometry": { "type": "LineString", "coordinates": [ [ -72.125732099765969, -70.042299184638338 ], [ -72.122378337605525, -70.030987778799968 ] ] } },
{ "type": "Feature", "properties": { "surface": "grounding line" }, "geometry": { "type": "LineString", "coordinates": [ [ -72.068591329976584, -70.122193071931974 ], [ -72.056883960808804, -70.12721004048089 ], [ -72.04395941648049, -70.124437038446047 ], [ -72.065315307894721, -70.120580202410125 ], [ -72.068591329976584, -70.122193071931974 ] ] } },
{ "type": "Feature", "properties": { "surface": "grounding line" }, "geometry": { "type": "LineString", "coordinates": [ [ -72.032311455616124, -70.168473217311629 ], [ -72.032374017487825, -70.169299004579685 ], [ -72.02886057993662, -70.168671307362857 ], [ -72.029828577997264, -70.168103471105681 ], [ -72.032311455616124, -70.168473217311629 ] ] } },
{ "type": "Feature", "properties": { "surface": "grounding line" }, "geometry": { "type": "LineString", "coordinates": [ [ -72.272316434120654, -70.181361129540122 ], [ -72.270562740112382, -70.177731550827545 ] ] } },
{ "type": "Feature", "properties": { "surface": "grounding line" }, "geometry": { "type": "LineString", "coordinates": [ [ -72.751039782518276, -71.363356110274992 ], [ -72.794908502404127, -71.357138285445942 ], [ -72.816689582683239, -71.348478555682632 ], [ -72.718106203621474, -71.344469432844008 ], [ -72.751039782518276, -71.363356110274992 ] ] } },
{ "type": "Feature", "properties": { "surface": "grounding line" }, "geometry": { "type": "LineString", "coordinates": [ [ -72.637283882764265, -71.043602259554831 ], [ -72.656210793594909, -71.042597257962868 ] ] } },
{ "type": "Feature", "properties": { "surface": "grounding line" }, "geometry": { "type": "LineString", "coordinates": [ [ -71.186628802636321, -72.979126752614519 ], [ -71.137432601760892, -72.985010826703885 ], [ -71.09665403044481, -72.995732481284193 ], [ -71.239266052201515, -72.990634128341028 ], [ -71.186628802636321, -72.979126752614519 ] ] } },
{ "type": "Feature", "properties": { "surface": "grounding line" }, "geometry": { "type": "LineString", "coordinates": [ [ -72.667211334386948, -71.048627140818851 ], [ -72.659753345265017, -71.057324628644835 ] ] } },
{ "type": "Feature", "properties": { "surface": "grounding line" }, "geometry": { "type": "LineString", "coordinates": [ [ -71.573641376595916, -73.211570065203745 ], [ -71.567711835487543, -73.213454334577492 ], [ -71.582024257678981, -73.212660916292975 ], [ -71.57967049575592, -73.211725254576208 ], [ -71.573641376595916, -73.211570065203745 ] ] } },
{ "type": "Feature", "properties": { "surface": "grounding line" }, "geometry": { "type": "LineString", "coordinates": [ [ -74.164637956193303, -73.544417933633071 ], [ -74.130348058602792, -73.555480840851246 ], [ -74.093847755127456, -73.550346099283658 ], [ -74.14354352559063, -73.538169551538047 ], [ -74.164637956193303, -73.544417933633071 ] ] } },
{ "type": "Feature", "properties": { "surface": "grounding line" }, "geometry": { "type": "LineString", "coordinates": [ [ -71.60260656790247, -73.213515595846161 ], [ -71.56747469166713, -73.232501559943088 ], [ -71.653074233612102, -73.223476737278844 ], [ -71.619364753319729, -73.21318030085645 ], [ -71.60260656790247, -73.213515595846161 ] ] } },
{ "type": "Feature", "properties": { "surface": "grounding line" }, "geometry": { "type": "LineString", "coordinates": [ [ -73.56352090649527, -71.870089096559354 ], [ -73.565263948360254, -71.885627394943839 ], [ -73.586769367345369, -71.878530750817049 ], [ -73.579468204248755, -71.870632960870964 ], [ -73.56352090649527, -71.870089096559354 ] ] } },
{ "type": "Feature", "properties": { "surface": "grounding line" }, "geometry": { "type": "LineString", "coordinates": [ [ -73.430073370401701, -73.298341460616768 ], [ -73.393817008713626, -73.295041466261694 ], [ -73.469569471036777, -73.275146279980262 ], [ -73.459638144265867, -73.293285663742509 ], [ -73.430073370401701, -73.298341460616768 ] ] } },
{ "type": "Feature", "properties": { "surface": "grounding line" }, "geometry": { "type": "LineString", "coordinates": [ [ -73.435040226511688, -73.305960830911346 ], [ -73.447467572693043, -73.31117139016159 ], [ -73.453054388900014, -73.303805416470198 ], [ -73.441334042036615, -73.303582496351808 ], [ -73.435040226511688, -73.305960830911346 ] ] } },
{ "type": "Feature", "properties": { "surface": "grounding line" }, "geometry": { "type": "LineString", "coordinates": [ [ -73.765107548347473, -73.353631969551316 ], [ -73.722325963437157, -73.365304168037838 ], [ -73.83340998800972, -73.391972026242939 ], [ -73.790257780147883, -73.356043805997203 ], [ -73.765107548347473, -73.353631969551316 ] ] } },
{ "type": "Feature", "properties": { "surface": "grounding line" }, "geometry": { "type": "LineString", "coordinates": [ [ -73.86355280054633, -73.358051838969175 ], [ -73.853076130896582, -73.354375711344446 ], [ -73.83606640834364, -73.359837693658221 ], [ -73.869716289549828, -73.360983611624135 ], [ -73.86355280054633, -73.358051838969175 ] ] } },
{ "type": "Feature", "properties": { "surface": "grounding line" }, "geometry": { "type": "LineString", "coordinates": [ [ -73.879694396964027, -73.407158404349659 ], [ -73.853898299187989, -73.414762389104823 ], [ -73.852080786971797, -73.416852880107839 ], [ -73.898268346460213, -73.405934705492484 ], [ -73.879694396964027, -73.407158404349659 ] ] } },
{ "type": "Feature", "properties": { "surface": "grounding line" }, "geometry": { "type": "LineString", "coordinates": [ [ -74.237745613690365, -73.540060942405148 ], [ -74.255842904486855, -73.540683229743337 ], [ -74.216690758384317, -73.536874719460641 ], [ -74.227791676499251, -73.541729881019236 ], [ -74.237745613690365, -73.540060942405148 ] ] } },
{ "type": "Feature", "properties": { "surface": "grounding line" }, "geometry": { "type": "LineString", "coordinates": [ [ -76.544873088803953, -73.728895016773535 ], [ -76.553077154878935, -73.763370147031608 ], [ -76.675480628183465, -73.762439612523735 ], [ -76.637224329545262, -73.738091746959981 ], [ -76.544873088803953, -73.728895016773535 ] ] } },
{ "type": "Feature", "properties": { "surface": "grounding line" }, "geometry": { "type": "LineString", "coordinates": [ [ -92.386597871793199, -72.718679122360243 ], [ -92.410437100141394, -72.727636821452464 ], [ -92.424394402759731, -72.720471182780386 ], [ -92.405421047326755, -72.715481984672422 ], [ -92.386597871793199, -72.718679122360243 ] ] } },
{ "type": "Feature", "properties": { "surface": "grounding line" }, "geometry": { "type": "LineString", "coordinates": [ [ -92.492235925479179, -72.731407904152249 ], [ -92.490344567476157, -72.725049793561851 ], [ -92.521157473330277, -72.729150361833561 ], [ -92.506512881832222, -72.732937781043461 ], [ -92.492235925479179, -72.731407904152249 ] ] } },
{ "type": "Feature", "properties": { "surface": "grounding line" }, "geometry": { "type": "LineString", "coordinates": [ [ -76.077495338182004, -73.634113636439452 ], [ -76.067646614683412, -73.635583435985396 ], [ -76.047661027939455, -73.645485284907863 ], [ -76.09768806885657, -73.640347680398875 ], [ -76.077495338182004, -73.634113636439452 ] ] } },
{ "type": "Feature", "properties": { "surface": "grounding line" }, "geometry": { "type": "LineString", "coordinates": [ [ -75.793912766666921, -73.64012324601029 ], [ -75.775102395073446, -73.639669382423079 ], [ -75.768306417211861, -73.644034439503955 ], [ -75.791482043049214, -73.646659619392651 ], [ -75.793912766666921, -73.64012324601029 ] ] } },
{ "type": "Feature", "properties": { "surface": "grounding line" }, "geometry": { "type": "LineString", "coordinates": [ [ -75.834653191170389, -73.61385004825398 ], [ -75.820192489676032, -73.619769786584172 ], [ -75.799883878961666, -73.616542867946336 ], [ -75.809165955013526, -73.610658450862303 ], [ -75.834653191170389, -73.61385004825398 ] ] } },
{ "type": "Feature", "properties": { "surface": "grounding line" }, "geometry": { "type": "LineString", "coordinates": [ [ -76.03319428320458, -73.63634541647636 ], [ -75.991430918590851, -73.640778072014044 ], [ -75.985922676874551, -73.645979730213313 ], [ -76.011183842636356, -73.650547929672769 ], [ -76.03319428320458, -73.63634541647636 ] ] } },
{ "type": "Feature", "properties": { "surface": "grounding line" }, "geometry": { "type": "LineString", "coordinates": [ [ -76.046862854145857, -73.614195955314187 ], [ -76.052645511623254, -73.626027921368319 ], [ -76.070419549884875, -73.62219435260711 ], [ -76.059038728834722, -73.61416035802722 ], [ -76.046862854145857, -73.614195955314187 ] ] } },
{ "type": "Feature", "properties": { "surface": "grounding line" }, "geometry": { "type": "LineString", "coordinates": [ [ -76.164935151839401, -73.635853689998683 ], [ -76.15395093566373, -73.63485147350832 ], [ -76.149191594359635, -73.637387045114849 ], [ -76.159795143209621, -73.639795453128968 ], [ -76.164935151839401, -73.635853689998683 ] ] } },
{ "type": "Feature", "properties": { "surface": "grounding line" }, "geometry": { "type": "LineString", "coordinates": [ [ -75.734444980140381, -73.635781150249599 ], [ -75.731066600311976, -73.634821971856667 ], [ -75.727661473493143, -73.635773274387759 ], [ -75.731823302233138, -73.637746578214077 ], [ -75.734444980140381, -73.635781150249599 ] ] } },
{ "type": "Feature", "properties": { "surface": "grounding line" }, "geometry": { "type": "LineString", "coordinates": [ [ -90.252567675247548, -72.881843061250308 ], [ -90.340015148293162, -72.88156178601983 ], [ -90.356928923171807, -72.897074487657449 ], [ -90.306867014634804, -72.910482749319584 ], [ -90.252567675247548, -72.881843061250308 ] ] } },
{ "type": "Feature", "properties": { "surface": "grounding line" }, "geometry": { "type": "LineString", "coordinates": [ [ -89.924333530509912, -72.915016718252488 ], [ -89.839530339579341, -72.849983156073733 ], [ -89.334207915640917, -72.931660501290253 ], [ -89.720018459643185, -73.083849464103764 ], [ -90.182303534208529, -73.090164738289616 ], [ -90.347854687597774, -73.013720404997784 ], [ -90.29673149678716, -72.945670228367376 ], [ -90.050075884668914, -72.990280080955969 ], [ -89.924333530509912, -72.915016718252488 ] ] } },
{ "type": "Feature", "properties": { "surface": "grounding line" }, "geometry": { "type": "LineString", "coordinates": [ [ -91.891630759986384, -73.027373816995478 ], [ -91.899331937710301, -73.028768082195114 ], [ -91.903660657673896, -73.032083338127819 ], [ -91.889565304419691, -73.034527657484418 ], [ -91.891630759986384, -73.027373816995478 ] ] } },
{ "type": "Feature", "properties": { "surface": "grounding line" }, "geometry": { "type": "LineString", "coordinates": [ [ -91.945750498209634, -73.058788757009921 ], [ -91.963388084496628, -73.05659426384473 ], [ -91.989480402231308, -73.058259120537457 ], [ -91.928751175632215, -73.071508693045857 ], [ -91.945750498209634, -73.058788757009921 ] ] } },
{ "type": "Feature", "properties": { "surface": "grounding line" }, "geometry": { "type": "LineString", "coordinates": [ [ -92.017692649266777, -73.045628368755047 ], [ -91.970385735237116, -73.051698666886281 ], [ -91.928473249493592, -73.037145872095209 ], [ -92.004042509480556, -73.030992104975027 ], [ -92.017692649266777, -73.045628368755047 ] ] } },
{ "type": "Feature", "properties": { "surface": "grounding line" }, "geometry": { "type": "LineString", "coordinates": [ [ -62.716570983408275, -68.456262242499662 ], [ -62.740566310105429, -68.454256719018176 ] ] } },
{ "type": "Feature", "properties": { "surface": "grounding line" }, "geometry": { "type": "LineString", "coordinates": [ [ -60.808056623365097, -72.541969520009033 ], [ -60.94471808829681, -72.577094588904785 ], [ -60.859469225896063, -72.535258715522019 ] ] } },
{ "type": "Feature", "properties": { "surface": "grounding line" }, "geometry": { "type": "LineString", "coordinates": [ [ -72.576918449982102, -72.27373165693345 ], [ -72.148524381273504, -72.380053454392552 ], [ -72.094100950077021, -72.317119996456015 ], [ -71.775142345308595, -72.354478806303163 ] ] } },
{ "type": "Feature", "properties": { "surface": "grounding line" }, "geometry": { "type": "LineString", "coordinates": [ [ -74.578502506887759, -69.861938488921339 ], [ -74.559581416244939, -69.892720612417236 ] ] } },
{ "type": "Feature", "properties": { "surface": "grounding line" }, "geometry": { "type": "LineString", "coordinates": [ [ -69.025959573952534, -70.173677300400314 ], [ -68.474750442024188, -70.618204809265805 ], [ -68.332287611856003, -70.794408618345656 ], [ -68.304358399085132, -71.000326319957253 ] ] } },
{ "type": "Feature", "properties": { "surface": "grounding line" }, "geometry": { "type": "LineString", "coordinates": [ [ -72.879626726918048, -71.099162887900775 ], [ -72.954411120216662, -71.096117159130173 ] ] } },
{ "type": "Feature", "properties": { "surface": "grounding line" }, "geometry": { "type": "LineString", "coordinates": [ [ -68.304358399085132, -71.000326319957253 ], [ -68.216902282174402, -71.177582818726876 ], [ -68.248596880566041, -71.451189912615234 ], [ -68.123990093732431, -71.582133305375152 ], [ -68.201115844398828, -71.844912041453128 ], [ -68.431064739198916, -71.987896856901784 ], [ -68.33081995326377, -72.060690849370744 ], [ -68.42517752042292, -72.228571980082492 ], [ -68.771782437932359, -72.260499293289726 ] ] } },
{ "type": "Feature", "properties": { "surface": "grounding line" }, "geometry": { "type": "LineString", "coordinates": [ [ -68.771782437932359, -72.260499293289726 ], [ -69.244679312368589, -72.430770661227442 ], [ -69.142030769243476, -72.488633540019435 ], [ -69.200794033778877, -72.531280035677625 ], [ -69.758573362721023, -72.613508428812395 ], [ -70.565297015390115, -72.680688166576545 ], [ -70.784080294540615, -72.567240945158957 ], [ -70.934280135649814, -72.658802711979845 ], [ -72.288294378744823, -72.6606313757094 ] ] } },
{ "type": "Feature", "properties": { "surface": "grounding line" }, "geometry": { "type": "LineString", "coordinates": [ [ -72.50972677860014, -72.603341017308722 ], [ -72.448982589501469, -72.567540640303605 ], [ -72.612281369907663, -72.596332922978945 ] ] } },
{ "type": "Feature", "properties": { "surface": "grounding line" }, "geometry": { "type": "LineString", "coordinates": [ [ -71.775142345308595, -72.354478806303163 ], [ -70.729930595349131, -72.39007753157459 ], [ -70.16443236037729, -72.264178709929126 ], [ -70.427463615650709, -72.130846328894023 ], [ -71.120911472382829, -72.274464051635235 ], [ -71.683709421187132, -72.213015832394646 ] ] } },
{ "type": "Feature", "properties": { "surface": "grounding line" }, "geometry": { "type": "LineString", "coordinates": [ [ -74.504431486299595, -71.650482775484292 ], [ -74.258828125857434, -71.658620011127169 ], [ -74.389618396270834, -71.596248012260062 ] ] } },
{ "type": "Feature", "properties": { "surface": "grounding line" }, "geometry": { "type": "LineString", "coordinates": [ [ -72.331730918926979, -69.689801903726575 ], [ -72.330488805546736, -69.690053335287587 ] ] } },
{ "type": "Feature", "properties": { "surface": "grounding line" }, "geometry": { "type": "LineString", "coordinates": [ [ -71.683709421187132, -72.213015832394646 ], [ -72.052660498411441, -72.140312008066672 ], [ -71.097952145109218, -72.026683721962698 ] ] } },
{ "type": "Feature", "properties": { "surface": "grounding line" }, "geometry": { "type": "LineString", "coordinates": [ [ -73.672088468804461, -71.378191702580409 ], [ -73.323877831338208, -71.544965191165545 ], [ -73.592502762397032, -71.562252645635581 ] ] } },
{ "type": "Feature", "properties": { "surface": "grounding line" }, "geometry": { "type": "LineString", "coordinates": [ [ -71.097952145109218, -72.026683721962698 ], [ -70.755820338158927, -71.983776381411872 ], [ -70.708027032579423, -71.870125469091363 ], [ -71.141208841133491, -71.906671567342954 ], [ -71.386388485179452, -71.834700332688286 ], [ -71.789131853519237, -71.894988714333735 ], [ -71.864526746707512, -71.86489910355526 ], [ -71.832090528772468, -71.78370617435435 ], [ -72.059497365047335, -71.714738577591021 ] ] } },
{ "type": "Feature", "properties": { "surface": "grounding line" }, "geometry": { "type": "LineString", "coordinates": [ [ -60.915833741602135, -73.900599797614163 ], [ -61.036241590265178, -73.963758469180362 ] ] } },
{ "type": "Feature", "properties": { "surface": "grounding line" }, "geometry": { "type": "LineString", "coordinates": [ [ -72.059497365047335, -71.714738577591021 ], [ -72.324536691012412, -71.623020164386801 ], [ -72.559309546293875, -71.748693796918985 ], [ -72.703023310262481, -71.734756278329797 ], [ -72.711343070975587, -71.864222951861962 ], [ -72.798363765639024, -71.908770846021611 ], [ -73.178446274487527, -71.925356428013302 ] ] } },
{ "type": "Feature", "properties": { "surface": "grounding line" }, "geometry": { "type": "LineString", "coordinates": [ [ -73.178446274487527, -71.925356428013302 ], [ -73.474573091090193, -71.831388617855694 ], [ -73.920593361385841, -71.853613485813284 ], [ -73.514072919579604, -72.016996810069827 ] ] } },
{ "type": "Feature", "properties": { "surface": "grounding line" }, "geometry": { "type": "LineString", "coordinates": [ [ -70.978153032080144, -70.2358229895531 ], [ -70.748085104827979, -70.120731688814146 ], [ -70.495913686688141, -70.228347696409614 ], [ -69.98145874044711, -70.252186198342699 ], [ -69.748660909928859, -70.342922364980879 ], [ -70.147300414768154, -70.315737084231657 ], [ -70.979209535991018, -70.451475244079958 ], [ -71.254800861933063, -70.649723276024147 ], [ -71.209020431737414, -70.751314106957182 ], [ -70.121377247831091, -70.892940631890326 ], [ -69.828598486376407, -70.836748330603427 ], [ -69.793710296466102, -70.908517631074488 ], [ -70.735302456504911, -70.995688412491774 ], [ -71.360115855311065, -70.962846172379244 ], [ -71.366390670696163, -71.055990863050567 ], [ -71.629106174565067, -71.151862979812677 ], [ -72.761305731829225, -71.067301779596221 ] ] } },
{ "type": "Feature", "properties": { "surface": "grounding line" }, "geometry": { "type": "LineString", "coordinates": [ [ -75.177078913076656, -71.799210483065906 ], [ -75.053354474401104, -71.789711101219979 ], [ -75.111789893608659, -71.771328725334087 ] ] } },
{ "type": "Feature", "properties": { "surface": "grounding line" }, "geometry": { "type": "LineString", "coordinates": [ [ -73.592502762397032, -71.562252645635581 ], [ -73.996969698387034, -71.421154336596715 ] ] } },
{ "type": "Feature", "properties": { "surface": "grounding line" }, "geometry": { "type": "LineString", "coordinates": [ [ -73.169651226860481, -71.32495091096969 ], [ -72.838805120491102, -71.40472445946483 ], [ -72.205594500330363, -71.330231790063507 ], [ -72.96522369068677, -71.218761447287164 ] ] } },
{ "type": "Feature", "properties": { "surface": "grounding line" }, "geometry": { "type": "LineString", "coordinates": [ [ -71.926550487632426, -69.958586950870838 ], [ -70.978153032080144, -70.2358229895531 ] ] } },
{ "type": "Feature", "properties": { "surface": "grounding line" }, "geometry": { "type": "LineString", "coordinates": [ [ -71.411311474715916, -70.271035336814123 ], [ -71.820278920840281, -70.2914669791504 ], [ -71.732067096985134, -70.427285243171482 ], [ -71.613037168344079, -70.456107589393184 ], [ -71.348651916179719, -70.283124760372985 ] ] } },
{ "type": "Feature", "properties": { "surface": "grounding line" }, "geometry": { "type": "LineString", "coordinates": [ [ -71.972660845762107, -69.696787434119528 ], [ -72.412793499052924, -69.68283910335623 ] ] } },
{ "type": "Feature", "properties": { "surface": "grounding line" }, "geometry": { "type": "LineString", "coordinates": [ [ -59.804234958414298, -80.346160634575369 ], [ -59.857804438806703, -80.528684804927835 ] ] } },
{ "type": "Feature", "properties": { "surface": "grounding line" }, "geometry": { "type": "LineString", "coordinates": [ [ -72.238111993085411, -69.565644355761819 ], [ -72.257133841212777, -69.599314052388735 ] ] } },
{ "type": "Feature", "properties": { "surface": "grounding line" }, "geometry": { "type": "LineString", "coordinates": [ [ -59.857804438806703, -80.528684804927835 ], [ -59.877178798545899, -80.588055345373036 ] ] } },
{ "type": "Feature", "properties": { "surface": "grounding line" }, "geometry": { "type": "LineString", "coordinates": [ [ -71.828503388892784, -73.20455915490821 ], [ -71.945534499852613, -73.239556669217507 ] ] } },
{ "type": "Feature", "properties": { "surface": "grounding line" }, "geometry": { "type": "LineString", "coordinates": [ [ -71.945534499852613, -73.239556669217507 ], [ -72.11168983257474, -73.205717196373939 ] ] } },
{ "type": "Feature", "properties": { "surface": "grounding line" }, "geometry": { "type": "LineString", "coordinates": [ [ -70.657379579428351, -70.2474969952832 ], [ -70.639009214188761, -70.305961730506226 ], [ -70.777803622553705, -70.330266780103855 ], [ -70.781177494148707, -70.261179876081414 ], [ -70.657379579428351, -70.2474969952832 ] ] } },
{ "type": "Feature", "properties": { "surface": "grounding line" }, "geometry": { "type": "LineString", "coordinates": [ [ -73.486759017822507, -73.161031763972062 ], [ -73.481260348998532, -73.168122003895675 ], [ -73.465494184712625, -73.163420337234825 ], [ -73.478311596640324, -73.159723861769535 ], [ -73.486759017822507, -73.161031763972062 ] ] } },
{ "type": "Feature", "properties": { "surface": "grounding line" }, "geometry": { "type": "LineString", "coordinates": [ [ -60.108870122471835, -66.838325457492729 ], [ -60.210134149913323, -66.903887831922432 ] ] } },
{ "type": "Feature", "properties": { "surface": "grounding line" }, "geometry": { "type": "LineString", "coordinates": [ [ -65.282469090557939, -67.660341397041918 ], [ -65.302040294528794, -67.653533962621452 ], [ -65.307029666702192, -67.656750511635479 ], [ -65.267651931690324, -67.665214937951419 ], [ -65.282469090557939, -67.660341397041918 ] ] } },
{ "type": "Feature", "properties": { "surface": "grounding line" }, "geometry": { "type": "LineString", "coordinates": [ [ -63.649378720233777, -66.519624253591928 ], [ -63.692448918609472, -66.516639390998648 ], [ -63.712000493912981, -66.521966899890387 ], [ -63.660449994011046, -66.547109930048521 ], [ -63.649378720233777, -66.519624253591928 ] ] } },
{ "type": "Feature", "properties": { "surface": "grounding line" }, "geometry": { "type": "LineString", "coordinates": [ [ -64.897380224697358, -67.596736784296979 ], [ -65.007412410699672, -67.619315444188274 ], [ -64.942574572708949, -67.690598078960392 ], [ -64.563899563778961, -67.62037136891 ], [ -64.897380224697358, -67.596736784296979 ] ] } },
{ "type": "Feature", "properties": { "surface": "grounding line" }, "geometry": { "type": "LineString", "coordinates": [ [ -65.062726865045875, -67.843597600616164 ], [ -64.984710335360134, -67.804075685999649 ], [ -65.311147840215753, -67.82830063742567 ], [ -65.127028912574119, -67.827070474111267 ], [ -65.062726865045875, -67.843597600616164 ] ] } },
{ "type": "Feature", "properties": { "surface": "grounding line" }, "geometry": { "type": "LineString", "coordinates": [ [ -16.352263073312958, -72.456732135109689 ], [ -16.109093423747215, -72.688314177799484 ], [ -16.426997210543966, -72.682174403150526 ], [ -16.524307132652044, -72.528249586725124 ] ] } },
{ "type": "Feature", "properties": { "surface": "grounding line" }, "geometry": { "type": "LineString", "coordinates": [ [ -6.278151084340448, -70.461368210604448 ], [ -6.34148483777304, -70.494285282326729 ], [ -6.102870742029305, -70.622061643158318 ], [ -5.860145486222073, -70.556413165915274 ], [ -5.968289877916622, -70.412632885622287 ] ] } },
{ "type": "Feature", "properties": { "surface": "grounding line" }, "geometry": { "type": "LineString", "coordinates": [ [ -1.849456290155792, -70.159282460097202 ], [ -1.793846250226934, -70.210502624545967 ], [ -1.905974535621553, -70.175396096876085 ] ] } },
{ "type": "Feature", "properties": { "surface": "grounding line" }, "geometry": { "type": "LineString", "coordinates": [ [ -2.159346784812322, -70.188923395091862 ], [ -2.09116101313168, -70.22489166245029 ], [ -2.246342702409882, -70.18664193451599 ] ] } },
{ "type": "Feature", "properties": { "surface": "grounding line" }, "geometry": { "type": "LineString", "coordinates": [ [ -7.751670716858817, -70.69160680212579 ], [ -8.078453285696215, -70.671231613434713 ] ] } },
{ "type": "Feature", "properties": { "surface": "grounding line" }, "geometry": { "type": "LineString", "coordinates": [ [ -12.861277336749403, -71.996797561564691 ], [ -12.488649755377878, -72.170746623122099 ], [ -12.880881512817947, -72.154367963662253 ], [ -12.972028673331049, -72.068089529836001 ], [ -12.92332455204058, -72.010571589964897 ] ] } },
{ "type": "Feature", "properties": { "surface": "grounding line" }, "geometry": { "type": "LineString", "coordinates": [ [ -3.480538495214711, -70.477658205309865 ], [ -3.416882868368638, -70.542510662024483 ], [ -2.723610821608669, -70.506165230801173 ], [ -2.681715440769913, -70.329492752653053 ], [ -2.805673989995904, -70.302825269342776 ] ] } },
{ "type": "Feature", "properties": { "surface": "grounding line" }, "geometry": { "type": "LineString", "coordinates": [ [ -2.829914227494453, -71.00010028536272 ], [ -2.982646082236996, -70.934253902132738 ], [ -2.933240179692084, -70.8862620663906 ], [ -3.010539838998315, -70.8420360382773 ], [ -3.590745136421958, -70.71632272012323 ], [ -2.642878464380566, -70.699494894691696 ], [ -2.502279833111825, -70.742164856531062 ], [ -2.744589210167196, -70.811466232086374 ], [ -2.057605879801783, -70.830494600821538 ], [ -2.34846942704674, -70.96762612195532 ], [ -2.26906526971398, -71.000018406299318 ] ] } },
{ "type": "Feature", "properties": { "surface": "grounding line" }, "geometry": { "type": "LineString", "coordinates": [ [ -2.26906526971398, -71.000018406299318 ], [ -2.752895791268788, -71.174033253928812 ], [ -2.897839711410003, -71.042538076005215 ], [ -2.829914227494453, -71.00010028536272 ] ] } },
{ "type": "Feature", "properties": { "surface": "grounding line" }, "geometry": { "type": "LineString", "coordinates": [ [ -20.637884271564527, -73.593249078955409 ], [ -20.505911061143326, -73.677316747994496 ], [ -20.584229559911741, -73.735616375866158 ], [ -20.516874658669362, -73.80027320690975 ], [ -20.736346758243286, -74.084755467894396 ], [ -20.39284733789269, -74.358850734793194 ], [ -20.439397186493558, -74.49284795576412 ], [ -20.856865837925181, -74.463358300307348 ], [ -20.991510613629952, -74.206716433272703 ], [ -21.147853494830468, -74.135984195459258 ], [ -21.922170784052973, -74.103796291177375 ] ] } },
{ "type": "Feature", "properties": { "surface": "grounding line" }, "geometry": { "type": "LineString", "coordinates": [ [ -92.586459977795371, -72.695369140951769 ], [ -92.556818748505307, -72.708867806915876 ], [ -92.538569625254397, -72.694390047021187 ], [ -92.586459977795371, -72.695369140951769 ] ] } },
{ "type": "Feature", "properties": { "surface": "grounding line" }, "geometry": { "type": "LineString", "coordinates": [ [ -17.619864874217807, -72.742381115797329 ], [ -17.649654724475369, -72.767786411628933 ], [ -17.717302528448151, -72.748762667341083 ], [ -17.658753067595498, -72.729421140594781 ], [ -17.619864874217807, -72.742381115797329 ] ] } },
{ "type": "Feature", "properties": { "surface": "grounding line" }, "geometry": { "type": "LineString", "coordinates": [ [ -13.09390454465437, -72.094800128322873 ], [ -13.109251437679722, -72.092030661807215 ], [ -13.114991309794364, -72.079564958540814 ], [ -13.078418905293447, -72.086974083865314 ], [ -13.09390454465437, -72.094800128322873 ] ] } },
{ "type": "Feature", "properties": { "surface": "grounding line" }, "geometry": { "type": "LineString", "coordinates": [ [ -12.929827991397625, -72.137351849376032 ], [ -12.955660526236908, -72.146074187225267 ], [ -13.028824341229441, -72.140608614358385 ], [ -13.076483549359638, -72.103318134022871 ], [ -12.929827991397625, -72.137351849376032 ] ] } },
{ "type": "Feature", "properties": { "surface": "grounding line" }, "geometry": { "type": "LineString", "coordinates": [ [ -2.9999974686662, -71.188521138179453 ], [ -2.935013261373996, -71.224502838896868 ], [ -3.296533950031623, -71.210986126199785 ], [ -3.41065908902847, -71.058267151316656 ], [ -3.233376410589211, -71.053277650515653 ], [ -2.9999974686662, -71.188521138179453 ] ] } },
{ "type": "Feature", "properties": { "surface": "grounding line" }, "geometry": { "type": "LineString", "coordinates": [ [ -60.850148517963135, -68.774483969357021 ], [ -61.031324830112382, -68.713172282574121 ], [ -60.895628956711349, -68.685589398050894 ] ] } },
{ "type": "Feature", "properties": { "surface": "grounding line" }, "geometry": { "type": "LineString", "coordinates": [ [ -60.760397544119286, -64.942812174124001 ], [ -60.814206637421272, -64.936786718518462 ] ] } },
{ "type": "Feature", "properties": { "surface": "grounding line" }, "geometry": { "type": "LineString", "coordinates": [ [ -60.411057318524001, -64.987215266612012 ], [ -60.377649570964536, -64.988253289306627 ] ] } },
{ "type": "Feature", "properties": { "surface": "grounding line" }, "geometry": { "type": "LineString", "coordinates": [ [ -60.082134895027075, -65.010398279878359 ], [ -60.043098372584069, -65.047844458724484 ] ] } },
{ "type": "Feature", "properties": { "surface": "grounding line" }, "geometry": { "type": "LineString", "coordinates": [ [ -60.310390374011057, -65.061602445097435 ], [ -60.193724761069788, -65.081678076298303 ] ] } },
{ "type": "Feature", "properties": { "surface": "grounding line" }, "geometry": { "type": "LineString", "coordinates": [ [ -60.428695447631839, -65.076782693448266 ], [ -60.394189594723073, -65.067960757301122 ] ] } },
{ "type": "Feature", "properties": { "surface": "grounding line" }, "geometry": { "type": "LineString", "coordinates": [ [ -60.130186381480243, -65.094196776595368 ], [ -60.04024311331419, -65.124895441955914 ] ] } },
{ "type": "Feature", "properties": { "surface": "grounding line" }, "geometry": { "type": "LineString", "coordinates": [ [ -60.021598198789533, -65.147307287505242 ], [ -59.9185242553094, -65.162505160156471 ] ] } },
{ "type": "Feature", "properties": { "surface": "grounding line" }, "geometry": { "type": "LineString", "coordinates": [ [ -59.824382900894271, -65.156659120601233 ], [ -59.829512578431967, -65.109342762089582 ] ] } },
{ "type": "Feature", "properties": { "surface": "grounding line" }, "geometry": { "type": "LineString", "coordinates": [ [ -60.292590870090763, -65.011618324872629 ], [ -60.299913062051125, -65.026126364727233 ] ] } },
{ "type": "Feature", "properties": { "surface": "grounding line" }, "geometry": { "type": "LineString", "coordinates": [ [ -72.280537038208763, -69.684828292704509 ], [ -72.281193170536667, -69.685585367961224 ], [ -72.285184368790198, -69.685388684787469 ], [ -72.283564557001398, -69.684609031191499 ], [ -72.280537038208763, -69.684828292704509 ] ] } },
{ "type": "Feature", "properties": { "surface": "grounding line" }, "geometry": { "type": "LineString", "coordinates": [ [ -60.117221175202396, -65.072605091258637 ], [ -60.120038035821416, -65.069903370750851 ], [ -60.134936317684605, -65.073833374502712 ], [ -60.10288419841946, -65.079811470136391 ], [ -60.117221175202396, -65.072605091258637 ] ] } },
{ "type": "Feature", "properties": { "surface": "grounding line" }, "geometry": { "type": "LineString", "coordinates": [ [ -50.197460482198466, -78.843408584832162 ], [ -50.360442588188207, -78.924860039916496 ] ] } },
{ "type": "Feature", "properties": { "surface": "grounding line" }, "geometry": { "type": "LineString", "coordinates": [ [ -72.197938245086135, -69.711502755943187 ], [ -72.195856963568616, -69.711495896270861 ] ] } },
{ "type": "Feature", "properties": { "surface": "grounding line" }, "geometry": { "type": "LineString", "coordinates": [ [ -72.311624975397621, -69.712353476389723 ], [ -72.303693503072921, -69.709231798727728 ] ] } },
{ "type": "Feature", "properties": { "surface": "grounding line" }, "geometry": { "type": "LineString", "coordinates": [ [ -71.485623238651471, -73.052633024167378 ], [ -71.481061890133859, -73.054653387858934 ] ] } },
{ "type": "Feature", "properties": { "surface": "grounding line" }, "geometry": { "type": "LineString", "coordinates": [ [ -66.917886547285903, -69.052101698998939 ], [ -66.93894379027634, -69.045478071077724 ] ] } },
{ "type": "Feature", "properties": { "surface": "grounding line" }, "geometry": { "type": "LineString", "coordinates": [ [ -60.361800782535433, -73.327859374209339 ], [ -60.185760190511637, -73.315670734069911 ] ] } },
{ "type": "Feature", "properties": { "surface": "grounding line" }, "geometry": { "type": "LineString", "coordinates": [ [ -83.843324995587125, -78.47878063394387 ], [ -83.873453309968369, -78.435669376290363 ], [ -83.652544180618264, -78.331508783299313 ], [ -83.181390968617777, -78.431017160969233 ], [ -83.181642227148046, -78.518555058970591 ], [ -82.919479653458325, -78.479809524832604 ], [ -83.548428630597726, -78.226080235996903 ], [ -83.445548093068282, -78.202947463686698 ], [ -81.851530286346176, -78.613684929252003 ], [ -80.721391983224891, -78.806293981772399 ], [ -78.52305830790759, -78.822623519253099 ], [ -77.676903995133728, -78.724639112425862 ], [ -77.326694448423922, -78.623721747393219 ], [ -77.325714760546887, -78.538733109762518 ], [ -77.416662894439895, -78.426807611536887 ], [ -77.905224499923321, -78.32395154791196 ], [ -81.641403840349966, -77.845464995797855 ], [ -80.828390110200331, -77.809166719099522 ], [ -80.672244287963295, -77.758688634107884 ], [ -80.715030807221837, -77.689683403463732 ], [ -80.063542186639893, -77.812069574907781 ], [ -75.646322845128651, -78.074536850140859 ], [ -75.016061604172066, -78.22598088375193 ], [ -73.474066513922168, -78.01987986960242 ], [ -72.743515875514973, -77.666983846473698 ], [ -72.793458711332931, -77.602404231379438 ], [ -72.733201157974506, -77.578571273820089 ], [ -73.872125081671783, -77.490132597889243 ], [ -75.288248193453128, -77.413331210605207 ], [ -75.521746237065983, -77.463776314784567 ], [ -75.949045253214649, -77.366371023395999 ], [ -76.192757777194473, -77.439681111726728 ], [ -76.223688408049341, -77.377060249950304 ], [ -76.094169119670013, -77.335795471065524 ], [ -76.997984077927342, -77.033829650434797 ], [ -76.810229913283507, -77.016043044636262 ], [ -77.53037818871988, -76.730447295937324 ], [ -77.518125304611672, -76.631812891177077 ], [ -77.713334352462155, -76.46831782002856 ], [ -78.213521841799576, -76.357707075000505 ], [ -78.157315223847348, -76.327378084456186 ], [ -78.426221388377598, -76.171007813805446 ], [ -78.227090875772404, -76.104862757306407 ], [ -77.450713809764011, -76.234501897156306 ], [ -76.848978051542034, -76.628302560258774 ], [ -76.28606486280755, -76.532607000249229 ], [ -75.792420171057472, -76.642589863003835 ], [ -75.585556264164595, -76.597074960788348 ], [ -75.698155821633975, -76.54018224715584 ], [ -73.768782019100911, -76.717867091955412 ], [ -73.941744868883788, -76.659223577139784 ], [ -70.472673196790055, -76.743435760972005 ], [ -70.580456818148448, -76.714819608975134 ], [ -69.812691983225321, -76.621984914261461 ], [ -70.12875345875085, -76.607790443527293 ], [ -69.835258976492796, -76.527125950969165 ], [ -70.075962395434999, -76.491648990140646 ], [ -69.768839566562178, -76.461768568406114 ], [ -70.173026471524054, -76.457735085923687 ], [ -70.127960082666803, -76.411796757354736 ], [ -67.943576401406219, -76.229780291306184 ], [ -68.152690451924641, -76.173929120698489 ], [ -66.266698205558001, -76.013432198001468 ], [ -63.903115601065288, -75.609024448328483 ], [ -63.075555194869963, -75.357465115703064 ], [ -64.346429236521743, -75.373931631895431 ], [ -64.444646315434028, -75.312046673597706 ], [ -64.164334217617977, -75.213555620772112 ], [ -63.245925603520149, -75.169384635693504 ] ] } },
{ "type": "Feature", "properties": { "surface": "grounding line" }, "geometry": { "type": "LineString", "coordinates": [ [ -85.504688512654781, -73.348270032294266 ], [ -85.826549556832163, -73.177354982642271 ], [ -86.720414016733713, -73.385025764458632 ], [ -87.398619556662638, -73.233507284463698 ], [ -87.328719687869224, -73.173407262378149 ], [ -88.428224205079061, -73.261100535070014 ], [ -88.71137307941747, -73.133854984058715 ], [ -88.336769846213883, -72.956726659134205 ], [ -88.472107885761417, -72.928122125976756 ], [ -88.103824970574593, -72.846945055039271 ] ] } },
{ "type": "Feature", "properties": { "surface": "grounding line" }, "geometry": { "type": "LineString", "coordinates": [ [ -85.303400121845755, -73.45786250154714 ], [ -85.522709588976966, -73.465561511127277 ], [ -85.432834079945664, -73.417943054126482 ] ] } },
{ "type": "Feature", "properties": { "surface": "grounding line" }, "geometry": { "type": "LineString", "coordinates": [ [ -81.306664721643628, -79.326615606219505 ], [ -81.146716487520209, -79.20367521558957 ], [ -81.381611812251407, -79.221362164714336 ], [ -81.637366801789909, -79.104146505358187 ], [ -81.822490323358252, -79.10987067299844 ], [ -81.747969119854901, -79.064283245562237 ], [ -82.651364142645292, -78.925751762927931 ], [ -82.558264677231747, -78.873385746276838 ], [ -83.079696603564102, -78.845699529081202 ], [ -83.837393635080517, -78.484812303988122 ] ] } },
{ "type": "Feature", "properties": { "surface": "grounding line" }, "geometry": { "type": "LineString", "coordinates": [ [ -83.473525906444593, -73.68828227447375 ], [ -83.744136614651453, -73.709076114090351 ], [ -83.820593421490386, -73.670125814694771 ], [ -83.769101467087523, -73.606298913550134 ] ] } },
{ "type": "Feature", "properties": { "surface": "grounding line" }, "geometry": { "type": "LineString", "coordinates": [ [ -81.983599598062071, -73.8413992789189 ], [ -82.263722144006422, -73.839768633613303 ] ] } },
{ "type": "Feature", "properties": { "surface": "grounding line" }, "geometry": { "type": "LineString", "coordinates": [ [ -80.369813978833974, -73.32918597794442 ], [ -80.238451866443711, -73.402093701179354 ], [ -80.585375748298219, -73.345108606880629 ] ] } },
{ "type": "Feature", "properties": { "surface": "grounding line" }, "geometry": { "type": "LineString", "coordinates": [ [ -62.245477230162763, -74.964215658752224 ], [ -62.540656892132205, -74.985933862283602 ], [ -62.603099257587211, -74.788654821179108 ], [ -63.120575720670629, -74.65539678854303 ], [ -63.298716798023797, -74.711610184401167 ], [ -63.05934881226591, -74.905137341252086 ], [ -63.529348597189369, -74.863456113771747 ], [ -63.580964339860166, -74.929681552799309 ], [ -64.083779676044628, -75.005472531233309 ], [ -63.311523768313918, -75.009986972866074 ], [ -63.035198759699419, -75.141055900485057 ], [ -63.177966916500218, -75.161659090444417 ] ] } },
{ "type": "Feature", "properties": { "surface": "grounding line" }, "geometry": { "type": "LineString", "coordinates": [ [ -67.595061482563807, -71.472168163999257 ], [ -67.624419839654834, -71.531869502831455 ], [ -67.529994632509499, -71.61643826204309 ], [ -66.772416906529386, -71.959625384170465 ], [ -66.747126055984324, -72.071917070616806 ], [ -66.831215697353272, -72.098741782294695 ], [ -66.751171923371118, -72.13344070126152 ], [ -67.206383067654173, -72.447341431638151 ], [ -67.213897488252414, -72.595558402104373 ], [ -67.604985052634859, -72.772856028478529 ], [ -67.517248366275098, -72.840026136965037 ], [ -68.514591444468721, -73.00746391843478 ], [ -68.462516060588811, -73.038500277976297 ], [ -68.665190756063112, -73.093666791879372 ], [ -70.207619959095908, -73.213008650833075 ], [ -70.270260074635473, -73.281118289298973 ], [ -70.871410417333095, -73.251232778265035 ], [ -71.329364040967164, -73.279723887234724 ], [ -71.450879187093236, -73.35996464613666 ], [ -72.459512809509306, -73.377974556966663 ], [ -72.355712172234988, -73.458125048561911 ], [ -73.10881840804268, -73.421510411458769 ], [ -73.246512474801918, -73.522805593573679 ], [ -74.159708430706573, -73.689750456458384 ], [ -74.54905800760821, -73.656658215793001 ], [ -74.580485108348427, -73.724242418509348 ], [ -75.301145040092763, -73.618493363824939 ], [ -75.570494464334899, -73.718487148591194 ], [ -75.778490732343201, -73.655848666428966 ], [ -75.769321920725375, -73.724525242393895 ], [ -76.289104245681884, -73.813571374217517 ], [ -76.764063997874018, -73.777782999400344 ], [ -77.117815060907418, -73.849199464953131 ], [ -77.252864504577659, -73.81531431146216 ], [ -76.702540978752467, -73.539340349632184 ], [ -76.902833302262181, -73.457762986292281 ], [ -77.503503026343338, -73.457429769340408 ], [ -78.88295459900165, -73.576462869012346 ], [ -78.725699244156246, -73.404269109407309 ] ] } },
{ "type": "Feature", "properties": { "surface": "grounding line" }, "geometry": { "type": "LineString", "coordinates": [ [ -67.624365494537471, -71.427432894222292 ], [ -67.597735718618338, -71.464307107152337 ] ] } },
{ "type": "Feature", "properties": { "surface": "grounding line" }, "geometry": { "type": "LineString", "coordinates": [ [ -67.554763274045428, -71.316465702497851 ], [ -67.628584608368698, -71.42528775230663 ] ] } },
{ "type": "Feature", "properties": { "surface": "grounding line" }, "geometry": { "type": "LineString", "coordinates": [ [ -67.54429442645079, -71.300363848623647 ], [ -67.546926097085091, -71.30760366979095 ] ] } },
{ "type": "Feature", "properties": { "surface": "grounding line" }, "geometry": { "type": "LineString", "coordinates": [ [ -67.52783591443611, -71.285962373240636 ], [ -67.529882562030508, -71.286552937639684 ] ] } },
{ "type": "Feature", "properties": { "surface": "grounding line" }, "geometry": { "type": "LineString", "coordinates": [ [ -67.49910754498714, -71.277971903165337 ], [ -67.519528856667776, -71.284015299089447 ] ] } },
{ "type": "Feature", "properties": { "surface": "grounding line" }, "geometry": { "type": "LineString", "coordinates": [ [ -61.80022460719951, -74.748699492064787 ], [ -62.358003749900959, -74.406593324018729 ], [ -61.448427318214669, -74.538160751197239 ] ] } },
{ "type": "Feature", "properties": { "surface": "grounding line" }, "geometry": { "type": "LineString", "coordinates": [ [ -67.433893569834581, -71.035145413549486 ], [ -67.386959089860241, -71.06859982403779 ], [ -67.568965979873525, -71.082363884998429 ], [ -67.463749868889508, -71.168826487981462 ], [ -67.555119973784755, -71.204478006987969 ], [ -67.495614545361647, -71.272529100009223 ] ] } },
{ "type": "Feature", "properties": { "surface": "grounding line" }, "geometry": { "type": "LineString", "coordinates": [ [ -67.429353059317734, -71.029167159646647 ], [ -67.431187543359556, -71.031461487346959 ] ] } },
{ "type": "Feature", "properties": { "surface": "grounding line" }, "geometry": { "type": "LineString", "coordinates": [ [ -67.41711549349435, -71.020667104278971 ], [ -67.426870680294812, -71.026878227168453 ] ] } },
{ "type": "Feature", "properties": { "surface": "grounding line" }, "geometry": { "type": "LineString", "coordinates": [ [ -68.42536398441645, -70.090160068745817 ], [ -68.189910994348992, -70.230464376164946 ] ] } },
{ "type": "Feature", "properties": { "surface": "grounding line" }, "geometry": { "type": "LineString", "coordinates": [ [ -68.18502793510909, -70.231576110676812 ], [ -68.171800205014108, -70.234523686317445 ] ] } },
{ "type": "Feature", "properties": { "surface": "grounding line" }, "geometry": { "type": "LineString", "coordinates": [ [ -67.869726635083836, -70.493523757530468 ], [ -67.702372620886052, -70.606732521455115 ], [ -67.810884642000673, -70.641407430040971 ], [ -67.658960931805865, -70.704119192867694 ], [ -67.709899172234202, -70.760657181745813 ], [ -67.6473699152519, -70.864319258040894 ], [ -67.410380547144442, -71.018114742571214 ] ] } },
{ "type": "Feature", "properties": { "surface": "grounding line" }, "geometry": { "type": "LineString", "coordinates": [ [ -68.169655453287191, -70.234997089257831 ], [ -67.964572023574604, -70.297204283046796 ], [ -67.870547313477942, -70.491032601853135 ] ] } },
{ "type": "Feature", "properties": { "surface": "grounding line" }, "geometry": { "type": "LineString", "coordinates": [ [ -60.941902460614585, -74.429689480718721 ], [ -61.03772132048136, -74.410720459942894 ], [ -60.9302492756769, -74.385699869918724 ] ] } },
{ "type": "Feature", "properties": { "surface": "grounding line" }, "geometry": { "type": "LineString", "coordinates": [ [ -61.674975673895403, -73.992666246548922 ], [ -61.631293364110299, -73.96182905086188 ] ] } },
{ "type": "Feature", "properties": { "surface": "grounding line" }, "geometry": { "type": "LineString", "coordinates": [ [ -61.794080000777861, -73.929491006941547 ], [ -61.413770818638902, -73.870037858026365 ], [ -61.036241590265178, -73.963758469180362 ] ] } },
{ "type": "Feature", "properties": { "surface": "grounding line" }, "geometry": { "type": "LineString", "coordinates": [ [ -61.232441907812124, -74.201791134480089 ], [ -61.589338659037168, -74.227720872097976 ], [ -61.644835684416101, -74.292276120442537 ], [ -61.373621266659221, -74.335794164361502 ], [ -60.745921517535599, -74.243040526191848 ] ] } },
{ "type": "Feature", "properties": { "surface": "grounding line" }, "geometry": { "type": "LineString", "coordinates": [ [ -61.698956633485949, -73.94530765344274 ], [ -61.787333563303385, -73.930416521176525 ] ] } },
{ "type": "Feature", "properties": { "surface": "grounding line" }, "geometry": { "type": "LineString", "coordinates": [ [ -61.647764291927452, -73.958643246615623 ], [ -61.696512676727998, -73.945526638107637 ] ] } },
{ "type": "Feature", "properties": { "surface": "grounding line" }, "geometry": { "type": "LineString", "coordinates": [ [ -61.451715386514472, -74.023717492440369 ], [ -61.85205087857009, -74.041549470848011 ], [ -61.684448367044126, -73.994155469899951 ] ] } },
{ "type": "Feature", "properties": { "surface": "grounding line" }, "geometry": { "type": "LineString", "coordinates": [ [ -61.073413724000844, -74.072157183609093 ], [ -61.429631985094929, -74.031665475150149 ] ] } },
{ "type": "Feature", "properties": { "surface": "grounding line" }, "geometry": { "type": "LineString", "coordinates": [ [ -61.85362093409762, -73.415369003750811 ], [ -61.939307068902593, -73.37261840768933 ], [ -61.788856576177842, -73.370492115297424 ] ] } },
{ "type": "Feature", "properties": { "surface": "grounding line" }, "geometry": { "type": "LineString", "coordinates": [ [ -61.069037135829205, -73.732819928754296 ], [ -60.742021726987453, -73.688600614818739 ] ] } },
{ "type": "Feature", "properties": { "surface": "grounding line" }, "geometry": { "type": "LineString", "coordinates": [ [ -61.674433054660696, -73.375907826176586 ], [ -61.522869305428948, -73.389088172578298 ], [ -61.765310532012364, -73.343278553991979 ], [ -61.727511345324587, -73.309704742903847 ], [ -61.840372225662342, -73.247968709585194 ], [ -61.619487798189105, -73.266778967040793 ] ] } },
{ "type": "Feature", "properties": { "surface": "grounding line" }, "geometry": { "type": "LineString", "coordinates": [ [ -61.779051672446265, -73.227310469344218 ], [ -62.069922490972765, -73.137189225983121 ], [ -61.278898537570775, -73.201798454239196 ], [ -61.06985922087776, -73.349321300737245 ], [ -60.870228180589393, -73.253510330525188 ], [ -60.83006554072184, -73.3926074318628 ], [ -60.69408686029071, -73.393006363919042 ] ] } },
{ "type": "Feature", "properties": { "surface": "grounding line" }, "geometry": { "type": "LineString", "coordinates": [ [ -61.629487816349553, -73.259777694240455 ], [ -61.768861856361781, -73.228552359741343 ] ] } },
{ "type": "Feature", "properties": { "surface": "grounding line" }, "geometry": { "type": "LineString", "coordinates": [ [ -60.800868700308655, -73.577674227773556 ], [ -61.558061561070687, -73.455562486513941 ], [ -61.633512196100241, -73.549269110521905 ], [ -61.718851349644702, -73.514199001655967 ], [ -61.67177308163803, -73.455490911783244 ], [ -61.851635526970249, -73.415347570418632 ] ] } },
{ "type": "Feature", "properties": { "surface": "grounding line" }, "geometry": { "type": "LineString", "coordinates": [ [ -60.695750802019219, -73.388096517524133 ], [ -60.589201663311925, -73.191381256342808 ], [ -60.361800782535433, -73.327859374209339 ] ] } },
{ "type": "Feature", "properties": { "surface": "grounding line" }, "geometry": { "type": "LineString", "coordinates": [ [ -61.214703954272792, -72.742760888691336 ], [ -61.211250107450816, -72.735155708898603 ] ] } },
{ "type": "Feature", "properties": { "surface": "grounding line" }, "geometry": { "type": "LineString", "coordinates": [ [ -61.327235382467741, -72.677058990022246 ], [ -61.39621922667753, -72.666904026421363 ], [ -61.180640589297255, -72.652399502025148 ] ] } },
{ "type": "Feature", "properties": { "surface": "grounding line" }, "geometry": { "type": "LineString", "coordinates": [ [ -61.211099609118669, -72.73461610036307 ], [ -61.240178268645117, -72.704769617078796 ] ] } },
{ "type": "Feature", "properties": { "surface": "grounding line" }, "geometry": { "type": "LineString", "coordinates": [ [ -61.309332573935514, -72.678959585823705 ], [ -61.324815742031276, -72.677347230952833 ] ] } },
{ "type": "Feature", "properties": { "surface": "grounding line" }, "geometry": { "type": "LineString", "coordinates": [ [ -61.268616543672714, -72.691418164976611 ], [ -61.302760361616706, -72.679951655588809 ] ] } },
{ "type": "Feature", "properties": { "surface": "grounding line" }, "geometry": { "type": "LineString", "coordinates": [ [ -61.260861248600605, -72.69536631651053 ], [ -61.263456503014375, -72.69423476292873 ] ] } },
{ "type": "Feature", "properties": { "surface": "grounding line" }, "geometry": { "type": "LineString", "coordinates": [ [ -61.245570702748388, -72.702257173940808 ], [ -61.257949285893652, -72.696594994389628 ] ] } },
{ "type": "Feature", "properties": { "surface": "grounding line" }, "geometry": { "type": "LineString", "coordinates": [ [ -62.413872032192344, -71.964872684490246 ], [ -62.491667438165486, -71.925322110580879 ], [ -61.065641618341836, -71.853181847458018 ] ] } },
{ "type": "Feature", "properties": { "surface": "grounding line" }, "geometry": { "type": "LineString", "coordinates": [ [ -61.189076204401552, -72.650264242644909 ], [ -61.265626167489195, -72.531496267448958 ], [ -61.479583584784031, -72.508155393819365 ], [ -61.390035087842769, -72.453259690534054 ] ] } },
{ "type": "Feature", "properties": { "surface": "grounding line" }, "geometry": { "type": "LineString", "coordinates": [ [ -62.235196874636173, -72.052552829067935 ], [ -62.144218105767223, -72.031103337982273 ] ] } },
{ "type": "Feature", "properties": { "surface": "grounding line" }, "geometry": { "type": "LineString", "coordinates": [ [ -61.051710473610342, -72.704013680206813 ], [ -61.122690198460077, -72.788437837568367 ], [ -61.214949566217683, -72.743428180043026 ] ] } },
{ "type": "Feature", "properties": { "surface": "grounding line" }, "geometry": { "type": "LineString", "coordinates": [ [ -62.336715173819989, -71.973365377942343 ], [ -62.409373003447172, -71.965758154934363 ] ] } },
{ "type": "Feature", "properties": { "surface": "grounding line" }, "geometry": { "type": "LineString", "coordinates": [ [ -62.275486729213654, -71.987519601937919 ], [ -62.312317879850511, -71.979661562469971 ] ] } },
{ "type": "Feature", "properties": { "surface": "grounding line" }, "geometry": { "type": "LineString", "coordinates": [ [ -60.996879457855094, -72.691076874445869 ], [ -61.021560077379355, -72.693932239343837 ] ] } },
{ "type": "Feature", "properties": { "surface": "grounding line" }, "geometry": { "type": "LineString", "coordinates": [ [ -61.400916987500942, -72.449760319907938 ], [ -61.481744458124417, -72.411763848614001 ], [ -60.991353512473864, -72.473705044508691 ], [ -60.634185366930609, -72.421415298404185 ], [ -60.900127932993286, -72.366650951501327 ] ] } },
{ "type": "Feature", "properties": { "surface": "grounding line" }, "geometry": { "type": "LineString", "coordinates": [ [ -60.951524003296363, -72.686665788786541 ], [ -60.984699831470849, -72.689942183265288 ] ] } },
{ "type": "Feature", "properties": { "surface": "grounding line" }, "geometry": { "type": "LineString", "coordinates": [ [ -61.864579457678545, -72.083637542175623 ], [ -62.37439663477133, -72.101815006733446 ], [ -62.243165643605934, -72.056991116331091 ] ] } },
{ "type": "Feature", "properties": { "surface": "grounding line" }, "geometry": { "type": "LineString", "coordinates": [ [ -60.057666154330079, -72.872866837455589 ], [ -60.302019776737758, -73.054370044998365 ], [ -60.537310438797988, -72.980911118586278 ], [ -60.770965860768399, -73.070753326629372 ], [ -60.618428831341006, -72.94659136335035 ], [ -60.704737972417732, -72.921290576878931 ], [ -60.489794060123337, -72.815110396430782 ], [ -60.483522423225025, -72.730124724777454 ], [ -60.533887839091484, -72.65502034764441 ], [ -60.950625831869971, -72.686630731349112 ] ] } },
{ "type": "Feature", "properties": { "surface": "grounding line" }, "geometry": { "type": "LineString", "coordinates": [ [ -60.971901949319175, -72.371117569040251 ], [ -60.919791268140457, -72.33411139687567 ] ] } },
{ "type": "Feature", "properties": { "surface": "grounding line" }, "geometry": { "type": "LineString", "coordinates": [ [ -60.959876856477948, -72.370856664723945 ], [ -60.968196419674818, -72.371279069461096 ] ] } },
{ "type": "Feature", "properties": { "surface": "grounding line" }, "geometry": { "type": "LineString", "coordinates": [ [ -60.911205492932346, -72.366561439518534 ], [ -60.942103549645019, -72.368663762710938 ] ] } },
{ "type": "Feature", "properties": { "surface": "grounding line" }, "geometry": { "type": "LineString", "coordinates": [ [ -60.919738586358939, -72.333174832433045 ], [ -60.640686644366404, -72.322824546734068 ], [ -60.737155406432684, -72.211051358117842 ], [ -61.09257695095426, -72.186118833949479 ], [ -60.675522535203498, -72.11517400550602 ], [ -60.67497279131107, -71.996044271888749 ], [ -61.195634058811059, -72.079604303182535 ] ] } },
{ "type": "Feature", "properties": { "surface": "grounding line" }, "geometry": { "type": "LineString", "coordinates": [ [ -61.197335615072667, -72.090447240317232 ], [ -61.148793763475176, -72.163562899330785 ], [ -61.405113202358642, -72.063411568660172 ], [ -61.860062144575956, -72.082298944837547 ] ] } },
{ "type": "Feature", "properties": { "surface": "grounding line" }, "geometry": { "type": "LineString", "coordinates": [ [ -61.196349408850168, -72.080675015290353 ], [ -61.197361687692847, -72.082288880382194 ] ] } },
{ "type": "Feature", "properties": { "surface": "grounding line" }, "geometry": { "type": "LineString", "coordinates": [ [ -61.987108632650241, -71.616839720166141 ], [ -61.950632761236484, -71.623252785514396 ] ] } },
{ "type": "Feature", "properties": { "surface": "grounding line" }, "geometry": { "type": "LineString", "coordinates": [ [ -61.934792651887562, -71.625000282456455 ], [ -61.921000193142213, -71.62659887433658 ] ] } },
{ "type": "Feature", "properties": { "surface": "grounding line" }, "geometry": { "type": "LineString", "coordinates": [ [ -61.904717741167154, -71.626975324913872 ], [ -61.879272430213064, -71.627896412086287 ] ] } },
{ "type": "Feature", "properties": { "surface": "grounding line" }, "geometry": { "type": "LineString", "coordinates": [ [ -61.799446105812066, -71.623208470230438 ], [ -61.557118012705367, -71.457285760349777 ], [ -61.19934411236683, -71.435817592499305 ] ] } },
{ "type": "Feature", "properties": { "surface": "grounding line" }, "geometry": { "type": "LineString", "coordinates": [ [ -61.053860957129579, -71.855290174278821 ], [ -61.12319094571442, -71.809208433536796 ] ] } },
{ "type": "Feature", "properties": { "surface": "grounding line" }, "geometry": { "type": "LineString", "coordinates": [ [ -61.113953946814725, -71.806331454795441 ], [ -61.045202247168952, -71.805320605294227 ], [ -61.128036146846192, -71.72605393649421 ], [ -60.765485523299446, -71.757396062149198 ], [ -60.828029158416633, -71.722894423384247 ], [ -60.784504272758639, -71.680105569419155 ], [ -60.931182135440721, -71.658581284690072 ] ] } },
{ "type": "Feature", "properties": { "surface": "grounding line" }, "geometry": { "type": "LineString", "coordinates": [ [ -60.935499048728595, -71.661028522892423 ], [ -61.152679036777052, -71.532631644439306 ], [ -61.589227983496734, -71.69097537564646 ], [ -62.126599741191555, -71.662088033976531 ], [ -62.006906949421797, -71.618479537288138 ] ] } },
{ "type": "Feature", "properties": { "surface": "grounding line" }, "geometry": { "type": "LineString", "coordinates": [ [ -61.188194979620583, -71.434180442464552 ], [ -61.132398103057938, -71.417294257638545 ], [ -61.373140333706388, -71.313067149798556 ] ] } },
{ "type": "Feature", "properties": { "surface": "grounding line" }, "geometry": { "type": "LineString", "coordinates": [ [ -61.365465524802481, -71.311887105109562 ], [ -61.278411633880481, -71.325070282050916 ] ] } },
{ "type": "Feature", "properties": { "surface": "grounding line" }, "geometry": { "type": "LineString", "coordinates": [ [ -61.268431219027661, -71.326080967248018 ], [ -60.970440933951835, -71.371152461501623 ], [ -60.927831809035872, -71.332457003258114 ], [ -61.010374996953466, -71.285900978695807 ], [ -61.283081843161888, -71.22926047637462 ], [ -60.913722974530899, -71.208880855761919 ], [ -61.213219880124299, -71.098819019157247 ], [ -61.164252968109011, -71.038977338148086 ], [ -61.374629685318602, -71.018024031310375 ], [ -61.278313975867199, -70.968945080848286 ], [ -61.285752158625506, -70.86008364331056 ], [ -61.558525990730921, -70.835185129551519 ], [ -61.978694483438119, -70.930064171111155 ], [ -62.066599142924233, -70.892428828301135 ], [ -62.00626930610526, -70.794273264704515 ], [ -62.145106754624905, -70.76858776047689 ] ] } },
{ "type": "Feature", "properties": { "surface": "grounding line" }, "geometry": { "type": "LineString", "coordinates": [ [ -62.135829929159136, -70.763619245001792 ], [ -61.969423822961282, -70.721323399457987 ] ] } },
{ "type": "Feature", "properties": { "surface": "grounding line" }, "geometry": { "type": "LineString", "coordinates": [ [ -65.214237456873107, -68.514015955298731 ], [ -64.97712981097564, -68.403130799548549 ], [ -65.496747247494739, -68.361975656119057 ], [ -65.411536375463285, -68.299341125216159 ] ] } },
{ "type": "Feature", "properties": { "surface": "grounding line" }, "geometry": { "type": "LineString", "coordinates": [ [ -65.41093698042441, -68.299234529831381 ], [ -65.391144544094615, -68.298905834633004 ] ] } },
{ "type": "Feature", "properties": { "surface": "grounding line" }, "geometry": { "type": "LineString", "coordinates": [ [ -65.390804941098281, -68.298740902484255 ], [ -65.386696209440885, -68.296606991809583 ] ] } },
{ "type": "Feature", "properties": { "surface": "grounding line" }, "geometry": { "type": "LineString", "coordinates": [ [ -61.964649697897087, -70.722669383860932 ], [ -61.905046172967857, -70.733005945356808 ] ] } },
{ "type": "Feature", "properties": { "surface": "grounding line" }, "geometry": { "type": "LineString", "coordinates": [ [ -65.385972013525716, -68.296442923854926 ], [ -65.385511852000548, -68.296338097979856 ] ] } },
{ "type": "Feature", "properties": { "surface": "grounding line" }, "geometry": { "type": "LineString", "coordinates": [ [ -65.384858809362996, -68.296186772629241 ], [ -65.383321202323089, -68.295838976027028 ] ] } },
{ "type": "Feature", "properties": { "surface": "grounding line" }, "geometry": { "type": "LineString", "coordinates": [ [ -65.382905080336329, -68.295742976350496 ], [ -65.370654768054379, -68.292986476951782 ] ] } },
{ "type": "Feature", "properties": { "surface": "grounding line" }, "geometry": { "type": "LineString", "coordinates": [ [ -65.370404207131259, -68.292833638645504 ], [ -65.369996648258166, -68.292091928932138 ] ] } },
{ "type": "Feature", "properties": { "surface": "grounding line" }, "geometry": { "type": "LineString", "coordinates": [ [ -65.36976151473975, -68.291519231592915 ], [ -65.345546637689921, -68.283269504753889 ] ] } },
{ "type": "Feature", "properties": { "surface": "grounding line" }, "geometry": { "type": "LineString", "coordinates": [ [ -61.896196234202918, -70.734225096307185 ], [ -61.841210302663562, -70.739283480993493 ] ] } },
{ "type": "Feature", "properties": { "surface": "grounding line" }, "geometry": { "type": "LineString", "coordinates": [ [ -65.345190039786303, -68.283066472595721 ], [ -65.08228563929849, -68.225760674007248 ] ] } },
{ "type": "Feature", "properties": { "surface": "grounding line" }, "geometry": { "type": "LineString", "coordinates": [ [ -61.822006138160184, -70.737819118641923 ], [ -61.642601900396393, -70.686900591407806 ], [ -61.642018967192783, -70.620548077568799 ] ] } },
{ "type": "Feature", "properties": { "surface": "grounding line" }, "geometry": { "type": "LineString", "coordinates": [ [ -65.590726549394944, -67.852146403808931 ], [ -65.590176589235725, -67.851979693010733 ] ] } },
{ "type": "Feature", "properties": { "surface": "grounding line" }, "geometry": { "type": "LineString", "coordinates": [ [ -65.589247611268533, -67.85171336217482 ], [ -65.584716908973817, -67.850866827666678 ] ] } },
{ "type": "Feature", "properties": { "surface": "grounding line" }, "geometry": { "type": "LineString", "coordinates": [ [ -65.582456999329366, -67.85047839512896 ], [ -65.577418325670365, -67.849852888827968 ] ] } },
{ "type": "Feature", "properties": { "surface": "grounding line" }, "geometry": { "type": "LineString", "coordinates": [ [ -65.574955497271617, -67.849501577585229 ], [ -65.56739344294607, -67.80996635774612 ] ] } },
{ "type": "Feature", "properties": { "surface": "grounding line" }, "geometry": { "type": "LineString", "coordinates": [ [ -65.081397025235347, -68.225681287685504 ], [ -65.022499350839439, -68.22356651535371 ] ] } },
{ "type": "Feature", "properties": { "surface": "grounding line" }, "geometry": { "type": "LineString", "coordinates": [ [ -65.565886548936263, -67.809447831552944 ], [ -65.573864012868626, -67.730664680265164 ], [ -65.421732286094624, -67.710885217171437 ] ] } },
{ "type": "Feature", "properties": { "surface": "grounding line" }, "geometry": { "type": "LineString", "coordinates": [ [ -61.63765412168398, -70.616237953664907 ], [ -61.354798086451282, -70.577461362344209 ], [ -61.411709491316984, -70.506087485508317 ], [ -61.608566346599751, -70.501886143215771 ] ] } },
{ "type": "Feature", "properties": { "surface": "grounding line" }, "geometry": { "type": "LineString", "coordinates": [ [ -65.021415068812544, -68.223528086459822 ], [ -65.010589096162903, -68.222609002912236 ] ] } },
{ "type": "Feature", "properties": { "surface": "grounding line" }, "geometry": { "type": "LineString", "coordinates": [ [ -65.010042210988431, -68.222595343255051 ], [ -64.817625803505919, -68.173031378791507 ] ] } },
{ "type": "Feature", "properties": { "surface": "grounding line" }, "geometry": { "type": "LineString", "coordinates": [ [ -61.609128178354013, -70.501914632090035 ], [ -62.203383115409956, -70.566870369271882 ], [ -62.133379542134968, -70.429409991765851 ], [ -62.436792650902788, -70.398802000815209 ], [ -62.440497897331852, -70.307526302200785 ], [ -62.323870526100464, -70.281376071351843 ], [ -62.391275977805883, -70.218581083416652 ], [ -62.048812037889505, -70.255007342758731 ], [ -62.057880710232972, -70.304380887408811 ], [ -61.862351530045508, -70.214055388383343 ], [ -62.00296508944583, -70.073769140755672 ], [ -62.569066652379291, -69.839416889487751 ], [ -62.383901432725068, -69.70629855523633 ], [ -62.408883390489748, -69.504184767356776 ], [ -62.767463137406622, -69.346718204137474 ], [ -62.967351446256068, -69.379484278637577 ], [ -63.053695701494568, -69.269770210437017 ] ] } },
{ "type": "Feature", "properties": { "surface": "grounding line" }, "geometry": { "type": "LineString", "coordinates": [ [ -65.421035895115196, -67.710833956664388 ], [ -65.321382649471914, -67.665420896428998 ], [ -65.63501924941572, -67.50239999805224 ], [ -65.491727942587588, -67.472371626447313 ], [ -65.51614361304722, -67.362980287112023 ], [ -65.379217266414386, -67.303614922942018 ] ] } },
{ "type": "Feature", "properties": { "surface": "grounding line" }, "geometry": { "type": "LineString", "coordinates": [ [ -64.816713700335157, -68.172990395461127 ], [ -64.756546327617798, -68.109627838526563 ], [ -64.98211560336668, -68.093191914266669 ], [ -64.947445437489378, -68.035130108652027 ] ] } },
{ "type": "Feature", "properties": { "surface": "grounding line" }, "geometry": { "type": "LineString", "coordinates": [ [ -63.634690500463329, -69.035326378506412 ], [ -63.925397273120694, -68.969985920634841 ], [ -63.483657031273978, -68.947237999369463 ] ] } },
{ "type": "Feature", "properties": { "surface": "grounding line" }, "geometry": { "type": "LineString", "coordinates": [ [ -64.946025174432847, -68.03479664374656 ], [ -64.945300066640243, -68.03466718847713 ] ] } },
{ "type": "Feature", "properties": { "surface": "grounding line" }, "geometry": { "type": "LineString", "coordinates": [ [ -64.944650911718497, -68.034555140149507 ], [ -64.942701321927572, -68.034227424401081 ] ] } },
{ "type": "Feature", "properties": { "surface": "grounding line" }, "geometry": { "type": "LineString", "coordinates": [ [ -63.623623861737805, -69.038504910165983 ], [ -63.625792503085449, -69.037845605268572 ] ] } },
{ "type": "Feature", "properties": { "surface": "grounding line" }, "geometry": { "type": "LineString", "coordinates": [ [ -64.941926832569749, -68.034115090058179 ], [ -64.931330217732722, -68.033214721110141 ] ] } },
{ "type": "Feature", "properties": { "surface": "grounding line" }, "geometry": { "type": "LineString", "coordinates": [ [ -63.609257696648548, -69.041953411064284 ], [ -63.615942417709455, -69.04065510787278 ] ] } },
{ "type": "Feature", "properties": { "surface": "grounding line" }, "geometry": { "type": "LineString", "coordinates": [ [ -64.930724504034828, -68.0329614446253 ], [ -64.929596417970615, -68.03248065479616 ] ] } },
{ "type": "Feature", "properties": { "surface": "grounding line" }, "geometry": { "type": "LineString", "coordinates": [ [ -64.929262573526543, -68.032334706774662 ], [ -64.928075597235463, -68.031814945201575 ] ] } },
{ "type": "Feature", "properties": { "surface": "grounding line" }, "geometry": { "type": "LineString", "coordinates": [ [ -64.927551750415077, -68.031570395650576 ], [ -64.926598004355057, -68.030942412910534 ] ] } },
{ "type": "Feature", "properties": { "surface": "grounding line" }, "geometry": { "type": "LineString", "coordinates": [ [ -63.592054610488852, -69.043898409026966 ], [ -63.598512999388909, -69.04355523893814 ] ] } },
{ "type": "Feature", "properties": { "surface": "grounding line" }, "geometry": { "type": "LineString", "coordinates": [ [ -64.925798479273553, -68.030134032467359 ], [ -64.925564809560896, -68.029883431127459 ] ] } },
{ "type": "Feature", "properties": { "surface": "grounding line" }, "geometry": { "type": "LineString", "coordinates": [ [ -64.925391205543193, -68.02970464295332 ], [ -65.26495575738214, -68.176469140663997 ], [ -65.758519428900783, -68.164700929332653 ], [ -65.608489690146399, -68.042095823452783 ], [ -65.312589162302316, -67.991574605580041 ], [ -65.697542852837842, -67.87794548002968 ], [ -65.591727003610075, -67.852476625272857 ] ] } },
{ "type": "Feature", "properties": { "surface": "grounding line" }, "geometry": { "type": "LineString", "coordinates": [ [ -63.577676465051191, -69.045216319080509 ], [ -63.585935937806184, -69.045124296922054 ] ] } },
{ "type": "Feature", "properties": { "surface": "grounding line" }, "geometry": { "type": "LineString", "coordinates": [ [ -63.478981057887992, -69.058088354377688 ], [ -63.565938592548235, -69.046651512107459 ] ] } },
{ "type": "Feature", "properties": { "surface": "grounding line" }, "geometry": { "type": "LineString", "coordinates": [ [ -63.474756216671764, -69.057888802499278 ], [ -63.477049672735703, -69.058049897889703 ] ] } },
{ "type": "Feature", "properties": { "surface": "grounding line" }, "geometry": { "type": "LineString", "coordinates": [ [ -63.466651693599701, -69.057138714685578 ], [ -63.47046726381177, -69.057545405540822 ] ] } },
{ "type": "Feature", "properties": { "surface": "grounding line" }, "geometry": { "type": "LineString", "coordinates": [ [ -63.361056564816032, -69.113954266802878 ], [ -63.357664301114376, -69.111885722163763 ] ] } },
{ "type": "Feature", "properties": { "surface": "grounding line" }, "geometry": { "type": "LineString", "coordinates": [ [ -63.354710920130465, -69.110088738736934 ], [ -63.352596353727556, -69.108808514507089 ] ] } },
{ "type": "Feature", "properties": { "surface": "grounding line" }, "geometry": { "type": "LineString", "coordinates": [ [ -63.350261818303863, -69.107396577871654 ], [ -63.31217853636204, -69.09338049756019 ] ] } },
{ "type": "Feature", "properties": { "surface": "grounding line" }, "geometry": { "type": "LineString", "coordinates": [ [ -63.310090983440539, -69.092908932608523 ], [ -63.30348115337825, -69.090476251829799 ] ] } },
{ "type": "Feature", "properties": { "surface": "grounding line" }, "geometry": { "type": "LineString", "coordinates": [ [ -63.054010083927842, -69.268853723768459 ], [ -63.0544332570827, -69.268238823177498 ] ] } },
{ "type": "Feature", "properties": { "surface": "grounding line" }, "geometry": { "type": "LineString", "coordinates": [ [ -63.055257198771777, -69.267173750497633 ], [ -63.055616198887286, -69.266206606983545 ] ] } },
{ "type": "Feature", "properties": { "surface": "grounding line" }, "geometry": { "type": "LineString", "coordinates": [ [ -63.055666805786551, -69.265714777890381 ], [ -63.055055022225297, -69.263007243132037 ] ] } },
{ "type": "Feature", "properties": { "surface": "grounding line" }, "geometry": { "type": "LineString", "coordinates": [ [ -63.0552534882396, -69.262678391396733 ], [ -63.056941216512747, -69.260882748296282 ] ] } },
{ "type": "Feature", "properties": { "surface": "grounding line" }, "geometry": { "type": "LineString", "coordinates": [ [ -63.303552957237997, -69.087391139976887 ], [ -63.310339210331044, -69.06154736654247 ] ] } },
{ "type": "Feature", "properties": { "surface": "grounding line" }, "geometry": { "type": "LineString", "coordinates": [ [ -63.059637959734495, -69.258972042709658 ], [ -63.060618945194072, -69.257921176799144 ] ] } },
{ "type": "Feature", "properties": { "surface": "grounding line" }, "geometry": { "type": "LineString", "coordinates": [ [ -63.062570710286607, -69.253205756694229 ], [ -63.074180162466128, -69.243363024389268 ] ] } },
{ "type": "Feature", "properties": { "surface": "grounding line" }, "geometry": { "type": "LineString", "coordinates": [ [ -63.076870661346447, -69.241812328754477 ], [ -63.108845348012053, -69.218842670074963 ] ] } },
{ "type": "Feature", "properties": { "surface": "grounding line" }, "geometry": { "type": "LineString", "coordinates": [ [ -63.109904451959956, -69.217822504304877 ], [ -63.112352498272301, -69.21569187259125 ] ] } },
{ "type": "Feature", "properties": { "surface": "grounding line" }, "geometry": { "type": "LineString", "coordinates": [ [ -63.114438059165678, -69.214241838471594 ], [ -63.130101032848728, -69.201376847947671 ] ] } },
{ "type": "Feature", "properties": { "surface": "grounding line" }, "geometry": { "type": "LineString", "coordinates": [ [ -63.130607013578334, -69.200798641203122 ], [ -63.440923763144738, -69.166227996950141 ], [ -63.373633813286816, -69.1227995612971 ] ] } },
{ "type": "Feature", "properties": { "surface": "grounding line" }, "geometry": { "type": "LineString", "coordinates": [ [ -63.342804256742973, -69.04985972277268 ], [ -63.464653711303193, -69.056420837802733 ] ] } },
{ "type": "Feature", "properties": { "surface": "grounding line" }, "geometry": { "type": "LineString", "coordinates": [ [ -63.479404462830317, -68.947605241902124 ], [ -63.391591874933859, -68.945164148450559 ], [ -63.485609760906044, -68.921472069267224 ], [ -63.403145661478881, -68.87549176295451 ] ] } },
{ "type": "Feature", "properties": { "surface": "grounding line" }, "geometry": { "type": "LineString", "coordinates": [ [ -63.312055500592784, -69.061058340469827 ], [ -63.317852290729334, -69.05483515164957 ] ] } },
{ "type": "Feature", "properties": { "surface": "grounding line" }, "geometry": { "type": "LineString", "coordinates": [ [ -63.318793166142157, -69.053028343497033 ], [ -63.318381084367346, -69.051811523616692 ] ] } },
{ "type": "Feature", "properties": { "surface": "grounding line" }, "geometry": { "type": "LineString", "coordinates": [ [ -63.323070555187222, -69.049302099248536 ], [ -63.338847284759346, -69.049674955961876 ] ] } },
{ "type": "Feature", "properties": { "surface": "grounding line" }, "geometry": { "type": "LineString", "coordinates": [ [ -63.40485292899907, -68.873935268994245 ], [ -63.527888565979708, -68.808464022361051 ], [ -63.464905861154421, -68.807163443453376 ] ] } },
{ "type": "Feature", "properties": { "surface": "grounding line" }, "geometry": { "type": "LineString", "coordinates": [ [ -65.377600784685299, -67.319021585546992 ], [ -65.237600589628869, -67.4004254662931 ], [ -64.983241778866471, -67.30176380281479 ], [ -64.752454495083583, -67.319345875286757 ], [ -65.024830676547793, -67.228050446161518 ], [ -64.959836000554688, -67.198876094009975 ] ] } },
{ "type": "Feature", "properties": { "surface": "grounding line" }, "geometry": { "type": "LineString", "coordinates": [ [ -65.378252381553182, -67.314335354286968 ], [ -65.378397922590125, -67.316937733752241 ] ] } },
{ "type": "Feature", "properties": { "surface": "grounding line" }, "geometry": { "type": "LineString", "coordinates": [ [ -63.46449704688483, -68.807195377336711 ], [ -63.419912860690708, -68.815121965159364 ] ] } },
{ "type": "Feature", "properties": { "surface": "grounding line" }, "geometry": { "type": "LineString", "coordinates": [ [ -65.379407561419868, -67.309172535241501 ], [ -65.378843018619207, -67.311046438028683 ] ] } },
{ "type": "Feature", "properties": { "surface": "grounding line" }, "geometry": { "type": "LineString", "coordinates": [ [ -65.379352966489506, -67.305802282201924 ], [ -65.379611560709719, -67.307360980342395 ] ] } },
{ "type": "Feature", "properties": { "surface": "grounding line" }, "geometry": { "type": "LineString", "coordinates": [ [ -63.417576079888505, -68.815570205512017 ], [ -63.197087693624646, -68.850604247299771 ], [ -63.863532795824504, -68.690560460683699 ], [ -63.750201123526544, -68.678981999978262 ], [ -63.843016251087377, -68.642429391284637 ], [ -63.67271588263705, -68.543804090110456 ], [ -63.460235730399027, -68.553096686356866 ], [ -63.265027477664724, -68.452407711609965 ], [ -62.924854038323723, -68.511217021913652 ], [ -62.852496294987979, -68.431662585241185 ], [ -63.962383629911095, -68.4833397334734 ], [ -64.268711565570712, -68.583842117657113 ], [ -64.150111905162561, -68.649465655650687 ], [ -64.334027449268632, -68.634802146751397 ], [ -63.994571405854792, -68.751098184803737 ], [ -64.181547781332526, -68.74378584085926 ], [ -64.04284331797102, -68.836647954243659 ], [ -64.403834221446758, -68.729626579758317 ], [ -64.352318828365171, -68.784165567909866 ], [ -64.514139032636578, -68.780646396940512 ], [ -64.676125246031162, -68.664337619657189 ], [ -65.271667992602659, -68.630305913229677 ], [ -65.352486627143364, -68.559031059639011 ], [ -65.215713760314372, -68.513783280703123 ] ] } },
{ "type": "Feature", "properties": { "surface": "grounding line" }, "geometry": { "type": "LineString", "coordinates": [ [ -35.917168235047704, -78.203244542312675 ], [ -36.517611076197099, -78.60529690341879 ], [ -36.359845162331972, -78.819245898326457 ], [ -34.650771354464496, -79.017231960203262 ], [ -33.704116446301057, -79.222604641285315 ], [ -32.649904739852566, -79.257198589882805 ], [ -30.262728341768735, -79.042670544224407 ], [ -29.945180145370706, -79.118975415204943 ], [ -30.586696912270995, -79.275379333787043 ], [ -29.541046118843731, -79.2764317532489 ], [ -30.719810291486777, -79.57457382472667 ], [ -32.148619130010204, -79.66249267388099 ], [ -31.758156236076019, -79.733252114644699 ], [ -32.12596050845486, -79.80723720974612 ], [ -31.98412751707405, -79.847686989927183 ], [ -30.953905736109725, -79.899045060597317 ], [ -30.148052510748986, -80.046131875889628 ], [ -27.320533520226189, -79.969190709940492 ], [ -26.202004231637122, -80.01513573702205 ], [ -26.014461959292465, -80.087775894686615 ], [ -29.743541869497342, -80.15431005879563 ], [ -29.833874143742612, -80.208595076406652 ], [ -29.737172279813773, -80.25825865763197 ], [ -31.020830736066767, -80.271144161912375 ], [ -31.31522991700583, -80.362115334668005 ], [ -30.638395539802193, -80.480914033499417 ], [ -31.96492603940013, -80.425695697155845 ], [ -32.885118382024523, -80.534348385067389 ], [ -33.481570136956577, -80.49944369379385 ], [ -33.166985179108813, -80.553742325091946 ], [ -34.000012050825852, -80.649057907314727 ], [ -35.205080434523403, -80.597919973331486 ], [ -35.482962001054283, -80.64446657914003 ], [ -35.179684554996626, -80.721563890325911 ], [ -37.287679821937395, -81.084911708172811 ], [ -37.6197462416268, -80.977052382231292 ], [ -38.816687251061744, -80.865271984722085 ], [ -40.299364773504578, -81.163895459879129 ], [ -41.059766076911231, -81.187980260674323 ], [ -41.787040739159927, -81.414334403824483 ], [ -41.931743345412535, -81.614676627886382 ], [ -43.167320280086919, -81.895605549535205 ], [ -43.231892273495667, -81.9478999213881 ], [ -43.170192983376232, -82.015898153628115 ], [ -43.273406363799552, -82.032813583684685 ], [ -43.129659060318254, -82.117581592906291 ], [ -44.03933111886959, -82.397214155608538 ], [ -44.833334393015498, -82.395680590801788 ], [ -45.648475581340058, -82.523028343496478 ], [ -45.729998537845887, -82.449774747308851 ], [ -46.216419804162811, -82.547308115402885 ], [ -46.690610652515417, -82.407244843162388 ], [ -46.216724981705056, -82.282713229841903 ], [ -45.983770045569237, -82.136594903577588 ], [ -46.27838595740576, -81.973336807803236 ], [ -46.246310368038664, -81.915861919166929 ], [ -47.288043525679441, -82.071366543213756 ], [ -47.595782029593217, -82.031887520934475 ], [ -47.302139037481815, -81.979185079067079 ], [ -47.54533363462356, -81.930069531002061 ], [ -48.894615857427254, -81.896273517684321 ], [ -50.77163426501756, -81.963578782715302 ], [ -52.70285601484084, -82.162486158584173 ], [ -54.26423596532414, -82.187322255818543 ], [ -53.957900917564046, -82.203014701702969 ], [ -55.03478013027749, -82.350081578798608 ], [ -55.152432977132356, -82.393840068675445 ], [ -55.090244345212739, -82.426079625580613 ], [ -55.189977150422749, -82.460847357656377 ], [ -55.167072351129868, -82.518471059403623 ], [ -55.905113283804717, -82.472484210744653 ], [ -56.473970869932423, -82.675204178720691 ], [ -57.748867245542058, -82.921231169790488 ], [ -58.901031926272829, -83.398521082711682 ], [ -59.593437786525065, -83.467618552302781 ], [ -61.864486340617255, -83.373994168719065 ], [ -61.150171508255326, -83.177593991899883 ], [ -60.959641682513862, -83.012769348265266 ], [ -61.076891983563279, -82.906555985776379 ], [ -61.352794759835305, -82.922986935611291 ], [ -61.593798727711551, -83.039990205938452 ], [ -62.224060949049004, -83.031972298888448 ], [ -61.959121152797714, -82.978525669467871 ], [ -62.816014395306127, -82.522507056557032 ], [ -61.102415370783412, -82.345464550907508 ], [ -60.415066127687616, -82.176784935681397 ], [ -62.138042190392923, -82.297136840782471 ], [ -63.071004730006884, -82.252551806077776 ], [ -63.343515664675735, -82.343467582157245 ], [ -63.801238222751735, -82.307020172000364 ], [ -64.402051065909205, -82.419015271085911 ], [ -64.497126294164858, -82.358800921728303 ], [ -65.095341741834005, -82.40686757747865 ], [ -65.206954227223633, -82.272444252123364 ], [ -66.074210596011511, -82.312237839281835 ], [ -65.921192174990267, -82.222628281399494 ], [ -66.112616509644255, -82.189080330465842 ], [ -65.631372035730152, -81.990377109376368 ], [ -66.258072462530365, -81.950455129691036 ], [ -65.673962494732038, -81.872024191749603 ], [ -64.004742248079594, -81.906000285245383 ], [ -63.542486539288163, -81.861686316061778 ], [ -63.591358285768067, -81.829595162537998 ], [ -63.467610160163979, -81.787120932606967 ], [ -64.905968397622175, -81.823170536601808 ], [ -65.215467914365519, -81.76172093748707 ], [ -64.648643169387469, -81.624260543179375 ], [ -64.540456458869755, -81.63578341858755 ], [ -64.717380320616357, -81.694900478325209 ], [ -63.90266297196704, -81.609250218476191 ], [ -64.085841174504807, -81.687928423703795 ], [ -63.332837620845716, -81.639284680473466 ], [ -63.392867138346574, -81.683172264846505 ], [ -62.789383356485096, -81.723343578065851 ], [ -62.086594838797303, -81.653414135335183 ], [ -62.300354313246949, -81.564092120817918 ], [ -65.247453514752422, -81.528547097435833 ], [ -68.435811900966854, -81.108046623407972 ], [ -68.697016504103388, -81.016085031032716 ], [ -69.995065301893746, -80.977376690340023 ], [ -70.105380146586555, -80.935803312424042 ], [ -70.033449585270219, -80.900254168220741 ], [ -70.407809968558567, -80.83030597146211 ], [ -70.412926010062762, -80.673953128705975 ], [ -71.086488952101035, -80.600012742554853 ], [ -71.574726295615108, -80.722954071805574 ], [ -72.441876268242837, -80.742511397187201 ], [ -72.618899639637462, -80.854373362728836 ], [ -72.60476142826262, -80.964031656618673 ], [ -74.107418168485054, -80.80270397943174 ], [ -74.859402931277501, -80.928129989950051 ], [ -75.548374605237925, -80.8922232094652 ], [ -75.761693799490402, -80.838862639144907 ], [ -74.942051995081911, -80.774095878810442 ], [ -75.690267070182387, -80.64810182252107 ], [ -75.686133101920518, -80.589957303337613 ], [ -75.403055709356892, -80.513320512821863 ], [ -75.856327476440242, -80.311044052789597 ], [ -76.157542592462249, -80.267457506003637 ], [ -76.332845007107693, -80.164707067488294 ], [ -76.288454015307607, -80.102955997584019 ], [ -78.24008287245411, -80.179520594376086 ], [ -79.643076339451696, -79.986458967144614 ], [ -78.071758680814611, -80.037832342337978 ], [ -76.792519093429334, -79.962970157550032 ], [ -76.182328320408487, -79.788602858572162 ], [ -76.003274374311388, -79.598837415033785 ], [ -76.105458279343182, -79.482216597679169 ], [ -76.571475433819501, -79.331018228887388 ], [ -77.446236303429814, -79.254381500165763 ], [ -80.149800778243574, -79.238340125008477 ], [ -80.515226758119937, -79.298255137213474 ], [ -80.537592759437985, -79.42586005875107 ], [ -80.399733703479725, -79.514187413199281 ], [ -80.524163418226365, -79.575719714686997 ], [ -81.149374444602429, -79.458578477446181 ], [ -81.305347151310031, -79.329285221728114 ] ] } },
{ "type": "Feature", "properties": { "surface": "grounding line" }, "geometry": { "type": "LineString", "coordinates": [ [ -64.959230290086253, -67.198858809566943 ], [ -64.948930968544971, -67.198574525239835 ] ] } },
{ "type": "Feature", "properties": { "surface": "grounding line" }, "geometry": { "type": "LineString", "coordinates": [ [ -64.943783562243809, -67.198921200374841 ], [ -64.754725369645485, -67.165553771319878 ] ] } },
{ "type": "Feature", "properties": { "surface": "grounding line" }, "geometry": { "type": "LineString", "coordinates": [ [ -64.751311084670263, -67.164998130839336 ], [ -64.7426149649976, -67.161279959295697 ] ] } },
{ "type": "Feature", "properties": { "surface": "grounding line" }, "geometry": { "type": "LineString", "coordinates": [ [ -64.74062001223308, -67.159930269589324 ], [ -64.738926397545782, -67.15958343023631 ] ] } },
{ "type": "Feature", "properties": { "surface": "grounding line" }, "geometry": { "type": "LineString", "coordinates": [ [ -64.735743182366832, -67.158738656724822 ], [ -64.725265865889085, -67.098733120696124 ], [ -64.979366536992245, -67.037277545583009 ], [ -64.903378511789441, -66.991167026599243 ] ] } },
{ "type": "Feature", "properties": { "surface": "grounding line" }, "geometry": { "type": "LineString", "coordinates": [ [ -64.90155342849107, -66.990934786949794 ], [ -64.760437816991086, -66.990264900181103 ] ] } },
{ "type": "Feature", "properties": { "surface": "grounding line" }, "geometry": { "type": "LineString", "coordinates": [ [ -64.759657771576641, -66.990244996178291 ], [ -64.754881089447423, -66.990094480438444 ] ] } },
{ "type": "Feature", "properties": { "surface": "grounding line" }, "geometry": { "type": "LineString", "coordinates": [ [ -64.751215804581435, -66.989767522581246 ], [ -64.750138995028067, -66.989669897975247 ] ] } },
{ "type": "Feature", "properties": { "surface": "grounding line" }, "geometry": { "type": "LineString", "coordinates": [ [ -64.747956662236206, -66.989481455628976 ], [ -64.746156075116346, -66.989411197766472 ] ] } },
{ "type": "Feature", "properties": { "surface": "grounding line" }, "geometry": { "type": "LineString", "coordinates": [ [ -64.741489400541852, -66.989058042475051 ], [ -64.739228621361207, -66.989009307220442 ] ] } },
{ "type": "Feature", "properties": { "surface": "grounding line" }, "geometry": { "type": "LineString", "coordinates": [ [ -64.738469745673058, -66.988863310310393 ], [ -64.737359218014419, -66.988646792697153 ] ] } },
{ "type": "Feature", "properties": { "surface": "grounding line" }, "geometry": { "type": "LineString", "coordinates": [ [ -64.73352073377329, -66.987937506340941 ], [ -64.731690214323635, -66.987808461177778 ] ] } },
{ "type": "Feature", "properties": { "surface": "grounding line" }, "geometry": { "type": "LineString", "coordinates": [ [ -64.729482951509226, -66.987685061540432 ], [ -64.72737959556892, -66.987564670975019 ] ] } },
{ "type": "Feature", "properties": { "surface": "grounding line" }, "geometry": { "type": "LineString", "coordinates": [ [ -64.726282015666584, -66.987503127234888 ], [ -64.724949867422808, -66.987424954151464 ] ] } },
{ "type": "Feature", "properties": { "surface": "grounding line" }, "geometry": { "type": "LineString", "coordinates": [ [ -64.724453700356051, -66.987396898057668 ], [ -64.692952915538157, -66.935978625163202 ] ] } },
{ "type": "Feature", "properties": { "surface": "grounding line" }, "geometry": { "type": "LineString", "coordinates": [ [ -64.692921314450814, -66.935206957239345 ], [ -64.748157089604319, -66.840555390780978 ], [ -64.542353151104592, -66.756664167534581 ], [ -64.545123054287515, -66.887550652035259 ], [ -64.369351323017398, -66.91381450620645 ] ] } },
{ "type": "Feature", "properties": { "surface": "grounding line" }, "geometry": { "type": "LineString", "coordinates": [ [ -64.368013424654052, -66.913573042164259 ], [ -64.309853474294343, -66.836254995492538 ], [ -64.099451745002312, -66.937334369734515 ], [ -63.729151975402772, -66.89447093992581 ], [ -63.824239834832561, -66.740379890155936 ], [ -64.118266433685037, -66.673461356534943 ] ] } },
{ "type": "Feature", "properties": { "surface": "grounding line" }, "geometry": { "type": "LineString", "coordinates": [ [ -34.739640343254479, -77.711862093721194 ], [ -34.434806542522615, -77.828354882303302 ], [ -35.000387860573056, -77.818709927295885 ] ] } },
{ "type": "Feature", "properties": { "surface": "grounding line" }, "geometry": { "type": "LineString", "coordinates": [ [ -64.117585598469418, -66.672685831678663 ], [ -64.077554967810869, -66.631667790012841 ] ] } },
{ "type": "Feature", "properties": { "surface": "grounding line" }, "geometry": { "type": "LineString", "coordinates": [ [ -64.068099118533439, -66.624324813136795 ], [ -64.056220896835271, -66.566817803551942 ], [ -63.906600674990095, -66.605009087804021 ] ] } },
{ "type": "Feature", "properties": { "surface": "grounding line" }, "geometry": { "type": "LineString", "coordinates": [ [ -63.903785592039398, -66.604794513520389 ], [ -63.794012917461139, -66.597683398452517 ], [ -63.819320747489087, -66.541768143783003 ] ] } },
{ "type": "Feature", "properties": { "surface": "grounding line" }, "geometry": { "type": "LineString", "coordinates": [ [ -63.815363578046501, -66.53681820007732 ], [ -63.933687719672953, -66.486202816888962 ], [ -63.772915703634915, -66.440492745000668 ] ] } },
{ "type": "Feature", "properties": { "surface": "grounding line" }, "geometry": { "type": "LineString", "coordinates": [ [ -63.853340190605707, -66.381384665433728 ], [ -63.850146264399157, -66.381116482443659 ] ] } },
{ "type": "Feature", "properties": { "surface": "grounding line" }, "geometry": { "type": "LineString", "coordinates": [ [ -63.849426033857306, -66.381057108865576 ], [ -63.848604183173791, -66.380998579010367 ] ] } },
{ "type": "Feature", "properties": { "surface": "grounding line" }, "geometry": { "type": "LineString", "coordinates": [ [ -63.846518146879959, -66.380989119643147 ], [ -63.825431983741858, -66.380691929773775 ] ] } },
{ "type": "Feature", "properties": { "surface": "grounding line" }, "geometry": { "type": "LineString", "coordinates": [ [ -63.771636558303939, -66.440288450001702 ], [ -63.770788365540376, -66.44015334265417 ] ] } },
{ "type": "Feature", "properties": { "surface": "grounding line" }, "geometry": { "type": "LineString", "coordinates": [ [ -63.767714464236136, -66.440064747443486 ], [ -63.761423219828622, -66.439960502965675 ] ] } },
{ "type": "Feature", "properties": { "surface": "grounding line" }, "geometry": { "type": "LineString", "coordinates": [ [ -63.760853463243357, -66.439889102901219 ], [ -63.853926535564419, -66.381451601529363 ] ] } },
{ "type": "Feature", "properties": { "surface": "grounding line" }, "geometry": { "type": "LineString", "coordinates": [ [ -63.820918054351765, -66.380526241906054 ], [ -63.768581603487036, -66.381203662489725 ] ] } },
{ "type": "Feature", "properties": { "surface": "grounding line" }, "geometry": { "type": "LineString", "coordinates": [ [ -63.767769384465751, -66.381163369366348 ], [ -63.765120460134455, -66.381005031571689 ] ] } },
{ "type": "Feature", "properties": { "surface": "grounding line" }, "geometry": { "type": "LineString", "coordinates": [ [ -63.764708826374878, -66.38098038534298 ], [ -63.762976371823598, -66.380878391287183 ] ] } },
{ "type": "Feature", "properties": { "surface": "grounding line" }, "geometry": { "type": "LineString", "coordinates": [ [ -63.762416828317491, -66.380847639287353 ], [ -63.640161255827842, -66.385143605616904 ] ] } },
{ "type": "Feature", "properties": { "surface": "grounding line" }, "geometry": { "type": "LineString", "coordinates": [ [ -63.639357635104098, -66.385129114895506 ], [ -63.555059635690732, -66.393332362113441 ], [ -63.777813987507351, -66.329157132478471 ], [ -63.702960400348076, -66.314636510731106 ] ] } },
{ "type": "Feature", "properties": { "surface": "grounding line" }, "geometry": { "type": "LineString", "coordinates": [ [ -63.701095438762721, -66.314143432707127 ], [ -63.690060546700792, -66.309448661378909 ] ] } },
{ "type": "Feature", "properties": { "surface": "grounding line" }, "geometry": { "type": "LineString", "coordinates": [ [ -63.687499649026066, -66.30852900905532 ], [ -63.681064899419177, -66.306553909137008 ] ] } },
{ "type": "Feature", "properties": { "surface": "grounding line" }, "geometry": { "type": "LineString", "coordinates": [ [ -63.680489782631454, -66.306374151638053 ], [ -63.769670654353241, -66.294605950221793 ], [ -63.657130531083801, -66.269996701304365 ], [ -63.802107171250107, -66.193235929696939 ], [ -63.504543548968094, -66.2284943548309 ] ] } },
{ "type": "Feature", "properties": { "surface": "grounding line" }, "geometry": { "type": "LineString", "coordinates": [ [ -33.13424159810409, -77.259998669570081 ], [ -33.479916539011555, -77.291867446318207 ] ] } },
{ "type": "Feature", "properties": { "surface": "grounding line" }, "geometry": { "type": "LineString", "coordinates": [ [ -63.5038248159604, -66.228614723777824 ], [ -63.401994411382674, -66.255596837913842 ] ] } },
{ "type": "Feature", "properties": { "surface": "grounding line" }, "geometry": { "type": "LineString", "coordinates": [ [ -63.401433421026937, -66.255819117482147 ], [ -63.301158455816655, -66.264471512900613 ] ] } },
{ "type": "Feature", "properties": { "surface": "grounding line" }, "geometry": { "type": "LineString", "coordinates": [ [ -63.300516792770189, -66.263922345096645 ], [ -63.299991899654529, -66.263617617778536 ] ] } },
{ "type": "Feature", "properties": { "surface": "grounding line" }, "geometry": { "type": "LineString", "coordinates": [ [ -63.299041991702033, -66.263075930488483 ], [ -62.897167709161025, -66.476930655250968 ], [ -62.777636823135431, -66.667729276333091 ], [ -62.630919988807392, -66.742636572163732 ], [ -62.504781427762737, -66.711947558861937 ] ] } },
{ "type": "Feature", "properties": { "surface": "grounding line" }, "geometry": { "type": "LineString", "coordinates": [ [ -62.504154942981238, -66.711827882339279 ], [ -62.489020112369801, -66.705391795186088 ] ] } },
{ "type": "Feature", "properties": { "surface": "grounding line" }, "geometry": { "type": "LineString", "coordinates": [ [ -62.539710135816584, -66.667974404919661 ], [ -62.539779927075195, -66.615931441614293 ] ] } },
{ "type": "Feature", "properties": { "surface": "grounding line" }, "geometry": { "type": "LineString", "coordinates": [ [ -62.48631457069051, -66.704929254172768 ], [ -62.481832496374999, -66.704118393389649 ] ] } },
{ "type": "Feature", "properties": { "surface": "grounding line" }, "geometry": { "type": "LineString", "coordinates": [ [ -62.535140413162345, -66.666243238094623 ], [ -62.538773951877381, -66.668250125901039 ] ] } },
{ "type": "Feature", "properties": { "surface": "grounding line" }, "geometry": { "type": "LineString", "coordinates": [ [ -62.481119140666763, -66.703929583225062 ], [ -62.478221304168883, -66.702875365253192 ] ] } },
{ "type": "Feature", "properties": { "surface": "grounding line" }, "geometry": { "type": "LineString", "coordinates": [ [ -62.477669093567705, -66.702735223051079 ], [ -62.475396513238394, -66.702150401145474 ] ] } },
{ "type": "Feature", "properties": { "surface": "grounding line" }, "geometry": { "type": "LineString", "coordinates": [ [ -62.473970361374704, -66.701807681564105 ], [ -62.472003647582575, -66.701561296440318 ] ] } },
{ "type": "Feature", "properties": { "surface": "grounding line" }, "geometry": { "type": "LineString", "coordinates": [ [ -62.469374306127627, -66.701047293379688 ], [ -62.469062705540168, -66.700982683913082 ] ] } },
{ "type": "Feature", "properties": { "surface": "grounding line" }, "geometry": { "type": "LineString", "coordinates": [ [ -62.468347069064315, -66.700814639490403 ], [ -62.465564197699337, -66.695117933738118 ] ] } },
{ "type": "Feature", "properties": { "surface": "grounding line" }, "geometry": { "type": "LineString", "coordinates": [ [ -62.465110147432945, -66.694526189420188 ], [ -62.455844015667246, -66.686911279007674 ] ] } },
{ "type": "Feature", "properties": { "surface": "grounding line" }, "geometry": { "type": "LineString", "coordinates": [ [ -62.460454072474228, -66.685799299178399 ], [ -62.474474985934776, -66.651105798630539 ] ] } },
{ "type": "Feature", "properties": { "surface": "grounding line" }, "geometry": { "type": "LineString", "coordinates": [ [ -62.458198532184078, -66.686139150428247 ], [ -62.459020546871749, -66.686037839591009 ] ] } },
{ "type": "Feature", "properties": { "surface": "grounding line" }, "geometry": { "type": "LineString", "coordinates": [ [ -62.49003564928335, -66.655916252921784 ], [ -62.534155026533426, -66.665984443813088 ] ] } },
{ "type": "Feature", "properties": { "surface": "grounding line" }, "geometry": { "type": "LineString", "coordinates": [ [ -62.489383099670043, -66.65566890333136 ], [ -62.489821457950278, -66.655840903563671 ] ] } },
{ "type": "Feature", "properties": { "surface": "grounding line" }, "geometry": { "type": "LineString", "coordinates": [ [ -62.487840149762256, -66.654943121402098 ], [ -62.488750379826143, -66.655381385226704 ] ] } },
{ "type": "Feature", "properties": { "surface": "grounding line" }, "geometry": { "type": "LineString", "coordinates": [ [ -62.539347648977419, -66.615622612702325 ], [ -62.538717541173433, -66.615331808375686 ] ] } },
{ "type": "Feature", "properties": { "surface": "grounding line" }, "geometry": { "type": "LineString", "coordinates": [ [ -62.536490412507398, -66.614355233917351 ], [ -62.53107288279535, -66.610868331511654 ] ] } },
{ "type": "Feature", "properties": { "surface": "grounding line" }, "geometry": { "type": "LineString", "coordinates": [ [ -62.48228900837762, -66.653609324576848 ], [ -62.487284793190028, -66.654711347884657 ] ] } },
{ "type": "Feature", "properties": { "surface": "grounding line" }, "geometry": { "type": "LineString", "coordinates": [ [ -62.477970280191542, -66.652521978389856 ], [ -62.480972723172925, -66.653728165194536 ] ] } },
{ "type": "Feature", "properties": { "surface": "grounding line" }, "geometry": { "type": "LineString", "coordinates": [ [ -62.530520778163464, -66.610545839642313 ], [ -62.523754805557481, -66.606096277499077 ] ] } },
{ "type": "Feature", "properties": { "surface": "grounding line" }, "geometry": { "type": "LineString", "coordinates": [ [ -62.475050728502843, -66.651321740200501 ], [ -62.477123025304792, -66.652094110735788 ] ] } },
{ "type": "Feature", "properties": { "surface": "grounding line" }, "geometry": { "type": "LineString", "coordinates": [ [ -62.521451644156954, -66.605146608547471 ], [ -62.520880722445447, -66.604828907302959 ] ] } },
{ "type": "Feature", "properties": { "surface": "grounding line" }, "geometry": { "type": "LineString", "coordinates": [ [ -62.520519764607492, -66.604561285330604 ], [ -62.726900603509641, -66.575676605777943 ], [ -62.516501678392856, -66.479543182135984 ], [ -62.756925435048842, -66.32331343182102 ], [ -62.717356867819177, -66.245755571996185 ], [ -61.965725943802774, -66.209554612750722 ], [ -61.986886182095269, -66.266796769991572 ], [ -61.759772367348397, -66.475996890137026 ], [ -61.662130607401259, -66.400512408075073 ], [ -61.741486940948846, -66.23407169782385 ], [ -61.491953389749561, -66.261635782429096 ], [ -61.493986791142227, -66.165508377988843 ], [ -61.173541664429621, -66.185672117542012 ], [ -61.118689770715875, -66.351735334372293 ], [ -60.980905357801639, -66.348329667992289 ], [ -61.007863638873474, -66.289316380432311 ], [ -60.927862229067934, -66.265946017262607 ] ] } },
{ "type": "Feature", "properties": { "surface": "grounding line" }, "geometry": { "type": "LineString", "coordinates": [ [ -62.399447858667557, -65.892009853468792 ], [ -61.916426545884939, -66.132015028127881 ], [ -61.630446584348853, -66.01515634458633 ], [ -61.31710806063284, -66.089521648369669 ], [ -61.345560689323705, -65.919547468746629 ] ] } },
{ "type": "Feature", "properties": { "surface": "grounding line" }, "geometry": { "type": "LineString", "coordinates": [ [ -62.399089803325914, -65.889373769729261 ], [ -62.398981058174549, -65.88895641684455 ] ] } },
{ "type": "Feature", "properties": { "surface": "grounding line" }, "geometry": { "type": "LineString", "coordinates": [ [ -62.398575717760849, -65.887306672753738 ], [ -62.398790610708353, -65.886300264087112 ] ] } },
{ "type": "Feature", "properties": { "surface": "grounding line" }, "geometry": { "type": "LineString", "coordinates": [ [ -62.398989939827686, -65.885414305391549 ], [ -62.375530152601087, -65.80351640645236 ], [ -62.139100905419731, -65.731490031935991 ] ] } },
{ "type": "Feature", "properties": { "surface": "grounding line" }, "geometry": { "type": "LineString", "coordinates": [ [ -30.483363569138316, -76.761639652329478 ], [ -30.408892578292356, -76.779271880007173 ], [ -30.572631949070718, -76.80622496859462 ] ] } },
{ "type": "Feature", "properties": { "surface": "grounding line" }, "geometry": { "type": "LineString", "coordinates": [ [ -62.133265298666423, -65.731014313252288 ], [ -62.112826556151433, -65.720380969966001 ] ] } },
{ "type": "Feature", "properties": { "surface": "grounding line" }, "geometry": { "type": "LineString", "coordinates": [ [ -62.111936309399667, -65.719896412656965 ], [ -62.042641684339536, -65.66439052398772 ], [ -62.086420084236671, -65.601538176579965 ], [ -61.774889337057161, -65.578340725731564 ] ] } },
{ "type": "Feature", "properties": { "surface": "grounding line" }, "geometry": { "type": "LineString", "coordinates": [ [ -60.92869079396263, -66.265332774724314 ], [ -60.917968003689467, -66.263757935972833 ] ] } },
{ "type": "Feature", "properties": { "surface": "grounding line" }, "geometry": { "type": "LineString", "coordinates": [ [ -60.918620645644538, -66.263485247524272 ], [ -60.880683570425468, -66.18543775648817 ], [ -61.035333379109254, -66.084571309738678 ] ] } },
{ "type": "Feature", "properties": { "surface": "grounding line" }, "geometry": { "type": "LineString", "coordinates": [ [ -61.03438221739831, -66.084221799275824 ], [ -60.914560065024077, -66.037523344202398 ], [ -60.688763306702441, -66.124355631650204 ] ] } },
{ "type": "Feature", "properties": { "surface": "grounding line" }, "geometry": { "type": "LineString", "coordinates": [ [ -61.0300820500509, -65.918129548797253 ], [ -61.070684095902898, -66.048145191743913 ], [ -61.226664479731696, -65.931412366505242 ] ] } },
{ "type": "Feature", "properties": { "surface": "grounding line" }, "geometry": { "type": "LineString", "coordinates": [ [ -27.722897539370084, -76.224008527370145 ], [ -27.652837949982057, -76.248405937945435 ], [ -27.935851702184266, -76.251213870106866 ] ] } },
{ "type": "Feature", "properties": { "surface": "grounding line" }, "geometry": { "type": "LineString", "coordinates": [ [ -61.074042307014388, -65.034891181780139 ], [ -60.895221801317625, -64.9047026536918 ] ] } },
{ "type": "Feature", "properties": { "surface": "grounding line" }, "geometry": { "type": "LineString", "coordinates": [ [ -26.631347992587095, -76.09160627330283 ], [ -26.830001764197579, -76.13148233179237 ] ] } },
{ "type": "Feature", "properties": { "surface": "grounding line" }, "geometry": { "type": "LineString", "coordinates": [ [ -12.005444892618286, -71.669943129848875 ], [ -10.878453522964504, -71.784563651854242 ], [ -10.971421011542136, -71.867813521088095 ], [ -10.905286708217998, -71.870446614390133 ], [ -10.931671394911161, -71.969115046293922 ], [ -11.276343501646785, -72.119997493191661 ], [ -11.153901242241783, -72.163480875141843 ], [ -11.413141787130922, -72.30300243772048 ], [ -11.298814341880053, -72.322590906716655 ], [ -11.412480809101828, -72.433433675134395 ], [ -12.667948857271247, -72.61201037364745 ], [ -12.965043716363331, -72.566581064126353 ], [ -12.899913661319069, -72.700979894159602 ], [ -13.509530642727464, -72.854917794911444 ], [ -14.419735912734573, -72.720128187120679 ], [ -13.90778609808695, -72.975873692544639 ], [ -14.019916915964346, -73.046502314645195 ], [ -13.922715069523461, -73.091788887195065 ], [ -14.00508477740714, -73.13013034163265 ], [ -14.452507978456572, -73.158374353837473 ], [ -14.924910557379716, -73.039490092516147 ], [ -15.88622329616584, -73.142933032035444 ], [ -15.997920116631928, -73.221274612372952 ], [ -15.980951035911037, -73.301830114153731 ], [ -16.526728666708077, -73.460968773411324 ], [ -16.617816655491236, -73.659073023699392 ], [ -15.820455899570515, -73.787095383689504 ], [ -16.547098522105891, -73.874817863133956 ], [ -15.984060344394292, -73.955209510375795 ], [ -14.880619360679374, -73.8263215687073 ], [ -14.385406007825642, -73.874976596039531 ], [ -14.891578537612761, -73.988518623165064 ], [ -15.044385854369899, -74.125297612178827 ], [ -15.53753098211409, -74.119982311163824 ], [ -15.554432056700556, -74.18251493376799 ], [ -15.29734803284164, -74.250238428121804 ], [ -15.6372278685305, -74.39122461736055 ], [ -16.632651318041525, -74.300118914397984 ], [ -17.551213796697358, -74.35591793269451 ], [ -17.638363295065275, -74.455917275192334 ], [ -17.614545815400099, -74.580208899014622 ], [ -17.969800920094986, -74.629729574132497 ], [ -17.868723052993346, -74.736920952864892 ], [ -17.953817804345029, -74.815208642551013 ], [ -18.28278805512624, -74.865366672310387 ], [ -18.2207226146155, -74.928233667569771 ], [ -18.542907219597307, -74.932049317262354 ], [ -18.366418474676731, -74.969963105637447 ], [ -18.558588793539805, -74.965570858718934 ], [ -18.509516656118397, -75.105131977849666 ], [ -18.885535774028675, -75.244784066807057 ], [ -18.484026119672791, -75.425702907321934 ], [ -18.588481582023061, -75.476864426617638 ], [ -19.780405277161325, -75.547805741044101 ], [ -20.421614342065251, -75.478660751767947 ], [ -20.781807011621993, -75.546626229575068 ], [ -20.656738183240957, -75.617770021851953 ], [ -21.164698193630191, -75.706954321045032 ], [ -22.565017959070492, -75.646972187022385 ], [ -25.531018986896488, -75.880811001886784 ], [ -26.605323096797587, -76.054983221622351 ] ] } },
{ "type": "Feature", "properties": { "surface": "grounding line" }, "geometry": { "type": "LineString", "coordinates": [ [ -4.267379829426298, -71.347523629797635 ], [ -6.166089183943419, -71.376343315746269 ], [ -6.332829933730669, -71.315011959307483 ], [ -6.035651084345028, -71.211126088178432 ], [ -6.070789481679363, -71.112900407643451 ], [ -5.725643029098388, -71.031152760328851 ], [ -5.666840189123104, -70.89557085919391 ], [ -5.560687949816999, -70.857951849929691 ], [ -5.84982553405377, -70.700690111259931 ], [ -6.429345265971137, -70.732275995120915 ], [ -6.64194112139125, -70.916239315459066 ], [ -7.646930783832287, -70.793205672448067 ], [ -7.928870140817815, -70.886330185924962 ], [ -7.891683026957847, -70.982332043425203 ], [ -7.558678858085108, -71.140233892364449 ], [ -7.570038174214051, -71.273853532197464 ], [ -7.78594879032143, -71.492284866785951 ], [ -7.591757415322719, -71.625344398241623 ], [ -7.980366221055714, -71.672905499346584 ], [ -8.144120909440653, -71.571949149289992 ], [ -8.392641907761604, -71.703558287518121 ], [ -8.755144685044668, -71.714549957944442 ], [ -8.637310056616775, -71.598216202924732 ], [ -8.734755899012507, -71.577779347630127 ], [ -8.721303318063455, -71.477724257513415 ], [ -8.807295220837815, -71.42530894685386 ], [ -9.108913668984091, -71.402350420660866 ], [ -8.971475351150394, -71.269868484474131 ], [ -9.048043667812516, -71.20458126294406 ], [ -9.907452278953732, -71.085061308308084 ], [ -9.993680511284719, -70.918069159179552 ] ] } },
{ "type": "Feature", "properties": { "surface": "grounding line" }, "geometry": { "type": "LineString", "coordinates": [ [ -3.915796751951057, -71.296890689699609 ], [ -4.079561706569758, -71.313399185492713 ], [ -3.940035375059634, -71.365901209186987 ], [ -4.262743510460139, -71.348544616227997 ] ] } },
{ "type": "Feature", "properties": { "surface": "grounding line" }, "geometry": { "type": "LineString", "coordinates": [ [ -10.456110617771362, -70.999133444935538 ], [ -9.982422630008768, -71.109209326899631 ], [ -10.685442575586032, -71.35127607094951 ], [ -10.73413851985964, -71.42358055058024 ], [ -10.597720319535322, -71.52151204059345 ], [ -10.747021313724334, -71.57688459270048 ], [ -11.651038528496082, -71.40873331337562 ], [ -11.73891483795645, -71.334380793939943 ], [ -11.662773564184933, -71.274973066178219 ] ] } },
{ "type": "Feature", "properties": { "surface": "grounding line" }, "geometry": { "type": "LineString", "coordinates": [ [ -2.084050627642603, -70.184120873520499 ], [ -2.038904073380734, -70.185030365831722 ] ] } },
{ "type": "Feature", "properties": { "surface": "grounding line" }, "geometry": { "type": "LineString", "coordinates": [ [ -74.579795459047546, -69.981162475249405 ], [ -74.727343815667211, -69.991762753124348 ], [ -74.65023657169607, -70.011322315436104 ] ] } },
{ "type": "Feature", "properties": { "surface": "grounding line" }, "geometry": { "type": "LineString", "coordinates": [ [ -60.699647620994519, -66.081550568204378 ], [ -60.644347404879412, -66.058963992355501 ] ] } },
{ "type": "Feature", "properties": { "surface": "grounding line" }, "geometry": { "type": "LineString", "coordinates": [ [ -71.733758248220809, -69.660704784366928 ], [ -71.592510081640697, -69.764039321717675 ], [ -71.818006594973468, -69.789239013227814 ], [ -71.929121242401905, -69.933864143330979 ] ] } },
{ "type": "Feature", "properties": { "surface": "grounding line" }, "geometry": { "type": "LineString", "coordinates": [ [ -72.656210793594909, -71.042597257962868 ], [ -72.664213343003809, -71.042949313986384 ] ] } },
{ "type": "Feature", "properties": { "surface": "grounding line" }, "geometry": { "type": "LineString", "coordinates": [ [ -72.659753345265017, -71.057324628644835 ], [ -72.681872354092476, -71.048824757528678 ] ] } },
{ "type": "Feature", "properties": { "surface": "grounding line" }, "geometry": { "type": "LineString", "coordinates": [ [ -72.852630796697682, -71.082250600152136 ], [ -72.864961305456475, -71.097270953068673 ] ] } },
{ "type": "Feature", "properties": { "surface": "grounding line" }, "geometry": { "type": "LineString", "coordinates": [ [ 78.254850940164047, -68.656009722304304 ], [ 78.261864130121879, -68.652920589252062 ] ] } },
{ "type": "Feature", "properties": { "surface": "grounding line" }, "geometry": { "type": "LineString", "coordinates": [ [ 78.267076401789538, -68.651766623452758 ], [ 78.271387526638776, -68.652387488409317 ] ] } },
{ "type": "Feature", "properties": { "surface": "grounding line" }, "geometry": { "type": "LineString", "coordinates": [ [ 78.286758374373832, -68.651149176049643 ], [ 78.531332304506051, -68.678372273853412 ], [ 78.078828232008732, -68.739938002258569 ] ] } },
{ "type": "Feature", "properties": { "surface": "grounding line" }, "geometry": { "type": "LineString", "coordinates": [ [ 76.501785781290678, -69.397504966638039 ], [ 76.442635864282209, -69.445639177248637 ] ] } },
{ "type": "Feature", "properties": { "surface": "grounding line" }, "geometry": { "type": "LineString", "coordinates": [ [ 62.745113895332942, -67.646871721554078 ], [ 62.796745313137848, -67.640876798451416 ] ] } },
{ "type": "Feature", "properties": { "surface": "grounding line" }, "geometry": { "type": "LineString", "coordinates": [ [ 77.905693621800424, -69.006315514077784 ], [ 78.021644125843224, -69.005930706360232 ] ] } },
{ "type": "Feature", "properties": { "surface": "grounding line" }, "geometry": { "type": "LineString", "coordinates": [ [ 80.559370759512447, -67.922345706819243 ], [ 80.687281440471736, -67.902036314971539 ] ] } },
{ "type": "Feature", "properties": { "surface": "grounding line" }, "geometry": { "type": "LineString", "coordinates": [ [ 56.798110303234935, -67.060980895305946 ], [ 57.359920882387144, -67.091575487586667 ], [ 57.304877613698565, -67.04293239497774 ], [ 57.491053149476812, -67.00737533078329 ] ] } },
{ "type": "Feature", "properties": { "surface": "grounding line" }, "geometry": { "type": "LineString", "coordinates": [ [ 56.448915103963344, -66.756905602796067 ], [ 56.498568601253808, -66.759302356966572 ], [ 56.509903345509116, -66.755203873997687 ], [ 56.433919414649097, -66.732831838209094 ], [ 56.448915103963344, -66.756905602796067 ] ] } },
{ "type": "Feature", "properties": { "surface": "grounding line" }, "geometry": { "type": "LineString", "coordinates": [ [ 56.484988741991963, -66.847940451608068 ], [ 56.509887537511922, -66.847009821071964 ], [ 56.518124504691983, -66.83997296258579 ], [ 56.49999785048621, -66.831012124936208 ], [ 56.484988741991963, -66.847940451608068 ] ] } },
{ "type": "Feature", "properties": { "surface": "grounding line" }, "geometry": { "type": "LineString", "coordinates": [ [ 77.945093358909659, -68.946436758019914 ], [ 78.034353218410146, -68.927590830081826 ], [ 77.915711787673928, -68.927615017642381 ] ] } },
{ "type": "Feature", "properties": { "surface": "grounding line" }, "geometry": { "type": "LineString", "coordinates": [ [ 73.702509756841337, -69.793711177200606 ], [ 73.731161021350317, -69.753346069438905 ] ] } },
{ "type": "Feature", "properties": { "surface": "grounding line" }, "geometry": { "type": "LineString", "coordinates": [ [ 70.463499931461271, -68.746504118574705 ], [ 70.533268326279995, -68.738605923966517 ], [ 70.553432357751475, -68.724156142457048 ], [ 70.425760596934111, -68.71517231239261 ], [ 70.463499931461271, -68.746504118574705 ] ] } },
{ "type": "Feature", "properties": { "surface": "grounding line" }, "geometry": { "type": "LineString", "coordinates": [ [ 71.652446757787246, -70.880051949264143 ], [ 71.65725214076312, -70.873991588312791 ], [ 71.666121147401057, -70.871617799848934 ], [ 71.660553102726581, -70.877295331197814 ], [ 71.652446757787246, -70.880051949264143 ] ] } },
{ "type": "Feature", "properties": { "surface": "grounding line" }, "geometry": { "type": "LineString", "coordinates": [ [ 71.061319312339364, -71.44059280820116 ], [ 70.966441764955064, -71.43209673340202 ], [ 70.948008511101747, -71.417677110764672 ], [ 71.061883644799593, -71.374928734198022 ], [ 71.113917126155712, -71.408842710426725 ], [ 71.061319312339364, -71.44059280820116 ] ] } },
{ "type": "Feature", "properties": { "surface": "grounding line" }, "geometry": { "type": "LineString", "coordinates": [ [ 71.074751330340305, -71.56464091934501 ], [ 71.069259981951049, -71.558086518514642 ], [ 71.061309213010333, -71.560834118277938 ], [ 71.074751330340305, -71.56464091934501 ] ] } },
{ "type": "Feature", "properties": { "surface": "grounding line" }, "geometry": { "type": "LineString", "coordinates": [ [ 62.329397380386858, -67.600510073703916 ], [ 62.33084856441085, -67.610444411244274 ] ] } },
{ "type": "Feature", "properties": { "surface": "grounding line" }, "geometry": { "type": "LineString", "coordinates": [ [ 62.552341899100171, -67.638267603627497 ], [ 62.623740205835951, -67.66120158892717 ] ] } },
{ "type": "Feature", "properties": { "surface": "grounding line" }, "geometry": { "type": "LineString", "coordinates": [ [ 75.75714409651286, -69.662585172214889 ], [ 75.761204806280631, -69.661617294198606 ], [ 75.751175214218406, -69.661028703011695 ], [ 75.752579556815149, -69.66212912652172 ], [ 75.75714409651286, -69.662585172214889 ] ] } },
{ "type": "Feature", "properties": { "surface": "grounding line" }, "geometry": { "type": "LineString", "coordinates": [ [ 73.533648087289635, -69.738629916257779 ], [ 73.554023997997405, -69.732936954180303 ], [ 73.497615884554079, -69.704755876800547 ], [ 73.503557142307628, -69.729318217268741 ], [ 73.533648087289635, -69.738629916257779 ] ] } },
{ "type": "Feature", "properties": { "surface": "grounding line" }, "geometry": { "type": "LineString", "coordinates": [ [ 61.18147987040242, -67.492549872084453 ], [ 61.124624004966897, -67.531792534161113 ] ] } },
{ "type": "Feature", "properties": { "surface": "grounding line" }, "geometry": { "type": "LineString", "coordinates": [ [ 59.097033903469644, -67.435181492951884 ], [ 59.143987032587148, -67.448599775335452 ] ] } },
{ "type": "Feature", "properties": { "surface": "grounding line" }, "geometry": { "type": "LineString", "coordinates": [ [ 64.565751490451035, -67.626093575058647 ], [ 64.638822720521418, -67.635810975723757 ] ] } },
{ "type": "Feature", "properties": { "surface": "grounding line" }, "geometry": { "type": "LineString", "coordinates": [ [ 65.051931982080092, -67.67801609097971 ], [ 65.094589209577066, -67.677840688384421 ] ] } },
{ "type": "Feature", "properties": { "surface": "grounding line" }, "geometry": { "type": "LineString", "coordinates": [ [ 65.415912375915767, -67.683214632878091 ], [ 65.459906418498463, -67.684336798893568 ] ] } },
{ "type": "Feature", "properties": { "surface": "grounding line" }, "geometry": { "type": "LineString", "coordinates": [ [ 69.622816768400682, -67.989318934840398 ], [ 69.591385156611793, -68.092527391051348 ], [ 69.715968640686285, -68.199820944913796 ] ] } },
{ "type": "Feature", "properties": { "surface": "grounding line" }, "geometry": { "type": "LineString", "coordinates": [ [ 69.74075535534422, -68.219077794497309 ], [ 69.784494084894021, -68.249222429208103 ] ] } },
{ "type": "Feature", "properties": { "surface": "grounding line" }, "geometry": { "type": "LineString", "coordinates": [ [ 49.885153342038677, -67.121849166546667 ], [ 49.841701354097957, -67.158490124038067 ] ] } },
{ "type": "Feature", "properties": { "surface": "grounding line" }, "geometry": { "type": "LineString", "coordinates": [ [ 50.629895448383316, -67.19858929811187 ], [ 50.752286622032244, -67.208249681962286 ], [ 50.706376022144845, -67.174476153246573 ] ] } },
{ "type": "Feature", "properties": { "surface": "grounding line" }, "geometry": { "type": "LineString", "coordinates": [ [ 57.26495963378342, -66.644552011477003 ], [ 57.264743919485205, -66.644362449844877 ] ] } },
{ "type": "Feature", "properties": { "surface": "grounding line" }, "geometry": { "type": "LineString", "coordinates": [ [ 57.264819272416787, -66.642041308597726 ], [ 57.262634803384429, -66.643230824247127 ] ] } },
{ "type": "Feature", "properties": { "surface": "grounding line" }, "geometry": { "type": "LineString", "coordinates": [ [ 56.892034438828603, -66.702982865805254 ], [ 56.864465556143685, -66.707995723669086 ] ] } },
{ "type": "Feature", "properties": { "surface": "grounding line" }, "geometry": { "type": "LineString", "coordinates": [ [ 56.510636269021113, -66.897575978053197 ], [ 56.39947937539943, -66.901285407738442 ], [ 56.700398413935758, -66.926261311477575 ] ] } },
{ "type": "Feature", "properties": { "surface": "grounding line" }, "geometry": { "type": "LineString", "coordinates": [ [ 56.513382099532514, -66.88649278986685 ], [ 56.648775767363546, -66.850307718569368 ] ] } },
{ "type": "Feature", "properties": { "surface": "grounding line" }, "geometry": { "type": "LineString", "coordinates": [ [ 73.709468065096928, -69.68548598335525 ], [ 73.644176808778155, -69.645202552081727 ], [ 73.747276402038196, -69.607372395411574 ] ] } },
{ "type": "Feature", "properties": { "surface": "grounding line" }, "geometry": { "type": "LineString", "coordinates": [ [ 73.71292443806108, -69.701891864008275 ], [ 73.72023432564994, -69.709896139173651 ] ] } },
{ "type": "Feature", "properties": { "surface": "grounding line" }, "geometry": { "type": "LineString", "coordinates": [ [ 50.517706954730151, -66.994610755551847 ], [ 50.997155163344267, -67.025130978999798 ], [ 50.918630143281241, -67.116098487568181 ] ] } },
{ "type": "Feature", "properties": { "surface": "grounding line" }, "geometry": { "type": "LineString", "coordinates": [ [ 49.267704186920902, -67.028073443902215 ], [ 49.465681492642929, -67.012251803352626 ] ] } },
{ "type": "Feature", "properties": { "surface": "grounding line" }, "geometry": { "type": "LineString", "coordinates": [ [ 48.98252173465589, -67.290226571636964 ], [ 49.01681066060987, -67.288108404310705 ] ] } },
{ "type": "Feature", "properties": { "surface": "grounding line" }, "geometry": { "type": "LineString", "coordinates": [ [ 56.637352979016008, -66.794449453264065 ], [ 56.643178533645653, -66.793226108081129 ] ] } },
{ "type": "Feature", "properties": { "surface": "grounding line" }, "geometry": { "type": "LineString", "coordinates": [ [ 48.948113652352255, -67.294579981081441 ], [ 48.953524681349272, -67.294911004567595 ] ] } },
{ "type": "Feature", "properties": { "surface": "grounding line" }, "geometry": { "type": "LineString", "coordinates": [ [ 48.92921714480908, -67.295254122529016 ], [ 48.944004365324766, -67.294433586369138 ] ] } },
{ "type": "Feature", "properties": { "surface": "grounding line" }, "geometry": { "type": "LineString", "coordinates": [ [ 48.954436610005452, -67.296096929678598 ], [ 48.966766232082854, -67.296308360051029 ] ] } },
{ "type": "Feature", "properties": { "surface": "grounding line" }, "geometry": { "type": "LineString", "coordinates": [ [ 57.411986595114563, -66.988907446741408 ], [ 57.412447620516716, -66.98929064787923 ] ] } },
{ "type": "Feature", "properties": { "surface": "grounding line" }, "geometry": { "type": "LineString", "coordinates": [ [ 91.216616900081874, -66.577730943012099 ], [ 91.275288137654726, -66.582233363388355 ] ] } },
{ "type": "Feature", "properties": { "surface": "grounding line" }, "geometry": { "type": "LineString", "coordinates": [ [ 69.742307001984784, -69.100783519918679 ], [ 69.865768398538862, -69.096162145367089 ], [ 69.870062996464043, -69.088197318633263 ], [ 69.796972807744737, -69.058338532086054 ], [ 69.742307001984784, -69.100783519918679 ] ] } },
{ "type": "Feature", "properties": { "surface": "grounding line" }, "geometry": { "type": "LineString", "coordinates": [ [ 70.245071289555341, -68.775353053384634 ], [ 70.187712870013044, -68.755956315392993 ], [ 70.127386223448397, -68.70229332852935 ], [ 70.37430805358747, -68.757103367285566 ], [ 70.245071289555341, -68.775353053384634 ] ] } },
{ "type": "Feature", "properties": { "surface": "grounding line" }, "geometry": { "type": "LineString", "coordinates": [ [ 69.384029116380276, -69.693069186707078 ], [ 69.446816532840586, -69.681097966681108 ], [ 69.472682047943607, -69.666981718683644 ], [ 69.419857188298934, -69.662416017256348 ], [ 69.384029116380276, -69.693069186707078 ] ] } },
{ "type": "Feature", "properties": { "surface": "grounding line" }, "geometry": { "type": "LineString", "coordinates": [ [ 73.725027640790316, -69.752691317984969 ], [ 73.704897897013794, -69.729992783596018 ] ] } },
{ "type": "Feature", "properties": { "surface": "grounding line" }, "geometry": { "type": "LineString", "coordinates": [ [ 74.351537103608948, -69.749674876486225 ], [ 74.428932850271295, -69.874662474675176 ], [ 74.463068501673007, -69.747124691372733 ] ] } },
{ "type": "Feature", "properties": { "surface": "grounding line" }, "geometry": { "type": "LineString", "coordinates": [ [ 76.891418637201852, -69.233881941796056 ], [ 76.889977274289294, -69.229572609115749 ] ] } },
{ "type": "Feature", "properties": { "surface": "grounding line" }, "geometry": { "type": "LineString", "coordinates": [ [ 38.266216927091747, -69.610595348140066 ], [ 38.392074841060364, -69.62336956415426 ] ] } },
{ "type": "Feature", "properties": { "surface": "grounding line" }, "geometry": { "type": "LineString", "coordinates": [ [ 72.000001413875836, -70.400930522715569 ], [ 72.23875834854077, -70.649858312665657 ], [ 71.819842331972268, -70.617864272199071 ], [ 71.633338084094234, -70.403582529965064 ], [ 71.774790608299043, -70.25968660316461 ], [ 72.000001413875836, -70.400930522715569 ] ] } },
{ "type": "Feature", "properties": { "surface": "grounding line" }, "geometry": { "type": "LineString", "coordinates": [ [ 47.91982458670681, -67.592502345580186 ], [ 47.919160253047501, -67.590990616043683 ] ] } },
{ "type": "Feature", "properties": { "surface": "grounding line" }, "geometry": { "type": "LineString", "coordinates": [ [ 46.230009467299759, -67.649411243027686 ], [ 46.266300528551618, -67.676465954068703 ] ] } },
{ "type": "Feature", "properties": { "surface": "grounding line" }, "geometry": { "type": "LineString", "coordinates": [ [ 15.60342081541536, -69.834846915900286 ], [ 15.592309568732055, -69.926645236068538 ], [ 16.156171901792863, -70.09580568640159 ], [ 16.27848121488983, -69.846102375308462 ], [ 16.607960420934834, -69.731568705058763 ] ] } },
{ "type": "Feature", "properties": { "surface": "grounding line" }, "geometry": { "type": "LineString", "coordinates": [ [ 24.630991374975864, -70.313805216407417 ], [ 24.653622909340282, -70.363937781115581 ], [ 24.472479618734081, -70.327203850242256 ] ] } },
{ "type": "Feature", "properties": { "surface": "grounding line" }, "geometry": { "type": "LineString", "coordinates": [ [ 35.338859894952456, -69.263890884175069 ], [ 35.346800372143363, -69.251597486001316 ], [ 35.386250153609524, -69.266352271734959 ], [ 35.369034152677713, -69.271886215818853 ], [ 35.338859894952456, -69.263890884175069 ] ] } },
{ "type": "Feature", "properties": { "surface": "grounding line" }, "geometry": { "type": "LineString", "coordinates": [ [ 23.727928651197381, -70.280912170522967 ], [ 23.86978054720667, -70.311651112100506 ] ] } },
{ "type": "Feature", "properties": { "surface": "grounding line" }, "geometry": { "type": "LineString", "coordinates": [ [ 43.491078280817383, -68.056956377097919 ], [ 43.358229795367393, -68.073179881199565 ] ] } },
{ "type": "Feature", "properties": { "surface": "grounding line" }, "geometry": { "type": "LineString", "coordinates": [ [ 38.343098344708579, -69.673252453889205 ], [ 38.263404006878801, -69.621915569707383 ] ] } },
{ "type": "Feature", "properties": { "surface": "grounding line" }, "geometry": { "type": "LineString", "coordinates": [ [ 42.892482653102626, -68.098294596460249 ], [ 42.958018012260872, -68.114121445992211 ], [ 42.871956699493282, -68.131895015218319 ] ] } },
{ "type": "Feature", "properties": { "surface": "grounding line" }, "geometry": { "type": "LineString", "coordinates": [ [ 47.528713157996918, -67.517337590547385 ], [ 47.459399886898922, -67.569335117518889 ] ] } },
{ "type": "Feature", "properties": { "surface": "grounding line" }, "geometry": { "type": "LineString", "coordinates": [ [ 39.496189268061578, -69.684042916799882 ], [ 39.657931458077869, -69.699242315095006 ] ] } },
{ "type": "Feature", "properties": { "surface": "grounding line" }, "geometry": { "type": "LineString", "coordinates": [ [ 40.856929768492634, -68.718849486627036 ], [ 40.916546463311697, -68.685512639040823 ] ] } },
{ "type": "Feature", "properties": { "surface": "grounding line" }, "geometry": { "type": "LineString", "coordinates": [ [ 44.44136873937061, -67.969091159787268 ], [ 44.542537513198909, -67.982009315065326 ], [ 44.492241477793947, -67.955354652347708 ] ] } },
{ "type": "Feature", "properties": { "surface": "grounding line" }, "geometry": { "type": "LineString", "coordinates": [ [ 44.575694490205962, -67.930510964004583 ], [ 44.851368584338204, -67.961909442105636 ], [ 44.620619075807653, -67.860043332029576 ] ] } },
{ "type": "Feature", "properties": { "surface": "grounding line" }, "geometry": { "type": "LineString", "coordinates": [ [ 45.610692348927088, -67.757224006276246 ], [ 45.734756674657653, -67.754198176735585 ] ] } },
{ "type": "Feature", "properties": { "surface": "grounding line" }, "geometry": { "type": "LineString", "coordinates": [ [ 42.827866013807522, -68.126906065991435 ], [ 42.834289867843395, -68.128977680149518 ] ] } },
{ "type": "Feature", "properties": { "surface": "grounding line" }, "geometry": { "type": "LineString", "coordinates": [ [ 5.688705007227421, -70.216192779647557 ], [ 5.809020519715257, -70.311416625881876 ], [ 5.61976957384269, -70.327590942369682 ], [ 5.485662073056269, -70.247702944176012 ] ] } },
{ "type": "Feature", "properties": { "surface": "grounding line" }, "geometry": { "type": "LineString", "coordinates": [ [ 6.233683425248778, -70.081421904410306 ], [ 6.273959158510422, -70.125984191833979 ], [ 6.129484166089704, -70.09997514797567 ], [ 6.456305026244773, -70.211944580134514 ], [ 6.554502009822364, -70.20022582974309 ], [ 6.509716988903751, -70.128150940263765 ] ] } },
{ "type": "Feature", "properties": { "surface": "grounding line" }, "geometry": { "type": "LineString", "coordinates": [ [ 16.650857259579006, -69.72415668285268 ], [ 16.730877621930894, -69.712461823711891 ] ] } },
{ "type": "Feature", "properties": { "surface": "grounding line" }, "geometry": { "type": "LineString", "coordinates": [ [ 11.668821021542243, -70.049628817941908 ], [ 11.462218284099698, -70.035873412996082 ], [ 11.519554984645268, -70.028061601219235 ] ] } },
{ "type": "Feature", "properties": { "surface": "grounding line" }, "geometry": { "type": "LineString", "coordinates": [ [ 10.994200705111579, -70.047782897782042 ], [ 10.951478005561581, -70.098045349400167 ], [ 10.535647131619045, -70.005101318409544 ] ] } },
{ "type": "Feature", "properties": { "surface": "grounding line" }, "geometry": { "type": "LineString", "coordinates": [ [ 4.518098687717425, -70.237123297229914 ], [ 4.578861713979229, -70.412513733241752 ], [ 4.407342910847405, -70.496887206894542 ], [ 4.141663074098564, -70.4311752317996 ], [ 4.057560095228915, -70.286160584577544 ] ] } },
{ "type": "Feature", "properties": { "surface": "grounding line" }, "geometry": { "type": "LineString", "coordinates": [ [ 26.67262186264163, -70.098244059560642 ], [ 26.881358347689044, -70.299667358476441 ], [ 26.846167763651209, -70.419792175231862 ], [ 26.457976542447085, -70.454368590975548 ], [ 26.023987969785736, -70.387542724446774 ], [ 25.901498329463603, -70.283424080981277 ] ] } },
{ "type": "Feature", "properties": { "surface": "grounding line" }, "geometry": { "type": "LineString", "coordinates": [ [ 3.213352904953639, -70.387120467933514 ], [ 3.212659377641158, -70.518103629854366 ], [ 3.043759922517073, -70.594517692185505 ], [ 2.696055514716916, -70.625596330429303 ], [ 2.590157135848445, -70.547082627083313 ], [ 3.213352904953639, -70.387120467933514 ] ] } },
{ "type": "Feature", "properties": { "surface": "grounding line" }, "geometry": { "type": "LineString", "coordinates": [ [ 1.956915100108039, -70.634805095219804 ], [ 2.058839880757889, -70.591415050966233 ], [ 2.15089520969384, -70.6663665837183 ], [ 2.029829166446305, -70.668588836200556 ], [ 1.956915100108039, -70.634805095219804 ] ] } },
{ "type": "Feature", "properties": { "surface": "grounding line" }, "geometry": { "type": "LineString", "coordinates": [ [ 10.143322988721023, -70.318935782550312 ], [ 10.205279190982328, -70.330047224718939 ], [ 10.213827674507264, -70.335720338299623 ], [ 10.114240065221695, -70.324710080326213 ], [ 10.143322988721023, -70.318935782550312 ] ] } },
{ "type": "Feature", "properties": { "surface": "grounding line" }, "geometry": { "type": "LineString", "coordinates": [ [ 44.836041366498335, -67.955695712216766 ], [ 44.82664615382334, -67.953833039820793 ], [ 44.823447871893812, -67.956642366107758 ], [ 44.840541395115991, -67.957420976088613 ], [ 44.836041366498335, -67.955695712216766 ] ] } },
{ "type": "Feature", "properties": { "surface": "grounding line" }, "geometry": { "type": "LineString", "coordinates": [ [ 10.62818829928999, -70.395915280104887 ], [ 10.724067915558088, -70.403802148389559 ], [ 10.752695610513941, -70.454405717479972 ], [ 10.618875531955037, -70.452004722269578 ], [ 10.62818829928999, -70.395915280104887 ] ] } },
{ "type": "Feature", "properties": { "surface": "grounding line" }, "geometry": { "type": "LineString", "coordinates": [ [ 35.428224736006797, -69.157468862040474 ], [ 35.437857221982931, -69.15972169944925 ], [ 35.393146995912375, -69.16177683384231 ], [ 35.411264833898969, -69.153374709296557 ], [ 35.428224736006797, -69.157468862040474 ] ] } },
{ "type": "Feature", "properties": { "surface": "grounding line" }, "geometry": { "type": "LineString", "coordinates": [ [ 35.209077659443274, -69.253549776249628 ], [ 35.208153902611947, -69.25948848115452 ], [ 35.185507174797998, -69.25536284060378 ], [ 35.193816178076574, -69.251278020216219 ], [ 35.209077659443274, -69.253549776249628 ] ] } },
{ "type": "Feature", "properties": { "surface": "grounding line" }, "geometry": { "type": "LineString", "coordinates": [ [ 11.474227660478574, -70.320829231470341 ], [ 11.5966579838536, -70.331202425242907 ], [ 11.614947865293484, -70.342680355989145 ], [ 11.548825315288459, -70.352943529491967 ], [ 11.474227660478574, -70.320829231470341 ] ] } },
{ "type": "Feature", "properties": { "surface": "grounding line" }, "geometry": { "type": "LineString", "coordinates": [ [ 35.610585727817416, -69.195673625011793 ], [ 35.658971795067878, -69.193610104030171 ] ] } },
{ "type": "Feature", "properties": { "surface": "grounding line" }, "geometry": { "type": "LineString", "coordinates": [ [ 23.684920783780939, -70.221310994767904 ], [ 23.632708479597866, -70.234617172410012 ], [ 23.707701285550012, -70.260822759171148 ] ] } },
{ "type": "Feature", "properties": { "surface": "grounding line" }, "geometry": { "type": "LineString", "coordinates": [ [ 36.988952883325759, -69.644459939489508 ], [ 36.999125168576711, -69.641049042099652 ], [ 36.906178388603308, -69.634778353539261 ], [ 36.923180604522095, -69.655743340167405 ], [ 36.988952883325759, -69.644459939489508 ] ] } },
{ "type": "Feature", "properties": { "surface": "grounding line" }, "geometry": { "type": "LineString", "coordinates": [ [ 48.016959041497685, -67.625594527346252 ], [ 48.017254378543242, -67.629117722436874 ] ] } },
{ "type": "Feature", "properties": { "surface": "grounding line" }, "geometry": { "type": "LineString", "coordinates": [ [ 17.701073183985866, -69.687157712041682 ], [ 17.268670117177169, -69.732803691589325 ] ] } },
{ "type": "Feature", "properties": { "surface": "grounding line" }, "geometry": { "type": "LineString", "coordinates": [ [ 44.779366482173906, -67.937490540785873 ], [ 44.765339797623476, -67.932766798318326 ], [ 44.757829878799811, -67.935429789689465 ], [ 44.791149485604109, -67.943402990396905 ], [ 44.779366482173906, -67.937490540785873 ] ] } },
{ "type": "Feature", "properties": { "surface": "grounding line" }, "geometry": { "type": "LineString", "coordinates": [ [ 20.673664472741901, -70.734639354575378 ], [ 20.831619416031746, -70.746517236427792 ], [ 20.832822358423275, -70.75286331830273 ], [ 20.751244441754277, -70.757284451623306 ], [ 20.673664472741901, -70.734639354575378 ] ] } },
{ "type": "Feature", "properties": { "surface": "grounding line" }, "geometry": { "type": "LineString", "coordinates": [ [ 23.883784811953628, -70.356278279897467 ], [ 23.798849935952418, -70.356428533197501 ], [ 23.775122648954376, -70.365331927189516 ], [ 23.924544182561196, -70.368643735315885 ], [ 23.883784811953628, -70.356278279897467 ] ] } },
{ "type": "Feature", "properties": { "surface": "grounding line" }, "geometry": { "type": "LineString", "coordinates": [ [ 34.870797264720707, -69.118683278914474 ], [ 34.931928588728134, -69.129512217797782 ], [ 34.94810637803274, -69.127917579551152 ], [ 34.890732576825208, -69.108096497256213 ], [ 34.870797264720707, -69.118683278914474 ] ] } },
{ "type": "Feature", "properties": { "surface": "grounding line" }, "geometry": { "type": "LineString", "coordinates": [ [ 35.051464812542619, -69.116055398339029 ], [ 35.062246130679604, -69.122622680524898 ], [ 35.038116957821451, -69.11868769118982 ], [ 35.047555291325786, -69.115836285424606 ], [ 35.051464812542619, -69.116055398339029 ] ] } },
{ "type": "Feature", "properties": { "surface": "grounding line" }, "geometry": { "type": "LineString", "coordinates": [ [ 35.161372236689523, -69.129481208969096 ], [ 35.199415764979641, -69.13255544965196 ], [ 35.205065218368155, -69.134356357214401 ], [ 35.141937098129979, -69.137579761853402 ], [ 35.161372236689523, -69.129481208969096 ] ] } },
{ "type": "Feature", "properties": { "surface": "grounding line" }, "geometry": { "type": "LineString", "coordinates": [ [ 35.136968930427436, -69.192975600345292 ], [ 35.14544406717031, -69.195041224775835 ], [ 35.148891538656876, -69.197711015319385 ], [ 35.128107300757634, -69.196445931842362 ], [ 35.136968930427436, -69.192975600345292 ] ] } },
{ "type": "Feature", "properties": { "surface": "grounding line" }, "geometry": { "type": "LineString", "coordinates": [ [ 35.405778217467009, -69.191829973105385 ], [ 35.415725558066477, -69.201250068770136 ], [ 35.447167089346983, -69.214551210777088 ], [ 35.393253744415766, -69.213947102820995 ], [ 35.405778217467009, -69.191829973105385 ] ] } },
{ "type": "Feature", "properties": { "surface": "grounding line" }, "geometry": { "type": "LineString", "coordinates": [ [ 37.603580350851459, -69.6317381884447 ], [ 37.668226094721021, -69.611002858192222 ], [ 37.780493907075417, -69.637439680781256 ], [ 37.645554122364928, -69.648518455723504 ], [ 37.603580350851459, -69.6317381884447 ] ] } },
{ "type": "Feature", "properties": { "surface": "grounding line" }, "geometry": { "type": "LineString", "coordinates": [ [ 76.001367046616792, -69.500260068883705 ], [ 76.00636663054317, -69.499812336760428 ] ] } },
{ "type": "Feature", "properties": { "surface": "grounding line" }, "geometry": { "type": "LineString", "coordinates": [ [ 68.46405222254262, -72.3172088792615 ], [ 68.379536234230187, -72.312364946696491 ], [ 68.710172630838002, -72.092139335366596 ], [ 68.852111390431986, -72.206402549024176 ], [ 68.46405222254262, -72.3172088792615 ] ] } },
{ "type": "Feature", "properties": { "surface": "grounding line" }, "geometry": { "type": "LineString", "coordinates": [ [ 69.774406434309498, -72.052246093848353 ], [ 69.733261108449142, -71.94649505642758 ], [ 69.912483214391429, -71.907104492274073 ], [ 69.901687622786397, -71.954200745123842 ], [ 69.774406434309498, -72.052246093848353 ] ] } },
{ "type": "Feature", "properties": { "surface": "grounding line" }, "geometry": { "type": "LineString", "coordinates": [ [ 68.764450074058715, -71.542045593445323 ], [ 68.692199706530047, -71.545173644478439 ], [ 68.65522766194286, -71.487602234159851 ], [ 68.759284972450956, -71.476890563945972 ], [ 68.764450074058715, -71.542045593445323 ] ] } },
{ "type": "Feature", "properties": { "surface": "grounding line" }, "geometry": { "type": "LineString", "coordinates": [ [ 85.149156788397434, -66.515492472974003 ], [ 85.332107543591874, -66.638847351467049 ], [ 85.073421209942808, -66.629506867566647 ] ] } },
{ "type": "Feature", "properties": { "surface": "grounding line" }, "geometry": { "type": "LineString", "coordinates": [ [ 85.288389123439131, -66.825992776410374 ], [ 85.291649610454584, -66.729584512602656 ], [ 85.659971805533715, -66.738890643087856 ], [ 85.941258709277108, -66.890057205532983 ], [ 85.614651881328143, -66.987089836186627 ], [ 85.637564256532002, -66.942284494059521 ], [ 85.288389123439131, -66.825992776410374 ] ] } },
{ "type": "Feature", "properties": { "surface": "grounding line" }, "geometry": { "type": "LineString", "coordinates": [ [ 86.258985103965657, -66.761152435670638 ], [ 86.241920330593558, -66.711965865432262 ], [ 86.40015759681782, -66.667263623842032 ], [ 86.673614410811993, -66.725861610763076 ], [ 86.258985103965657, -66.761152435670638 ] ] } },
{ "type": "Feature", "properties": { "surface": "grounding line" }, "geometry": { "type": "LineString", "coordinates": [ [ 85.482837887840205, -66.430830484115532 ], [ 85.574028028492719, -66.416795496586303 ] ] } },
{ "type": "Feature", "properties": { "surface": "grounding line" }, "geometry": { "type": "LineString", "coordinates": [ [ 91.497863234440402, -66.586715042942132 ], [ 91.39148373744915, -66.602653788471386 ] ] } },
{ "type": "Feature", "properties": { "surface": "grounding line" }, "geometry": { "type": "LineString", "coordinates": [ [ 90.750159600357691, -66.696010453073313 ], [ 90.39781477014094, -66.807878735912809 ], [ 90.118413010818855, -66.777678864750641 ] ] } },
{ "type": "Feature", "properties": { "surface": "grounding line" }, "geometry": { "type": "LineString", "coordinates": [ [ 88.770335352843205, -66.782666523347089 ], [ 88.303007207305669, -66.850465217807539 ], [ 87.820917092833284, -66.714027065975628 ], [ 87.708706574886236, -66.83921708790507 ], [ 86.943712212465059, -66.935120619149629 ], [ 86.694841495477675, -67.063118991183885 ], [ 86.062163900408478, -67.042079250361567 ], [ 85.640354909333396, -67.193186269292042 ], [ 85.100684999109248, -67.155421287733731 ], [ 84.960590443692695, -67.069220422903626 ], [ 84.437547918922817, -67.098382377484853 ], [ 84.242320864438284, -67.241565614499251 ], [ 83.596600240997674, -67.329066108782854 ], [ 83.655552030164401, -67.385461302554191 ], [ 83.362606693825867, -67.445064599958997 ], [ 83.487678973026917, -67.59348008878662 ], [ 82.622142268190728, -67.597963206867931 ], [ 82.288016266208487, -67.727805599223132 ], [ 82.115935395658468, -67.650604004760865 ], [ 81.382206737145069, -67.784482796931911 ] ] } },
{ "type": "Feature", "properties": { "surface": "grounding line" }, "geometry": { "type": "LineString", "coordinates": [ [ 78.021644125843224, -69.005930706360232 ], [ 77.935034916659859, -68.975525346686581 ] ] } },
{ "type": "Feature", "properties": { "surface": "grounding line" }, "geometry": { "type": "LineString", "coordinates": [ [ 77.815604875736256, -69.07678798932254 ], [ 77.844657622086871, -69.127612170338324 ], [ 77.433479807770283, -69.182969074954642 ] ] } },
{ "type": "Feature", "properties": { "surface": "grounding line" }, "geometry": { "type": "LineString", "coordinates": [ [ 77.269927262552201, -69.204315865125409 ], [ 77.231227610075848, -69.205459460000071 ] ] } },
{ "type": "Feature", "properties": { "surface": "grounding line" }, "geometry": { "type": "LineString", "coordinates": [ [ 76.971859121067908, -69.223347106769182 ], [ 76.978725526985954, -69.289060881210773 ], [ 76.898830220439464, -69.271613254829731 ] ] } },
{ "type": "Feature", "properties": { "surface": "grounding line" }, "geometry": { "type": "LineString", "coordinates": [ [ 76.804654968242119, -69.261626235594434 ], [ 76.829476328916655, -69.351198168830706 ], [ 76.706033291466127, -69.261119555099626 ] ] } },
{ "type": "Feature", "properties": { "surface": "grounding line" }, "geometry": { "type": "LineString", "coordinates": [ [ 76.69485401019621, -69.303686084981081 ], [ 76.643000225170951, -69.339906132916354 ] ] } },
{ "type": "Feature", "properties": { "surface": "grounding line" }, "geometry": { "type": "LineString", "coordinates": [ [ 76.442635864282209, -69.445639177248637 ], [ 76.358390315013679, -69.461013281355946 ], [ 76.404792262741168, -69.410447748124341 ] ] } },
{ "type": "Feature", "properties": { "surface": "grounding line" }, "geometry": { "type": "LineString", "coordinates": [ [ 76.404918274863505, -69.408662776616907 ], [ 76.423589499395646, -69.391454308634408 ] ] } },
{ "type": "Feature", "properties": { "surface": "grounding line" }, "geometry": { "type": "LineString", "coordinates": [ [ 76.034983116643062, -69.483600630400417 ], [ 76.00636663054317, -69.499812336760428 ] ] } },
{ "type": "Feature", "properties": { "surface": "grounding line" }, "geometry": { "type": "LineString", "coordinates": [ [ 75.876663010604744, -69.534442509173687 ], [ 75.788886907283953, -69.548697975705423 ] ] } },
{ "type": "Feature", "properties": { "surface": "grounding line" }, "geometry": { "type": "LineString", "coordinates": [ [ 75.785838185220086, -69.548424359842102 ], [ 75.854184551198699, -69.570834468020394 ], [ 75.691422209836276, -69.606028505195582 ], [ 75.784129499164294, -69.672546942197329 ], [ 75.536388025324797, -69.747575799849429 ], [ 75.672970318845984, -69.772106957755824 ], [ 75.593635453227435, -69.788838970771394 ], [ 75.670755462997462, -69.814902504130458 ], [ 75.603756505148965, -69.818421741532688 ], [ 75.616946359356334, -69.896191470045409 ], [ 75.423008532793943, -69.941088939980148 ], [ 75.33350364555011, -69.82119234670337 ], [ 75.186274066065906, -69.860192837321108 ] ] } },
{ "type": "Feature", "properties": { "surface": "grounding line" }, "geometry": { "type": "LineString", "coordinates": [ [ 75.21562880839177, -69.870060864678962 ], [ 75.190850354298092, -69.869789353672829 ] ] } },
{ "type": "Feature", "properties": { "surface": "grounding line" }, "geometry": { "type": "LineString", "coordinates": [ [ 75.209634481665702, -69.867216803982117 ], [ 75.210946554475541, -69.868025297461358 ] ] } },
{ "type": "Feature", "properties": { "surface": "grounding line" }, "geometry": { "type": "LineString", "coordinates": [ [ 75.205920162233966, -69.865646656424943 ], [ 75.206811963907384, -69.866314869452665 ] ] } },
{ "type": "Feature", "properties": { "surface": "grounding line" }, "geometry": { "type": "LineString", "coordinates": [ [ 75.188676159670706, -69.873538400329039 ], [ 75.10206659948517, -69.925482266364881 ], [ 74.724047048335848, -69.821444886867454 ], [ 74.588648237169039, -69.929585116249044 ], [ 74.396903008049293, -69.936523704080614 ], [ 74.218639641592347, -69.729970559589177 ] ] } },
{ "type": "Feature", "properties": { "surface": "grounding line" }, "geometry": { "type": "LineString", "coordinates": [ [ 75.190883732007038, -69.870511287736804 ], [ 75.189784049525414, -69.871939228429142 ] ] } },
{ "type": "Feature", "properties": { "surface": "grounding line" }, "geometry": { "type": "LineString", "coordinates": [ [ 75.187899545847102, -69.861670991363283 ], [ 75.203506497031881, -69.864043682676098 ] ] } },
{ "type": "Feature", "properties": { "surface": "grounding line" }, "geometry": { "type": "LineString", "coordinates": [ [ 73.224453623208262, -69.892589377747456 ], [ 73.472107239645638, -69.770011643003642 ], [ 73.702509756841337, -69.793711177200606 ] ] } },
{ "type": "Feature", "properties": { "surface": "grounding line" }, "geometry": { "type": "LineString", "coordinates": [ [ 73.220044362781636, -69.89330783170945 ], [ 73.076535128089745, -69.898974301518464 ], [ 72.992043989781607, -69.998135597820436 ] ] } },
{ "type": "Feature", "properties": { "surface": "grounding line" }, "geometry": { "type": "LineString", "coordinates": [ [ 72.987434966718567, -70.00048429843153 ], [ 72.982639379231401, -70.003070199035179 ] ] } },
{ "type": "Feature", "properties": { "surface": "grounding line" }, "geometry": { "type": "LineString", "coordinates": [ [ 72.971846523917563, -70.007192758071341 ], [ 72.968543564275734, -70.008618478308179 ] ] } },
{ "type": "Feature", "properties": { "surface": "grounding line" }, "geometry": { "type": "LineString", "coordinates": [ [ 72.934918632263987, -70.021050149117968 ], [ 72.890688102050845, -70.035570790779587 ] ] } },
{ "type": "Feature", "properties": { "surface": "grounding line" }, "geometry": { "type": "LineString", "coordinates": [ [ 72.887538329215161, -70.037096247243028 ], [ 72.85876367683376, -70.0252533575065 ] ] } },
{ "type": "Feature", "properties": { "surface": "grounding line" }, "geometry": { "type": "LineString", "coordinates": [ [ 72.856088501761292, -70.024634355283453 ], [ 72.843617920233442, -70.023926776632237 ] ] } },
{ "type": "Feature", "properties": { "surface": "grounding line" }, "geometry": { "type": "LineString", "coordinates": [ [ 72.812118680354345, -70.031531225054209 ], [ 72.81170039002798, -70.031820994292929 ] ] } },
{ "type": "Feature", "properties": { "surface": "grounding line" }, "geometry": { "type": "LineString", "coordinates": [ [ 72.810618997115469, -70.032824280000256 ], [ 72.810441404586314, -70.033024705692185 ] ] } },
{ "type": "Feature", "properties": { "surface": "grounding line" }, "geometry": { "type": "LineString", "coordinates": [ [ 72.802804719215189, -70.03899998575632 ], [ 72.798379604728794, -70.043498195684677 ] ] } },
{ "type": "Feature", "properties": { "surface": "grounding line" }, "geometry": { "type": "LineString", "coordinates": [ [ 72.795582985775425, -70.046464257891145 ], [ 72.788524102542652, -70.050972560399259 ] ] } },
{ "type": "Feature", "properties": { "surface": "grounding line" }, "geometry": { "type": "LineString", "coordinates": [ [ 72.780872974673869, -70.052494049445571 ], [ 72.779440117748919, -70.052903137692283 ] ] } },
{ "type": "Feature", "properties": { "surface": "grounding line" }, "geometry": { "type": "LineString", "coordinates": [ [ 72.777229500038828, -70.054266568307966 ], [ 72.64686122941427, -70.146404145256355 ] ] } },
{ "type": "Feature", "properties": { "surface": "grounding line" }, "geometry": { "type": "LineString", "coordinates": [ [ 72.645126381457771, -70.14661901300704 ], [ 72.60026358046612, -70.149324947569767 ] ] } },
{ "type": "Feature", "properties": { "surface": "grounding line" }, "geometry": { "type": "LineString", "coordinates": [ [ 72.598305144448133, -70.149389304462659 ], [ 72.558087427134552, -70.160084432432967 ] ] } },
{ "type": "Feature", "properties": { "surface": "grounding line" }, "geometry": { "type": "LineString", "coordinates": [ [ 72.540353204455442, -70.202908900486804 ], [ 72.768865901970287, -70.371226503367467 ], [ 72.633259230224169, -70.471722138747978 ], [ 72.409679832791781, -70.403471024085121 ], [ 72.421045701051781, -70.50091380724318 ], [ 72.54776949853418, -70.545370303154343 ], [ 72.507233975008234, -70.603025628459648 ], [ 72.221898459064846, -70.668665219834594 ], [ 72.245729442572099, -70.727861707127957 ], [ 71.994653019981484, -70.658456536126906 ], [ 71.788365709953382, -70.70800649733664 ], [ 71.664469407941638, -70.82274052075303 ], [ 71.706109649116726, -70.949361711263492 ], [ 71.470239540660472, -70.966627458822245 ], [ 71.519808835831071, -71.035816500800522 ], [ 71.32290369152463, -71.203203661754529 ], [ 71.46763106359856, -71.247309735352601 ], [ 71.273071346591195, -71.296342360240473 ], [ 71.157470863086346, -71.463468890036495 ], [ 71.534668193707631, -71.616859914274514 ], [ 71.097861626696883, -71.621098163477754 ], [ 71.035723588243584, -71.758741339916213 ], [ 70.420096023616878, -71.83275256937344 ], [ 70.526282246277873, -71.924478689007969 ], [ 70.458047734870888, -71.959328989858051 ], [ 70.482976369385639, -72.041898506591593 ], [ 69.798133389417757, -72.081999212623813 ], [ 69.807862974722084, -72.184874054423346 ], [ 69.933615871960967, -72.213702789196077 ], [ 69.804150282807271, -72.272993813819383 ], [ 69.221903475971601, -72.257034737105471 ], [ 69.269045017691738, -72.349768280038035 ], [ 69.213312980511191, -72.417913312362487 ], [ 68.416058084583369, -72.473982464234368 ], [ 67.917511224885402, -72.695936313842438 ], [ 68.012597678135279, -72.767545516953618 ], [ 67.949305374407956, -72.811141846800083 ], [ 68.115451087117975, -72.923900685913154 ], [ 67.990571813005744, -73.146371238161791 ], [ 67.230376566140521, -73.32568130668507 ], [ 66.989626879560575, -73.30478987455534 ], [ 66.820107032299617, -73.202214728612475 ], [ 66.794263719528161, -73.103555583608838 ], [ 66.981203427176368, -73.002660967272575 ], [ 67.066179839506646, -72.62970831900806 ], [ 67.41813285368616, -72.26931189188501 ], [ 67.34929276679523, -72.167918691882448 ], [ 67.501271849068743, -72.099206635660479 ], [ 67.399841140239147, -72.0701828912688 ], [ 67.762066320671522, -71.86921579674997 ], [ 67.683763773372476, -71.864046372990771 ] ] } },
{ "type": "Feature", "properties": { "surface": "grounding line" }, "geometry": { "type": "LineString", "coordinates": [ [ 72.553165041615244, -70.17632946661044 ], [ 72.551423983831185, -70.178665394375443 ] ] } },
{ "type": "Feature", "properties": { "surface": "grounding line" }, "geometry": { "type": "LineString", "coordinates": [ [ 72.554388483571515, -70.161830154770001 ], [ 72.553551734915359, -70.175809574065596 ] ] } },
{ "type": "Feature", "properties": { "surface": "grounding line" }, "geometry": { "type": "LineString", "coordinates": [ [ 67.682516872303509, -71.861993148028191 ], [ 67.678786709071446, -71.860710644674583 ] ] } },
{ "type": "Feature", "properties": { "surface": "grounding line" }, "geometry": { "type": "LineString", "coordinates": [ [ 67.680477712504313, -71.859163428274869 ], [ 67.738983380688154, -71.817432113257198 ], [ 67.612126654593993, -71.795568905044007 ], [ 67.965743583055968, -71.669191080743701 ], [ 67.625419641100237, -71.657531741318138 ], [ 67.739515524117252, -71.555599028991935 ] ] } },
{ "type": "Feature", "properties": { "surface": "grounding line" }, "geometry": { "type": "LineString", "coordinates": [ [ 67.922783027992963, -71.47410615284663 ], [ 68.181898861181665, -71.391236292265091 ], [ 68.15195708079024, -71.334662389433674 ], [ 68.658795516153418, -71.216752883176341 ], [ 68.565727753161298, -71.166936647731177 ], [ 69.1594347642759, -70.884829512743337 ], [ 69.25222357138324, -70.384993605405896 ], [ 69.147406840045178, -70.29401190388009 ], [ 68.652392791751069, -70.373194117017277 ] ] } },
{ "type": "Feature", "properties": { "surface": "grounding line" }, "geometry": { "type": "LineString", "coordinates": [ [ 67.739729593761325, -71.553162189924734 ], [ 67.901494205417109, -71.483987323490325 ] ] } },
{ "type": "Feature", "properties": { "surface": "grounding line" }, "geometry": { "type": "LineString", "coordinates": [ [ 68.611456269662767, -70.754430761327882 ], [ 68.608484284297361, -70.756682203212819 ] ] } },
{ "type": "Feature", "properties": { "surface": "grounding line" }, "geometry": { "type": "LineString", "coordinates": [ [ 68.596892738997568, -70.764070911597841 ], [ 68.595000835072383, -70.764526377295795 ] ] } },
{ "type": "Feature", "properties": { "surface": "grounding line" }, "geometry": { "type": "LineString", "coordinates": [ [ 68.592850065270383, -70.764654666572 ], [ 68.404515209398028, -70.798909945625425 ] ] } },
{ "type": "Feature", "properties": { "surface": "grounding line" }, "geometry": { "type": "LineString", "coordinates": [ [ 68.743415481786258, -70.576111694627542 ], [ 68.773444461086726, -70.654821124182007 ], [ 68.612945044937533, -70.75190435758816 ] ] } },
{ "type": "Feature", "properties": { "surface": "grounding line" }, "geometry": { "type": "LineString", "coordinates": [ [ 68.813785080796364, -70.489857477673581 ], [ 68.800143690453709, -70.495946541311241 ] ] } },
{ "type": "Feature", "properties": { "surface": "grounding line" }, "geometry": { "type": "LineString", "coordinates": [ [ 68.789761798728364, -70.500267626445734 ], [ 68.788983007023717, -70.500817752134807 ] ] } },
{ "type": "Feature", "properties": { "surface": "grounding line" }, "geometry": { "type": "LineString", "coordinates": [ [ 68.396952028797045, -70.800089901215458 ], [ 68.386694330919539, -70.801499832429059 ] ] } },
{ "type": "Feature", "properties": { "surface": "grounding line" }, "geometry": { "type": "LineString", "coordinates": [ [ 68.77828447276174, -70.461521225574629 ], [ 68.815594267206862, -70.488762385088606 ] ] } },
{ "type": "Feature", "properties": { "surface": "grounding line" }, "geometry": { "type": "LineString", "coordinates": [ [ 68.354012292575376, -70.815355712561015 ], [ 68.350419121910264, -70.816314671056475 ] ] } },
{ "type": "Feature", "properties": { "surface": "grounding line" }, "geometry": { "type": "LineString", "coordinates": [ [ 68.775702775516422, -70.457502828090583 ], [ 68.776509664317601, -70.458766339605759 ] ] } },
{ "type": "Feature", "properties": { "surface": "grounding line" }, "geometry": { "type": "LineString", "coordinates": [ [ 68.347589516578822, -70.817566524904677 ], [ 68.347169347412063, -70.817781737128868 ] ] } },
{ "type": "Feature", "properties": { "surface": "grounding line" }, "geometry": { "type": "LineString", "coordinates": [ [ 68.338635057250826, -70.822091522598441 ], [ 68.275401280450055, -70.827604465930108 ] ] } },
{ "type": "Feature", "properties": { "surface": "grounding line" }, "geometry": { "type": "LineString", "coordinates": [ [ 68.257529359990286, -70.830975522190926 ], [ 68.150608712755968, -70.759381050484635 ], [ 68.185320762476351, -70.618812128104054 ] ] } },
{ "type": "Feature", "properties": { "surface": "grounding line" }, "geometry": { "type": "LineString", "coordinates": [ [ 68.677513231312858, -70.446509611408629 ], [ 68.771867997999678, -70.455527143267147 ] ] } },
{ "type": "Feature", "properties": { "surface": "grounding line" }, "geometry": { "type": "LineString", "coordinates": [ [ 68.664091389647979, -70.437648812680564 ], [ 68.673618058210224, -70.444630834776348 ] ] } },
{ "type": "Feature", "properties": { "surface": "grounding line" }, "geometry": { "type": "LineString", "coordinates": [ [ 68.650987703523825, -70.418317333514324 ], [ 68.65280894725359, -70.42199718988951 ] ] } },
{ "type": "Feature", "properties": { "surface": "grounding line" }, "geometry": { "type": "LineString", "coordinates": [ [ 68.641267492608605, -70.40132086601858 ], [ 68.648752494677495, -70.416095077901957 ] ] } },
{ "type": "Feature", "properties": { "surface": "grounding line" }, "geometry": { "type": "LineString", "coordinates": [ [ 68.65058736753339, -70.374424093309287 ], [ 68.64922313461399, -70.375557108632577 ] ] } },
{ "type": "Feature", "properties": { "surface": "grounding line" }, "geometry": { "type": "LineString", "coordinates": [ [ 68.647942986578002, -70.376504165963453 ], [ 68.644721093637784, -70.379060188500205 ] ] } },
{ "type": "Feature", "properties": { "surface": "grounding line" }, "geometry": { "type": "LineString", "coordinates": [ [ 68.642940458068722, -70.380672281270606 ], [ 68.641199428939885, -70.398670836702578 ] ] } },
{ "type": "Feature", "properties": { "surface": "grounding line" }, "geometry": { "type": "LineString", "coordinates": [ [ 68.204737128453843, -70.609856058968759 ], [ 68.297300157023088, -70.416042603746902 ], [ 68.062501250997627, -70.473915794135536 ], [ 67.88889459952469, -70.377081283854167 ], [ 67.681535331129609, -70.375821693202283 ], [ 67.771876876881421, -70.279441085439942 ], [ 67.565322069504305, -70.270427705756092 ], [ 67.541621346386961, -70.030342033118416 ], [ 67.858874262135132, -70.012311551903977 ], [ 67.954440968837545, -69.966409976693527 ], [ 67.90826993409695, -69.926329654177493 ], [ 68.258424669264286, -69.839491608376505 ], [ 68.579318178871404, -70.032006385997221 ], [ 68.905603825912564, -70.004835571808016 ], [ 69.172213309014666, -69.872126119250311 ], [ 69.208654765221453, -69.789533114150686 ], [ 68.964215785597901, -69.716495598969104 ], [ 69.272366290344891, -69.691328415835443 ], [ 69.33661292192383, -69.613261513365302 ], [ 68.725988794062175, -69.509838812595078 ], [ 68.893028403431259, -69.461703933520283 ], [ 68.786681145094391, -69.4007389279287 ], [ 68.905542412877963, -69.317389419443259 ], [ 69.276026912030645, -69.376053474598777 ], [ 69.346216383910473, -69.313606006671534 ], [ 69.731922247521311, -69.320401541404081 ], [ 69.809105647462744, -69.22730931764815 ], [ 69.756111646703033, -69.183098659438357 ], [ 69.0815413860755, -69.071992242600075 ], [ 69.856938176665153, -68.894061877202276 ], [ 69.267717304900017, -68.871858569783029 ], [ 69.636851558951378, -68.737018158340561 ], [ 69.69955841172758, -68.645881614046701 ], [ 69.622062413438087, -68.624738776285042 ], [ 69.696642707835736, -68.608172716542214 ] ] } },
{ "type": "Feature", "properties": { "surface": "grounding line" }, "geometry": { "type": "LineString", "coordinates": [ [ 69.700616808147203, -68.605543577030431 ], [ 69.62850814780721, -68.589865530284214 ], [ 69.941060444785677, -68.573070176710459 ], [ 70.077331694152534, -68.476586949122108 ] ] } },
{ "type": "Feature", "properties": { "surface": "grounding line" }, "geometry": { "type": "LineString", "coordinates": [ [ 62.397973977700843, -67.616684927046506 ], [ 62.331078005573723, -67.610876966000816 ] ] } },
{ "type": "Feature", "properties": { "surface": "grounding line" }, "geometry": { "type": "LineString", "coordinates": [ [ 62.327120979797215, -67.600327662981684 ], [ 62.252452729142476, -67.589190178357327 ] ] } },
{ "type": "Feature", "properties": { "surface": "grounding line" }, "geometry": { "type": "LineString", "coordinates": [ [ 62.174222207346212, -67.575894497533028 ], [ 62.150740301250678, -67.56684199600376 ] ] } },
{ "type": "Feature", "properties": { "surface": "grounding line" }, "geometry": { "type": "LineString", "coordinates": [ [ 62.140284736834111, -67.564976910372053 ], [ 62.11654186204229, -67.559808120468489 ] ] } },
{ "type": "Feature", "properties": { "surface": "grounding line" }, "geometry": { "type": "LineString", "coordinates": [ [ 61.91395540785274, -67.546230227370117 ], [ 61.768139954410351, -67.545611966114166 ] ] } },
{ "type": "Feature", "properties": { "surface": "grounding line" }, "geometry": { "type": "LineString", "coordinates": [ [ 61.124624004966897, -67.531792534161113 ], [ 61.323334666739875, -67.596653984344769 ], [ 61.345683249137494, -67.541522767303732 ] ] } },
{ "type": "Feature", "properties": { "surface": "grounding line" }, "geometry": { "type": "LineString", "coordinates": [ [ 60.875995262215383, -67.436298114504538 ], [ 60.819937520288974, -67.458766486346903 ] ] } },
{ "type": "Feature", "properties": { "surface": "grounding line" }, "geometry": { "type": "LineString", "coordinates": [ [ 60.821067987049553, -67.457492128518822 ], [ 60.821960622103553, -67.443971082796153 ] ] } },
{ "type": "Feature", "properties": { "surface": "grounding line" }, "geometry": { "type": "LineString", "coordinates": [ [ 60.820630524813069, -67.442710459045685 ], [ 60.819563568914589, -67.441791538785623 ] ] } },
{ "type": "Feature", "properties": { "surface": "grounding line" }, "geometry": { "type": "LineString", "coordinates": [ [ 60.81887333971865, -67.441165798140929 ], [ 60.817819289939031, -67.429431101065418 ] ] } },
{ "type": "Feature", "properties": { "surface": "grounding line" }, "geometry": { "type": "LineString", "coordinates": [ [ 60.658768561974718, -67.421619231664778 ], [ 60.656047818890414, -67.421446100018969 ] ] } },
{ "type": "Feature", "properties": { "surface": "grounding line" }, "geometry": { "type": "LineString", "coordinates": [ [ 60.65097329295336, -67.421123134505436 ], [ 60.176031247295036, -67.389480370159006 ] ] } },
{ "type": "Feature", "properties": { "surface": "grounding line" }, "geometry": { "type": "LineString", "coordinates": [ [ 60.164293278122642, -67.3938791076705 ], [ 60.082270246299416, -67.404845209063836 ] ] } },
{ "type": "Feature", "properties": { "surface": "grounding line" }, "geometry": { "type": "LineString", "coordinates": [ [ 59.143987032587148, -67.448599775335452 ], [ 59.535303496165284, -67.597865751233499 ], [ 59.507010268884926, -67.52068268790552 ], [ 59.643297290248761, -67.459591627277149 ] ] } },
{ "type": "Feature", "properties": { "surface": "grounding line" }, "geometry": { "type": "LineString", "coordinates": [ [ 58.987791472250336, -67.263445405647147 ], [ 59.007505966006619, -67.249978629194842 ] ] } },
{ "type": "Feature", "properties": { "surface": "grounding line" }, "geometry": { "type": "LineString", "coordinates": [ [ 59.009150684977911, -67.249479213720292 ], [ 59.015500327500099, -67.249506159702534 ] ] } },
{ "type": "Feature", "properties": { "surface": "grounding line" }, "geometry": { "type": "LineString", "coordinates": [ [ 58.779602324990613, -67.338499702334019 ], [ 58.438248629035648, -67.256865388220021 ], [ 58.948890641055399, -67.307192396989123 ] ] } },
{ "type": "Feature", "properties": { "surface": "grounding line" }, "geometry": { "type": "LineString", "coordinates": [ [ 58.760240034477, -67.165406479411246 ], [ 58.737587868856004, -67.165995332595543 ] ] } },
{ "type": "Feature", "properties": { "surface": "grounding line" }, "geometry": { "type": "LineString", "coordinates": [ [ 58.449023061792701, -67.198908825191481 ], [ 58.412032220372531, -67.183328639556805 ] ] } },
{ "type": "Feature", "properties": { "surface": "grounding line" }, "geometry": { "type": "LineString", "coordinates": [ [ 58.256331278506323, -67.083632308727914 ], [ 58.004841116436864, -67.258039142223012 ], [ 58.160541744879275, -67.125662297209047 ], [ 58.101127208406943, -67.09250564453545 ] ] } },
{ "type": "Feature", "properties": { "surface": "grounding line" }, "geometry": { "type": "LineString", "coordinates": [ [ 58.05010048124992, -67.108351889312658 ], [ 57.990464282783179, -67.097010958338018 ] ] } },
{ "type": "Feature", "properties": { "surface": "grounding line" }, "geometry": { "type": "LineString", "coordinates": [ [ 56.403853388593859, -67.191725883879471 ], [ 56.143258347603457, -67.455942472954249 ], [ 56.061104213344883, -67.360416160847819 ], [ 56.150222854868353, -67.200838722352444 ], [ 55.656139055241454, -67.268314941637826 ], [ 56.339860457742418, -67.033072005249551 ], [ 56.110303286078015, -66.941187921953968 ], [ 56.394347802689502, -66.887468702057774 ] ] } },
{ "type": "Feature", "properties": { "surface": "grounding line" }, "geometry": { "type": "LineString", "coordinates": [ [ 56.415629723318531, -67.184375894338004 ], [ 56.412898739380545, -67.186519311600009 ] ] } },
{ "type": "Feature", "properties": { "surface": "grounding line" }, "geometry": { "type": "LineString", "coordinates": [ [ 56.475946129090026, -67.146782729312861 ], [ 56.798110303234935, -67.060980895305946 ] ] } },
{ "type": "Feature", "properties": { "surface": "grounding line" }, "geometry": { "type": "LineString", "coordinates": [ [ 56.460969369731181, -67.155300504025178 ], [ 56.41770425381273, -67.182672790878243 ] ] } },
{ "type": "Feature", "properties": { "surface": "grounding line" }, "geometry": { "type": "LineString", "coordinates": [ [ 57.242827086314193, -66.666784542353909 ], [ 57.107620052820494, -66.641108137095927 ], [ 57.26495963378342, -66.644552011477003 ] ] } },
{ "type": "Feature", "properties": { "surface": "grounding line" }, "geometry": { "type": "LineString", "coordinates": [ [ 56.396543522231788, -66.887808529788813 ], [ 56.483482641846543, -66.873531977372693 ], [ 56.409589561324623, -66.816416577424903 ], [ 56.573222103030815, -66.79642835007742 ], [ 56.406604204382809, -66.81187259987091 ], [ 56.405318310058277, -66.735413126282225 ], [ 56.092875283432036, -66.675992255458368 ], [ 56.128692056727175, -66.621378989724434 ], [ 56.042421930131489, -66.577976153466381 ], [ 56.492305772541471, -66.682423540673199 ], [ 56.535832212867142, -66.61085764561966 ], [ 56.801035371889775, -66.722647872731088 ] ] } },
{ "type": "Feature", "properties": { "surface": "grounding line" }, "geometry": { "type": "LineString", "coordinates": [ [ 56.41051278090999, -66.401904679219811 ], [ 56.405413442427282, -66.457419776004514 ], [ 56.339088669838318, -66.399907573384723 ] ] } },
{ "type": "Feature", "properties": { "surface": "grounding line" }, "geometry": { "type": "LineString", "coordinates": [ [ 56.225370536212637, -66.338236718398093 ], [ 56.213336906168536, -66.423238636521333 ], [ 56.029062808870592, -66.338720166371985 ], [ 56.160961598586908, -66.322239786870853 ] ] } },
{ "type": "Feature", "properties": { "surface": "grounding line" }, "geometry": { "type": "LineString", "coordinates": [ [ 56.029268594881962, -66.240929539363137 ], [ 55.760877517751467, -66.116257663151245 ] ] } },
{ "type": "Feature", "properties": { "surface": "grounding line" }, "geometry": { "type": "LineString", "coordinates": [ [ 48.884393332559149, -67.707570974792446 ], [ 49.123283789242443, -67.745211351778607 ], [ 48.748496973284496, -67.743236886539464 ], [ 48.40593590805787, -68.054302031669465 ], [ 48.301303144178121, -68.059218520772575 ], [ 48.201048731236263, -67.885805598819616 ], [ 48.435170469602603, -67.740829458248186 ], [ 48.074683722870851, -67.660582564533939 ] ] } },
{ "type": "Feature", "properties": { "surface": "grounding line" }, "geometry": { "type": "LineString", "coordinates": [ [ 50.834664627242979, -66.802601023556818 ], [ 50.792713293018906, -66.809641145809906 ] ] } },
{ "type": "Feature", "properties": { "surface": "grounding line" }, "geometry": { "type": "LineString", "coordinates": [ [ 50.831709697851615, -66.784747720225454 ], [ 50.828875358799436, -66.792082830845231 ] ] } },
{ "type": "Feature", "properties": { "surface": "grounding line" }, "geometry": { "type": "LineString", "coordinates": [ [ 50.571304037667701, -66.855812154967325 ], [ 50.68117739799542, -66.887988187641952 ], [ 50.570693814979883, -66.880820216352646 ] ] } },
{ "type": "Feature", "properties": { "surface": "grounding line" }, "geometry": { "type": "LineString", "coordinates": [ [ 49.841701354097957, -67.158490124038067 ], [ 49.675819648171377, -67.288336798641041 ], [ 49.993003097290682, -67.156316930544037 ] ] } },
{ "type": "Feature", "properties": { "surface": "grounding line" }, "geometry": { "type": "LineString", "coordinates": [ [ 49.312820446470191, -67.264018841079547 ], [ 49.300274859606127, -67.272095380318632 ] ] } },
{ "type": "Feature", "properties": { "surface": "grounding line" }, "geometry": { "type": "LineString", "coordinates": [ [ 51.367510720714513, -66.226546357759432 ], [ 51.342126031859877, -66.223569380450002 ] ] } },
{ "type": "Feature", "properties": { "surface": "grounding line" }, "geometry": { "type": "LineString", "coordinates": [ [ 48.564432426912326, -67.532430188505003 ], [ 48.86944841069991, -67.704788801877243 ] ] } },
{ "type": "Feature", "properties": { "surface": "grounding line" }, "geometry": { "type": "LineString", "coordinates": [ [ 51.354821563855694, -66.214056185056819 ], [ 51.362434126249696, -66.217447659109013 ] ] } },
{ "type": "Feature", "properties": { "surface": "grounding line" }, "geometry": { "type": "LineString", "coordinates": [ [ 51.332947211523752, -66.222114897231975 ], [ 51.330778636204897, -66.221268011650722 ] ] } },
{ "type": "Feature", "properties": { "surface": "grounding line" }, "geometry": { "type": "LineString", "coordinates": [ [ 51.315594249699693, -66.228340995638888 ], [ 51.302237839925176, -66.226187578978369 ] ] } },
{ "type": "Feature", "properties": { "surface": "grounding line" }, "geometry": { "type": "LineString", "coordinates": [ [ 51.323104283938072, -66.22090305442714 ], [ 51.327171163099905, -66.223375314321828 ] ] } },
{ "type": "Feature", "properties": { "surface": "grounding line" }, "geometry": { "type": "LineString", "coordinates": [ [ 48.067256376835033, -67.65670138774712 ], [ 47.561072929417158, -67.734171703175335 ], [ 47.667962175313626, -67.675269425557829 ], [ 47.544572272061814, -67.633490095489307 ], [ 47.918746010969208, -67.593381084712561 ] ] } },
{ "type": "Feature", "properties": { "surface": "grounding line" }, "geometry": { "type": "LineString", "coordinates": [ [ 48.793224240669915, -67.223603671057717 ], [ 49.066310480820988, -67.13011873901948 ], [ 49.140875490904115, -67.148389579352482 ], [ 49.08868165193546, -67.194224074261811 ], [ 49.435465634570797, -67.229677060236838 ], [ 49.290110452169351, -67.248075988919908 ] ] } },
{ "type": "Feature", "properties": { "surface": "grounding line" }, "geometry": { "type": "LineString", "coordinates": [ [ 49.345733153638221, -66.955353908110695 ], [ 49.180521923137562, -66.998299153074271 ], [ 49.267704186920902, -67.028073443902215 ] ] } },
{ "type": "Feature", "properties": { "surface": "grounding line" }, "geometry": { "type": "LineString", "coordinates": [ [ 47.459399886898922, -67.569335117518889 ], [ 46.951115340751066, -67.561893346017371 ], [ 47.452533218990773, -67.414052045249463 ] ] } },
{ "type": "Feature", "properties": { "surface": "grounding line" }, "geometry": { "type": "LineString", "coordinates": [ [ 46.266300528551618, -67.676465954068703 ], [ 46.4337587752335, -67.744538206233955 ] ] } },
{ "type": "Feature", "properties": { "surface": "grounding line" }, "geometry": { "type": "LineString", "coordinates": [ [ 46.350052599101581, -67.576750800624779 ], [ 46.41718457987804, -67.592653624994014 ], [ 46.428108571545685, -67.737855739907801 ] ] } },
{ "type": "Feature", "properties": { "surface": "grounding line" }, "geometry": { "type": "LineString", "coordinates": [ [ 38.803390586147088, -70.058847755723562 ], [ 39.13265498115102, -70.179135509139925 ], [ 38.692232598322235, -70.191371553143028 ], [ 38.487962612423928, -70.058484346481393 ] ] } },
{ "type": "Feature", "properties": { "surface": "grounding line" }, "geometry": { "type": "LineString", "coordinates": [ [ 38.830056028851736, -70.046057660794588 ], [ 38.8201625191004, -70.04904729775086 ] ] } },
{ "type": "Feature", "properties": { "surface": "grounding line" }, "geometry": { "type": "LineString", "coordinates": [ [ 38.794154250805065, -70.022694358708591 ], [ 38.828104602114543, -70.044287147101443 ] ] } },
{ "type": "Feature", "properties": { "surface": "grounding line" }, "geometry": { "type": "LineString", "coordinates": [ [ 39.182681188142396, -69.876347325119312 ], [ 39.095632958559833, -69.903477709266568 ] ] } },
{ "type": "Feature", "properties": { "surface": "grounding line" }, "geometry": { "type": "LineString", "coordinates": [ [ 39.657931458077869, -69.699242315095006 ], [ 39.631878287603307, -69.65272035156616 ] ] } },
{ "type": "Feature", "properties": { "surface": "grounding line" }, "geometry": { "type": "LineString", "coordinates": [ [ 38.404124262403037, -69.998260886870526 ], [ 38.224867346752724, -70.028414492129983 ], [ 38.298834977616018, -69.969614745222643 ], [ 38.027887317061527, -69.863188543773802 ], [ 38.256168729855759, -69.80134140386545 ] ] } },
{ "type": "Feature", "properties": { "surface": "grounding line" }, "geometry": { "type": "LineString", "coordinates": [ [ 39.734908522613509, -69.624181098908991 ], [ 39.805600979843078, -69.65056439065917 ], [ 39.726789297818307, -69.658242302561902 ] ] } },
{ "type": "Feature", "properties": { "surface": "grounding line" }, "geometry": { "type": "LineString", "coordinates": [ [ 45.185779624216373, -67.727236324522337 ], [ 45.057157777735462, -67.732740587685129 ] ] } },
{ "type": "Feature", "properties": { "surface": "grounding line" }, "geometry": { "type": "LineString", "coordinates": [ [ 39.850698534053464, -69.374368191476989 ], [ 39.836405173783298, -69.396600588010386 ] ] } },
{ "type": "Feature", "properties": { "surface": "grounding line" }, "geometry": { "type": "LineString", "coordinates": [ [ 43.925551944072431, -68.011197990461483 ], [ 43.822892222214996, -68.047648692800735 ] ] } },
{ "type": "Feature", "properties": { "surface": "grounding line" }, "geometry": { "type": "LineString", "coordinates": [ [ 43.818819091786182, -68.047229073272092 ], [ 43.591508807823146, -68.053353366551633 ] ] } },
{ "type": "Feature", "properties": { "surface": "grounding line" }, "geometry": { "type": "LineString", "coordinates": [ [ 38.282910327585924, -69.778887108006529 ], [ 38.101419657108075, -69.730053076689813 ] ] } },
{ "type": "Feature", "properties": { "surface": "grounding line" }, "geometry": { "type": "LineString", "coordinates": [ [ 38.097850225302679, -69.730231428171095 ], [ 37.960951590234743, -69.733383130795531 ] ] } },
{ "type": "Feature", "properties": { "surface": "grounding line" }, "geometry": { "type": "LineString", "coordinates": [ [ 43.358229795367393, -68.073179881199565 ], [ 43.360228666455562, -68.041362603746364 ] ] } },
{ "type": "Feature", "properties": { "surface": "grounding line" }, "geometry": { "type": "LineString", "coordinates": [ [ 37.957267815026171, -69.732994516760499 ], [ 37.801245422947169, -69.758786313677589 ], [ 37.755127802847966, -69.677012485690355 ] ] } },
{ "type": "Feature", "properties": { "surface": "grounding line" }, "geometry": { "type": "LineString", "coordinates": [ [ 42.415650487160924, -68.322917044910483 ], [ 42.519807827564392, -68.366300235009646 ], [ 42.275621891056332, -68.38168921054428 ] ] } },
{ "type": "Feature", "properties": { "surface": "grounding line" }, "geometry": { "type": "LineString", "coordinates": [ [ 42.208873708255304, -68.388188817058037 ], [ 42.07576550120833, -68.415298258700389 ] ] } },
{ "type": "Feature", "properties": { "surface": "grounding line" }, "geometry": { "type": "LineString", "coordinates": [ [ 43.123220502546992, -68.061850170000028 ], [ 43.074268223953709, -68.070253384624806 ] ] } },
{ "type": "Feature", "properties": { "surface": "grounding line" }, "geometry": { "type": "LineString", "coordinates": [ [ 42.478298159905883, -68.28223308411404 ], [ 42.419235811215287, -68.320282748770737 ] ] } },
{ "type": "Feature", "properties": { "surface": "grounding line" }, "geometry": { "type": "LineString", "coordinates": [ [ 37.483029985092401, -69.760309923877244 ], [ 37.260169428369018, -69.734321625571042 ] ] } },
{ "type": "Feature", "properties": { "surface": "grounding line" }, "geometry": { "type": "LineString", "coordinates": [ [ 37.752514133474371, -69.676230086175082 ], [ 37.507643460814442, -69.688658992629598 ], [ 37.596711757486666, -69.734986574767632 ], [ 37.484503148580231, -69.760275308412659 ] ] } },
{ "type": "Feature", "properties": { "surface": "grounding line" }, "geometry": { "type": "LineString", "coordinates": [ [ 40.825323260985968, -68.724994703723411 ], [ 40.705468567277819, -68.723988497511584 ] ] } },
{ "type": "Feature", "properties": { "surface": "grounding line" }, "geometry": { "type": "LineString", "coordinates": [ [ 41.655778220290991, -68.453562903273507 ], [ 41.53835316051142, -68.486407709453744 ] ] } },
{ "type": "Feature", "properties": { "surface": "grounding line" }, "geometry": { "type": "LineString", "coordinates": [ [ 41.383607397112272, -68.534788072917124 ], [ 41.239719039952945, -68.548243239868967 ] ] } },
{ "type": "Feature", "properties": { "surface": "grounding line" }, "geometry": { "type": "LineString", "coordinates": [ [ 41.05093703426796, -68.622873006218256 ], [ 41.035103482836249, -68.643746019245725 ] ] } },
{ "type": "Feature", "properties": { "surface": "grounding line" }, "geometry": { "type": "LineString", "coordinates": [ [ 41.2043687714052, -68.556076866045657 ], [ 41.180829664802587, -68.560750194912146 ] ] } },
{ "type": "Feature", "properties": { "surface": "grounding line" }, "geometry": { "type": "LineString", "coordinates": [ [ 41.171256943645119, -68.562531157764468 ], [ 41.15582105396431, -68.563697247236959 ] ] } },
{ "type": "Feature", "properties": { "surface": "grounding line" }, "geometry": { "type": "LineString", "coordinates": [ [ 40.049872247330278, -68.834774409412418 ], [ 39.963567866272825, -68.836255206304784 ] ] } },
{ "type": "Feature", "properties": { "surface": "grounding line" }, "geometry": { "type": "LineString", "coordinates": [ [ 37.257983503464246, -69.734147441898429 ], [ 37.196508448447453, -69.780808556996504 ], [ 37.254619814736607, -69.82386965984287 ], [ 37.066436594237906, -69.895421399714508 ], [ 36.944744483213405, -69.749973284555608 ], [ 36.734825382427452, -69.694512272038807 ], [ 36.767673060194909, -69.642334416277961 ], [ 36.339855362952356, -69.574607737201788 ], [ 36.340583369150245, -69.670784997576376 ], [ 35.176549020921556, -69.718236889852776 ], [ 35.0633544662305, -69.676818767957869 ], [ 35.256580398849621, -69.547891016236889 ], [ 35.111930246834788, -69.493731549384123 ], [ 35.188590803804146, -69.283558016508081 ], [ 34.602638601714283, -69.043724443829433 ], [ 34.13379126898419, -69.146196711361284 ], [ 33.664170031662827, -69.040419761430499 ], [ 34.370599285226255, -68.786343412820514 ] ] } },
{ "type": "Feature", "properties": { "surface": "grounding line" }, "geometry": { "type": "LineString", "coordinates": [ [ 32.530983844080573, -69.082096138087664 ], [ 32.915779732852421, -69.341402657986322 ], [ 33.005925815431596, -69.492051691574844 ], [ 32.998170729996872, -69.648551471016063 ], [ 32.821349280424521, -69.861065253163673 ], [ 32.882119907534339, -69.910338996590909 ], [ 32.756769990932476, -70.014451463217966 ], [ 31.437495738794777, -70.229801737708698 ], [ 29.821968329775277, -70.309911084581827 ], [ 28.577472024142303, -70.67316844065239 ], [ 27.594868861635611, -70.727452073187791 ], [ 27.524990142375923, -70.747263856191282 ], [ 27.578226540971194, -70.798571612145864 ], [ 27.136212677449944, -70.842880246526846 ], [ 27.296734284915267, -70.933012448977195 ], [ 27.26817651258331, -70.986592804465758 ], [ 26.804562314990669, -70.87940936103 ], [ 26.928214158004323, -70.943917751011298 ], [ 26.728086585284082, -70.912714846710529 ], [ 26.816380287987492, -70.96400686211166 ], [ 25.995434866626773, -71.043401650190873 ], [ 24.779065951545306, -70.901004576621901 ], [ 24.257168945792195, -70.689065817011979 ], [ 24.455696814691379, -70.627527514538826 ], [ 24.428815598990312, -70.549553647137117 ], [ 24.075182132020984, -70.400188275024689 ], [ 23.725540597647562, -70.405045105433828 ], [ 23.311799873494415, -70.822116152630116 ], [ 22.3336197148964, -70.770302566383464 ], [ 22.394542821558272, -70.70939714664587 ], [ 21.815257769624086, -70.641684896311133 ], [ 22.424681378639473, -70.616921932694027 ], [ 22.573770002070997, -70.534836289973939 ], [ 21.726473340620082, -70.227425375294089 ], [ 21.557868249705894, -70.312121437094916 ], [ 21.457847522536198, -70.470825930667701 ], [ 21.259722096884119, -70.5250336058334 ], [ 21.160967204836169, -70.656044238349097 ], [ 21.261287428313523, -70.695815870569319 ], [ 21.081963775534014, -70.836167320927316 ], [ 19.748114726024518, -70.830066637864263 ], [ 19.742345261766935, -70.905864798317879 ], [ 19.367003126938275, -70.92047615209043 ], [ 19.325131778289062, -70.826982678003475 ], [ 19.133653588403305, -70.870975383105389 ], [ 18.911252971088373, -70.733827071363521 ], [ 18.900769316825954, -70.633273897635206 ], [ 19.294827907389198, -70.381027630934838 ], [ 19.163981003201304, -70.256491092587382 ], [ 19.29820836499924, -70.250824305881309 ], [ 19.023198608019275, -70.178698974907846 ], [ 18.270234442611116, -70.326619069969041 ], [ 18.523470742068994, -70.500702000902606 ], [ 18.081242244420302, -70.545065694855552 ], [ 16.482357997669112, -70.453002207626156 ], [ 16.597104376422106, -70.379754201596242 ], [ 16.639792988488562, -70.187074784453827 ], [ 16.515555684340676, -70.128736850617827 ], [ 15.933116881871014, -70.201225256732556 ], [ 15.848462841371528, -70.342065983833535 ], [ 14.429906190282409, -70.271655080472371 ], [ 13.840712529451599, -70.352723765915954 ], [ 13.315977231959138, -70.267232482285152 ], [ 12.989151861877799, -70.045687310497513 ] ] } },
{ "type": "Feature", "properties": { "surface": "grounding line" }, "geometry": { "type": "LineString", "coordinates": [ [ 11.888969245883352, -70.774202806490806 ], [ 11.222637762872074, -70.748723087875504 ], [ 10.610121096920558, -70.611404386532058 ], [ 9.660274648316731, -70.345365247313666 ], [ 9.679991412560193, -70.267038877401319 ], [ 9.358801380014667, -70.091970373489914 ] ] } },
{ "type": "Feature", "properties": { "surface": "grounding line" }, "geometry": { "type": "LineString", "coordinates": [ [ 12.425257000759011, -70.080481805658323 ], [ 13.045645703800284, -70.223422863664936 ], [ 12.617221874210504, -70.244112875277324 ], [ 12.726662503592699, -70.291007467582489 ], [ 12.135688345451747, -70.396757360981056 ], [ 12.216516555052703, -70.453135806025941 ], [ 12.058188095632564, -70.571644747553393 ], [ 12.138339799105706, -70.629990974688866 ], [ 12.104754187314885, -70.685326799121512 ], [ 11.889788195099349, -70.773170889927798 ] ] } },
{ "type": "Feature", "properties": { "surface": "grounding line" }, "geometry": { "type": "LineString", "coordinates": [ [ 9.054682964789514, -70.103302659603088 ], [ 8.894696745695672, -70.202452281690697 ], [ 9.164547503535672, -70.293792222348998 ], [ 9.157743007503241, -70.378467228942853 ], [ 8.265306671016988, -70.500801347357566 ], [ 7.86134888047628, -70.454683035358769 ], [ 7.93150826527598, -70.238678931440518 ], [ 7.859033169085364, -70.162132593020601 ] ] } },
{ "type": "Feature", "properties": { "surface": "grounding line" }, "geometry": { "type": "LineString", "coordinates": [ [ 11.741891966088156, -70.052517851521401 ], [ 11.706095212461511, -70.052705948725816 ] ] } },
{ "type": "Feature", "properties": { "surface": "grounding line" }, "geometry": { "type": "LineString", "coordinates": [ [ 12.256751584998462, -70.065878963859973 ], [ 12.327805489831974, -70.081895266526715 ] ] } },
{ "type": "Feature", "properties": { "surface": "grounding line" }, "geometry": { "type": "LineString", "coordinates": [ [ 11.450933144208559, -70.005200613961406 ], [ 11.49506930603366, -70.015365711550444 ] ] } },
{ "type": "Feature", "properties": { "surface": "grounding line" }, "geometry": { "type": "LineString", "coordinates": [ [ 11.375279678774442, -69.995844274793441 ], [ 11.437338187674136, -69.999135231645255 ] ] } },
{ "type": "Feature", "properties": { "surface": "grounding line" }, "geometry": { "type": "LineString", "coordinates": [ [ 9.829494431900772, -70.009897907940328 ], [ 9.857081132116244, -70.007280246635816 ] ] } },
{ "type": "Feature", "properties": { "surface": "grounding line" }, "geometry": { "type": "LineString", "coordinates": [ [ 23.1148123085317, -70.164328179488962 ], [ 23.07237632658077, -70.125998061324267 ], [ 23.424911599858191, -70.177378437516523 ], [ 23.312943209459856, -70.196355679878451 ], [ 23.1148123085317, -70.164328179488962 ] ] } },
{ "type": "Feature", "properties": { "surface": "grounding line" }, "geometry": { "type": "LineString", "coordinates": [ [ 23.439358871183551, -70.203490557495002 ], [ 23.459384909303317, -70.216914270917243 ], [ 23.51701402531986, -70.209392922661792 ], [ 23.496886434985473, -70.198875803686747 ], [ 23.439358871183551, -70.203490557495002 ] ] } },
{ "type": "Feature", "properties": { "surface": "grounding line" }, "geometry": { "type": "LineString", "coordinates": [ [ 23.468224179094257, -70.258480195786177 ], [ 23.488014295214533, -70.257367653389551 ], [ 23.495773571329984, -70.263401739310794 ], [ 23.475977733325315, -70.264515206986786 ], [ 23.468224179094257, -70.258480195786177 ] ] } },
{ "type": "Feature", "properties": { "surface": "grounding line" }, "geometry": { "type": "LineString", "coordinates": [ [ 22.521186621460139, -70.476561239868502 ], [ 22.629513006778982, -70.441114573207841 ], [ 22.710508381196419, -70.462964060283667 ], [ 22.613291878501702, -70.496219496204205 ], [ 22.521186621460139, -70.476561239868502 ] ] } },
{ "type": "Feature", "properties": { "surface": "grounding line" }, "geometry": { "type": "LineString", "coordinates": [ [ 17.10646046640478, -70.10441177219387 ], [ 17.302319643474199, -70.099915690944613 ], [ 17.350494456163496, -70.117322382948714 ], [ 17.080266557404354, -70.112922671053767 ], [ 17.10646046640478, -70.10441177219387 ] ] } },
{ "type": "Feature", "properties": { "surface": "grounding line" }, "geometry": { "type": "LineString", "coordinates": [ [ 13.941382626868398, -70.183258730651829 ], [ 13.993629242911588, -70.181001165094585 ], [ 14.094499565782495, -70.224465769880013 ], [ 14.039655489059825, -70.233423475324074 ], [ 13.941382626868398, -70.183258730651829 ] ] } },
{ "type": "Feature", "properties": { "surface": "grounding line" }, "geometry": { "type": "LineString", "coordinates": [ [ 14.100318249129199, -70.25016795037088 ], [ 14.187333433513563, -70.236648252668488 ], [ 14.20152748712386, -70.277620919435591 ], [ 14.165962448167965, -70.286221081433666 ], [ 14.100318249129199, -70.25016795037088 ] ] } },
{ "type": "Feature", "properties": { "surface": "grounding line" }, "geometry": { "type": "LineString", "coordinates": [ [ 73.715732132968114, -69.681234325505599 ], [ 73.709468065096928, -69.68548598335525 ] ] } },
{ "type": "Feature", "properties": { "surface": "grounding line" }, "geometry": { "type": "LineString", "coordinates": [ [ -158.640970412459723, -77.877794194816317 ], [ -157.218536727502283, -78.250927232786395 ], [ -156.682074279531918, -78.160516776168095 ], [ -156.07758793861197, -78.211326000698477 ], [ -155.046293743029594, -78.153014018620183 ], [ -154.982110351569219, -78.2060530194085 ], [ -155.288733461881634, -78.215179418155927 ], [ -154.618643460596587, -78.205294577454666 ], [ -154.483240930639653, -78.234330536008116 ], [ -154.558047692360731, -78.27346247031717 ], [ -154.198667121263952, -78.30126716023733 ], [ -154.327785424979368, -78.362571591557113 ], [ -154.285392636666785, -78.396741831163354 ], [ -154.586241341964666, -78.442175486953161 ], [ -156.109122447818038, -78.499276434133606 ], [ -156.04547619229524, -78.529488579176004 ], [ -156.552562657798831, -78.606203994191446 ], [ -156.450197993146702, -78.691170044294239 ], [ -155.010061097490478, -79.030166124706568 ], [ -154.197822372482307, -79.118551131357549 ], [ -152.643091121996861, -79.12045580820309 ], [ -152.585880509133261, -79.177147412602665 ], [ -152.293497875076099, -79.148581450606898 ], [ -152.223614473405235, -79.075377784851696 ], [ -152.126943367410263, -79.11610013074943 ], [ -152.440950991812002, -79.225822752916955 ], [ -152.129719205494439, -79.215261881402043 ], [ -152.121495804822899, -79.202150253554564 ], [ -152.082238557227072, -79.202685275771742 ], [ -151.955446754626706, -79.180806098041529 ], [ -151.922910032012595, -79.178627805839696 ], [ -152.114324954413092, -79.22015845358645 ], [ -152.379967912387144, -79.247614845767131 ], [ -152.409934744926289, -79.263858970094716 ], [ -152.149453561914157, -79.306362068953248 ], [ -152.038723713908752, -79.268726003618383 ], [ -151.746491433421852, -79.219329342429859 ], [ -152.042224731877468, -79.279222574840631 ], [ -151.715844198077434, -79.256798814086835 ], [ -152.014344631311701, -79.339843715077208 ], [ -150.435532775830495, -79.561875734203269 ], [ -147.614675780907532, -79.776415411872819 ], [ -148.031614963640322, -79.823483060336258 ], [ -147.580923991964426, -79.878071797259508 ], [ -147.903762629600635, -79.905668494321716 ], [ -148.998710167826658, -79.866949786136658 ], [ -148.251859145642129, -80.062254307093809 ], [ -149.331702827593034, -80.069139919089508 ], [ -148.925454576894424, -80.109454879490571 ], [ -149.143584726311673, -80.14157792491909 ], [ -150.179471211158045, -80.073043993528145 ], [ -150.030111761863765, -80.111909987763312 ], [ -150.280866442717382, -80.216203784830114 ], [ -150.759622162059713, -80.22145675154043 ], [ -150.435802887344039, -80.331699474007095 ], [ -151.028648547203687, -80.42475498187693 ], [ -149.498315973289635, -80.568719438955725 ], [ -149.725874665316212, -80.596970096113452 ], [ -148.339694614866545, -80.627463449230333 ], [ -149.3412965055565, -80.680321469498637 ], [ -147.544137562603254, -80.887162089059885 ], [ -149.842188318180376, -81.110810338199414 ], [ -152.302162666615487, -81.171305862452655 ], [ -154.752817784406204, -81.052680332084392 ], [ -156.808206573453674, -81.187435292388486 ], [ -157.253562584455921, -81.326001740807556 ], [ -155.36650339359133, -81.43239890305145 ], [ -153.785236606349656, -81.689500432428645 ], [ -153.697254538261092, -81.744121312596462 ], [ -154.839123734534979, -81.94551162999322 ], [ -153.021572478181611, -82.342894197513814 ], [ -152.548812565216622, -82.535853112718797 ], [ -154.930181577002173, -82.774491720422859 ], [ -155.51503814075798, -82.959014479480246 ], [ -155.405563974867789, -83.018981171521716 ], [ -155.790934131546607, -83.063535376001767 ], [ -157.079101424601703, -83.035722645663967 ], [ -158.550631637217919, -83.132403452835504 ], [ -156.930842897773289, -83.226346783364335 ], [ -157.681303062629638, -83.40391872782395 ], [ -158.927862581189117, -83.454515513744155 ], [ -159.272768935165914, -83.5497417743277 ], [ -160.169167313201399, -83.482996565973338 ], [ -162.141405762199554, -83.529880994115501 ], [ -162.476562671975756, -83.47537083278155 ], [ -162.262791495905731, -83.408447398543714 ], [ -163.022292699334059, -83.32035884128004 ], [ -164.238661241933954, -83.413176672562017 ], [ -164.158909681246627, -83.518039751579863 ], [ -164.692592247284693, -83.509653701403863 ], [ -164.895132309886293, -83.484186724898777 ], [ -164.669300004551843, -83.453184291628389 ], [ -164.95496432568541, -83.351423714425025 ], [ -164.968057636419644, -83.28301724544221 ], [ -164.804935997402339, -83.261909235909101 ], [ -165.787682042673197, -83.170885145945221 ], [ -169.763622856015644, -83.235376906960923 ], [ -169.529160290061185, -83.306109384696526 ], [ -169.606603119128749, -83.305862289330562 ], [ -170.696265380572328, -83.192156004752718 ], [ -170.878746664901144, -83.053954037795151 ], [ -171.435884655503003, -82.933983890221867 ], [ -172.271144255648522, -82.871690945375192 ], [ -173.08381883763883, -82.917689264640444 ], [ -174.380035520602121, -82.7721865049554 ], [ -173.62385555568892, -82.995711807737905 ], [ -168.833482192390363, -83.473467801770639 ], [ -169.089922631570886, -83.487249632276402 ], [ -168.538217801631561, -83.539097976795986 ], [ -168.628662136293428, -83.610833293051115 ], [ -168.326589743348421, -83.698668166374162 ], [ -167.664346993452767, -83.739067200035961 ], [ -168.283601331516223, -83.74583638072049 ], [ -168.030704625242691, -83.795719094253343 ], [ -166.268214685817782, -83.831863047264648 ], [ -165.618577444456861, -83.767270554984975 ], [ -164.037390778615446, -83.92320373481158 ], [ -163.838163896378859, -83.976327548040061 ], [ -164.058293304798127, -83.986059738199558 ], [ -163.654626936988677, -84.04726209226402 ], [ -165.209388932924384, -84.084288022458438 ], [ -164.106194358889923, -84.263340899305163 ], [ -164.162136764983813, -84.293999752568553 ], [ -163.554867668113218, -84.326735987705788 ], [ -163.066551992656542, -84.340866169499549 ], [ -163.01433565584324, -84.342817323191341 ], [ -162.996634598432507, -84.344157013192444 ], [ -162.98492864579768, -84.34739540021873 ], [ -163.029453850570405, -84.354991256495197 ], [ -163.015328486750974, -84.360199263863521 ], [ -163.024003151858466, -84.363943942686532 ], [ -163.066586943493235, -84.365254287978331 ], [ -164.441017430267095, -84.38847230276933 ], [ -166.44305787366406, -84.364710017085116 ], [ -166.322769986216571, -84.384235142977005 ], [ -163.686163229519053, -84.429835801325197 ], [ -163.57088551654428, -84.459378977830625 ], [ -164.102648075558903, -84.486947822923923 ], [ -158.280952942697212, -84.793195271780462 ], [ -155.589613982053208, -84.83656234013155 ], [ -156.133179406976978, -84.878222151401516 ], [ -155.810608231105732, -84.901213674935235 ], [ -157.722988589154767, -84.896126035270399 ], [ -155.651163725977995, -85.116388363093847 ], [ -153.483117315696404, -85.150620285192502 ], [ -150.677951720176168, -84.898583365122093 ], [ -150.151090604948109, -84.967383179421788 ], [ -150.305588242577045, -85.033240366403533 ], [ -149.508533392744511, -85.065855958661345 ], [ -149.714902285055416, -85.136129341322288 ], [ -149.125118468575437, -85.232487560986371 ], [ -152.420637577745254, -85.412324496802867 ], [ -153.067803398669497, -85.312159384867286 ], [ -154.392007125891467, -85.273855700884226 ], [ -157.055464037592884, -85.363334909185483 ], [ -160.533907920454141, -85.352251896356606 ], [ -162.322337465682381, -85.203696552874703 ], [ -161.920411929940542, -85.139369976094358 ], [ -163.597682613160543, -84.908410693340429 ], [ -166.428615524296617, -84.7705369177134 ], [ -167.435094890208859, -84.861049330167148 ], [ -168.281103881850925, -84.644694548946632 ], [ -174.550665569348297, -84.421473307088192 ], [ -175.2158457024521, -84.4152399673806 ], [ -175.295399345722728, -84.427026591245948 ], [ -175.13151745619686, -84.444554417655326 ], [ -175.869782573687871, -84.540271942031978 ], [ -176.501259389970073, -84.436784324665211 ], [ -176.050134594519051, -84.393250240496016 ], [ -177.730251144495696, -84.415686553359748 ], [ -177.978596101159496, -84.391272947698553 ], [ -177.998263389350171, -84.362538889769738 ], [ -178.050248123367822, -84.354068349604532 ], [ -178.102434626169469, -84.348924318217257 ], [ -178.108198377871418, -84.346801835154423 ], [ -178.102233022709157, -84.344998421170999 ], [ -178.119542639479334, -84.341696797560317 ], [ -178.157907929903587, -84.33948396415704 ], [ -178.189211930465206, -84.336154596294946 ], [ -178.241434318147753, -84.308751639030675 ], [ -178.383388237624786, -84.296426115511778 ], [ -179.006129772251796, -84.310723745318313 ], [ -179.109470728702604, -84.323049964982431 ], [ -179.271824233324679, -84.325596138051324 ], [ -179.366660177048004, -84.331799574966567 ], [ -179.395867417206119, -84.33582120851689 ], [ -179.466793355512124, -84.341297449177929 ], [ -179.514535634217168, -84.3460826049253 ], [ -179.623455702924446, -84.345464370623247 ], [ -179.684039212653516, -84.354326330534349 ], [ -179.755522432964597, -84.357759933525884 ], [ -179.803230163300697, -84.358810455946056 ], [ -179.878552621732894, -84.363775691657963 ], [ -179.995470159399616, -84.356041319950975 ], [ 179.995767282649467, -84.354482085543651 ], [ 179.998061588857524, -84.351345174198329 ], [ 179.987036625430648, -84.347649197882532 ], [ -179.998693612482214, -84.345155829285929 ], [ -179.999805381303958, -84.341439905664984 ], [ 179.998543110546308, -84.339800342459924 ], [ 179.69587656733475, -84.330023208228297 ], [ 179.627233790010393, -84.311898849478467 ], [ 179.783656552232713, -84.284113228918798 ], [ 179.393463994384888, -84.200744901711801 ], [ 176.447711882058911, -83.961399260714558 ], [ 175.337499407881381, -83.943051871996133 ], [ 175.4426237067415, -83.904840059022305 ], [ 174.915683442983322, -83.83115503954879 ], [ 173.473244257841202, -83.882536488997815 ], [ 173.330980061485917, -83.853851084869504 ], [ 173.7383604326549, -83.775672219123024 ], [ 172.756299361223029, -83.658483161619245 ], [ 172.039331669906034, -83.719517724623927 ], [ 171.931590049593154, -83.699747141022186 ], [ 172.079656617546306, -83.673363910035334 ], [ 171.983967423324913, -83.648399373288115 ], [ 172.043417367840959, -83.62368230653469 ], [ 171.253568136652149, -83.549576550139875 ], [ 171.729599029485712, -83.48403409932115 ], [ 171.468325203279619, -83.444762715188858 ], [ 170.801458011639596, -83.421060333442895 ], [ 170.388393309856781, -83.490958528406708 ], [ 170.078185518552345, -83.392635012432805 ], [ 169.359701857099139, -83.338508480782124 ], [ 168.103940321983345, -83.366180664936039 ], [ 167.97338589976809, -83.32907652255399 ], [ 168.881443436768365, -83.156613945659046 ], [ 168.591787212118817, -83.008578987515804 ], [ 168.13704557083085, -82.961714365117942 ], [ 167.590942415722594, -83.057183811480456 ], [ 167.243698744169734, -82.964383983580802 ], [ 167.406946169604055, -82.949489891268939 ], [ 167.1911311641297, -82.901965383195147 ], [ 167.369903395585027, -82.843164494052274 ], [ 167.289394668578922, -82.80599318488197 ], [ 165.353414274660281, -82.591727020071573 ], [ 165.590595128933614, -82.499570103759226 ], [ 165.290020905082883, -82.40516078603342 ], [ 164.482625073924169, -82.37334027400145 ] ] } },
{ "type": "Feature", "properties": { "surface": "grounding line" }, "geometry": { "type": "LineString", "coordinates": [ [ -89.424649863239665, -72.645690362478774 ], [ -89.088055589944446, -72.720923461742998 ], [ -89.151655300486851, -72.741699078390326 ], [ -89.094455644997424, -72.79604155632525 ], [ -89.133698543077614, -72.89122747443308 ], [ -89.048718927682032, -72.943073879056982 ], [ -89.429925359339421, -73.122698334483474 ], [ -90.202936237527751, -73.143838717297669 ], [ -90.529431736698243, -73.286565570156711 ], [ -91.09111773297623, -73.338202539703374 ], [ -91.947185200516756, -73.188041202859182 ], [ -92.79303199181399, -73.144662868546703 ], [ -93.611651400524352, -73.179718026981845 ], [ -93.573567362414551, -73.21542001876729 ], [ -94.15012240107194, -73.31673925066336 ], [ -95.226580462019328, -73.208381509621134 ], [ -95.724985061223208, -73.247833430420272 ], [ -95.886721986356051, -73.335416767036847 ], [ -97.431198918104755, -73.123547272111338 ], [ -97.976549381966251, -73.1842697911231 ], [ -97.717614893427978, -73.030241888355263 ], [ -97.852956296723193, -73.014171974846704 ], [ -99.83582394765908, -72.996403579891023 ], [ -100.312123033416839, -73.075491081126444 ], [ -101.034964440983742, -72.971268680211409 ], [ -101.946482595903873, -73.048954512060703 ], [ -102.00355646463882, -72.984973274195141 ], [ -102.585243520789732, -72.988357861895892 ], [ -102.135021885014183, -72.887926950434988 ], [ -102.190262427567319, -72.807564364451466 ], [ -102.091481855090393, -72.772869910042218 ], [ -102.832490209076653, -72.70847208739724 ] ] } },
{ "type": "Feature", "properties": { "surface": "grounding line" }, "geometry": { "type": "LineString", "coordinates": [ [ 0.997607952716505, -70.057232685624484 ], [ 0.95985835835105, -70.201637267848838 ], [ 1.163596272654058, -70.430847168047151 ], [ 1.465005994522679, -70.148368835240376 ], [ 1.429642915540349, -70.055866884137188 ] ] } },
{ "type": "Feature", "properties": { "surface": "grounding line" }, "geometry": { "type": "LineString", "coordinates": [ [ 7.413877727591834, -70.212852074295157 ], [ 7.464151878689735, -70.369759685258671 ], [ 7.695159683038503, -70.509829349910333 ], [ 6.830916464900482, -70.532386120526468 ], [ 6.769434530200658, -70.597787962859741 ], [ 6.225118898807994, -70.637006527321887 ], [ 5.015385599553484, -70.635552206326921 ], [ 4.239540832740002, -70.78604330700918 ], [ 2.075059090159436, -70.942003930394478 ], [ 0.216443522511672, -71.356354173404924 ], [ -0.684619674423076, -71.858218792414505 ], [ -0.560469521102795, -71.76211897425226 ], [ -0.580643132868179, -71.699702603936998 ], [ -0.744527879839775, -71.639436180372371 ], [ -0.97036770451971, -71.675546917144786 ], [ -0.790838683585864, -71.395320310844099 ], [ -1.042883776076408, -71.271101391122457 ], [ -1.219983858277275, -71.261689802055798 ], [ -1.396327480849027, -71.451770478085521 ], [ -1.976748763823049, -71.399291181947802 ], [ -2.130512756095066, -71.481399645596824 ], [ -2.214774952726689, -71.380503802385718 ], [ -2.490569380167341, -71.367908172583071 ], [ -2.676428639080943, -71.258627163221263 ], [ -2.988882556137915, -71.278836342234797 ], [ -2.988631076698904, -71.350711223921493 ], [ -3.313538268069311, -71.295408323603326 ], [ -3.334231630322711, -71.43785725766557 ], [ -3.433931125055662, -71.389974958703618 ], [ -3.563662726468752, -71.484059401854239 ], [ -3.91133723463789, -71.298338675805809 ] ] } }
]
}
